fallback_mode,threshold,condition,bit_accuracy,message_accuracy,dcss_usage_rate
average,0.12,crop50,0.867222249507904,0.14166666567325592,0.0
average,0.12,crop50_blur,0.8383333086967468,0.03333333507180214,0.0
average,0.12,crop50_jpeg,0.6575000286102295,0.0,0.0
average,0.12,macro_average,0.7876851956049601,,
average,0.1201,crop50,0.867222249507904,0.14166666567325592,0.0
average,0.1201,crop50_blur,0.8383333086967468,0.03333333507180214,0.0
average,0.1201,crop50_jpeg,0.6575000286102295,0.0,0.0
average,0.1201,macro_average,0.7876851956049601,,
average,0.1202,crop50,0.867222249507904,0.14166666567325592,0.0
average,0.1202,crop50_blur,0.8383333086967468,0.03333333507180214,0.0
average,0.1202,crop50_jpeg,0.6575000286102295,0.0,0.0
average,0.1202,macro_average,0.7876851956049601,,
average,0.12029999999999999,crop50,0.867222249507904,0.14166666567325592,0.0
average,0.12029999999999999,crop50_blur,0.8383333086967468,0.03333333507180214,0.0
average,0.12029999999999999,crop50_jpeg,0.6575000286102295,0.0,0.0
average,0.12029999999999999,macro_average,0.7876851956049601,,
average,0.1204,crop50,0.867222249507904,0.14166666567325592,0.0
average,0.1204,crop50_blur,0.8383333086967468,0.03333333507180214,0.0
average,0.1204,crop50_jpeg,0.6575000286102295,0.0,0.0
average,0.1204,macro_average,0.7876851956049601,,
average,0.1205,crop50,0.867222249507904,0.14166666567325592,0.0
average,0.1205,crop50_blur,0.8383333086967468,0.03333333507180214,0.0
average,0.1205,crop50_jpeg,0.6575000286102295,0.0,0.0
average,0.1205,macro_average,0.7876851956049601,,
average,0.1206,crop50,0.867222249507904,0.14166666567325592,0.0
average,0.1206,crop50_blur,0.8383333086967468,0.03333333507180214,0.0
average,0.1206,crop50_jpeg,0.6575000286102295,0.0,0.0
average,0.1206,macro_average,0.7876851956049601,,
average,0.1207,crop50,0.867222249507904,0.14166666567325592,0.0
average,0.1207,crop50_blur,0.8383333086967468,0.03333333507180214,0.0
average,0.1207,crop50_jpeg,0.6575000286102295,0.0,0.0
average,0.1207,macro_average,0.7876851956049601,,
average,0.12079999999999999,crop50,0.867222249507904,0.14166666567325592,0.0
average,0.12079999999999999,crop50_blur,0.8383333086967468,0.03333333507180214,0.0
average,0.12079999999999999,crop50_jpeg,0.6575000286102295,0.0,0.0
average,0.12079999999999999,macro_average,0.7876851956049601,,
average,0.1209,crop50,0.867222249507904,0.14166666567325592,0.0
average,0.1209,crop50_blur,0.8383333086967468,0.03333333507180214,0.0
average,0.1209,crop50_jpeg,0.6575000286102295,0.0,0.0
average,0.1209,macro_average,0.7876851956049601,,
average,0.121,crop50,0.867222249507904,0.14166666567325592,0.0
average,0.121,crop50_blur,0.8383333086967468,0.03333333507180214,0.0
average,0.121,crop50_jpeg,0.6575000286102295,0.0,0.0
average,0.121,macro_average,0.7876851956049601,,
average,0.1211,crop50,0.867222249507904,0.14166666567325592,0.0
average,0.1211,crop50_blur,0.8383333086967468,0.03333333507180214,0.0
average,0.1211,crop50_jpeg,0.6575000286102295,0.0,0.0
average,0.1211,macro_average,0.7876851956049601,,
average,0.1212,crop50,0.867222249507904,0.14166666567325592,0.0
average,0.1212,crop50_blur,0.8383333086967468,0.03333333507180214,0.0
average,0.1212,crop50_jpeg,0.6575000286102295,0.0,0.0
average,0.1212,macro_average,0.7876851956049601,,
average,0.12129999999999999,crop50,0.867222249507904,0.14166666567325592,0.0
average,0.12129999999999999,crop50_blur,0.8383333086967468,0.03333333507180214,0.0
average,0.12129999999999999,crop50_jpeg,0.6575000286102295,0.0,0.0
average,0.12129999999999999,macro_average,0.7876851956049601,,
average,0.1214,crop50,0.867222249507904,0.14166666567325592,0.0
average,0.1214,crop50_blur,0.8383333086967468,0.03333333507180214,0.0
average,0.1214,crop50_jpeg,0.6575000286102295,0.0,0.0
average,0.1214,macro_average,0.7876851956049601,,
average,0.1215,crop50,0.867222249507904,0.14166666567325592,0.0
average,0.1215,crop50_blur,0.8383333086967468,0.03333333507180214,0.0
average,0.1215,crop50_jpeg,0.6575000286102295,0.0,0.0
average,0.1215,macro_average,0.7876851956049601,,
average,0.1216,crop50,0.867222249507904,0.14166666567325592,0.0
average,0.1216,crop50_blur,0.8383333086967468,0.03333333507180214,0.0
average,0.1216,crop50_jpeg,0.6575000286102295,0.0,0.0
average,0.1216,macro_average,0.7876851956049601,,
average,0.1217,crop50,0.867222249507904,0.14166666567325592,0.0
average,0.1217,crop50_blur,0.8383333086967468,0.03333333507180214,0.0
average,0.1217,crop50_jpeg,0.6575000286102295,0.0,0.0
average,0.1217,macro_average,0.7876851956049601,,
average,0.12179999999999999,crop50,0.867222249507904,0.14166666567325592,0.0
average,0.12179999999999999,crop50_blur,0.8383333086967468,0.03333333507180214,0.0
average,0.12179999999999999,crop50_jpeg,0.6575000286102295,0.0,0.0
average,0.12179999999999999,macro_average,0.7876851956049601,,
average,0.1219,crop50,0.867222249507904,0.14166666567325592,0.0
average,0.1219,crop50_blur,0.8383333086967468,0.03333333507180214,0.0
average,0.1219,crop50_jpeg,0.6575000286102295,0.0,0.0
average,0.1219,macro_average,0.7876851956049601,,
average,0.122,crop50,0.867222249507904,0.14166666567325592,0.0
average,0.122,crop50_blur,0.8383333086967468,0.03333333507180214,0.0
average,0.122,crop50_jpeg,0.6575000286102295,0.0,0.0
average,0.122,macro_average,0.7876851956049601,,
average,0.1221,crop50,0.867222249507904,0.14166666567325592,0.0
average,0.1221,crop50_blur,0.8383333086967468,0.03333333507180214,0.0
average,0.1221,crop50_jpeg,0.6575000286102295,0.0,0.0
average,0.1221,macro_average,0.7876851956049601,,
average,0.12219999999999999,crop50,0.867222249507904,0.14166666567325592,0.0
average,0.12219999999999999,crop50_blur,0.8383333086967468,0.03333333507180214,0.0
average,0.12219999999999999,crop50_jpeg,0.6575000286102295,0.0,0.0
average,0.12219999999999999,macro_average,0.7876851956049601,,
average,0.12229999999999999,crop50,0.867222249507904,0.14166666567325592,0.0
average,0.12229999999999999,crop50_blur,0.8383333086967468,0.03333333507180214,0.0
average,0.12229999999999999,crop50_jpeg,0.6575000286102295,0.0,0.0
average,0.12229999999999999,macro_average,0.7876851956049601,,
average,0.1224,crop50,0.867222249507904,0.14166666567325592,0.0
average,0.1224,crop50_blur,0.8383333086967468,0.03333333507180214,0.0
average,0.1224,crop50_jpeg,0.6575000286102295,0.0,0.0
average,0.1224,macro_average,0.7876851956049601,,
average,0.1225,crop50,0.867222249507904,0.14166666567325592,0.0
average,0.1225,crop50_blur,0.8383333086967468,0.03333333507180214,0.0
average,0.1225,crop50_jpeg,0.6575000286102295,0.0,0.0
average,0.1225,macro_average,0.7876851956049601,,
average,0.1226,crop50,0.867222249507904,0.14166666567325592,0.0
average,0.1226,crop50_blur,0.8383333086967468,0.03333333507180214,0.0
average,0.1226,crop50_jpeg,0.6575000286102295,0.0,0.0
average,0.1226,macro_average,0.7876851956049601,,
average,0.12269999999999999,crop50,0.867222249507904,0.14166666567325592,0.0
average,0.12269999999999999,crop50_blur,0.8383333086967468,0.03333333507180214,0.0
average,0.12269999999999999,crop50_jpeg,0.6575000286102295,0.0,0.0
average,0.12269999999999999,macro_average,0.7876851956049601,,
average,0.12279999999999999,crop50,0.867222249507904,0.14166666567325592,0.0
average,0.12279999999999999,crop50_blur,0.8383333086967468,0.03333333507180214,0.0
average,0.12279999999999999,crop50_jpeg,0.6575000286102295,0.0,0.0
average,0.12279999999999999,macro_average,0.7876851956049601,,
average,0.1229,crop50,0.867222249507904,0.14166666567325592,0.0
average,0.1229,crop50_blur,0.8383333086967468,0.03333333507180214,0.0
average,0.1229,crop50_jpeg,0.6575000286102295,0.0,0.0
average,0.1229,macro_average,0.7876851956049601,,
average,0.123,crop50,0.867222249507904,0.14166666567325592,0.0
average,0.123,crop50_blur,0.8383333086967468,0.03333333507180214,0.0
average,0.123,crop50_jpeg,0.6575000286102295,0.0,0.0
average,0.123,macro_average,0.7876851956049601,,
average,0.1231,crop50,0.867222249507904,0.14166666567325592,0.0
average,0.1231,crop50_blur,0.8383333086967468,0.03333333507180214,0.0
average,0.1231,crop50_jpeg,0.6575000286102295,0.0,0.0
average,0.1231,macro_average,0.7876851956049601,,
average,0.12319999999999999,crop50,0.867222249507904,0.14166666567325592,0.0
average,0.12319999999999999,crop50_blur,0.8383333086967468,0.03333333507180214,0.0
average,0.12319999999999999,crop50_jpeg,0.6575000286102295,0.0,0.0
average,0.12319999999999999,macro_average,0.7876851956049601,,
average,0.12329999999999999,crop50,0.867222249507904,0.14166666567325592,0.0
average,0.12329999999999999,crop50_blur,0.8383333086967468,0.03333333507180214,0.0
average,0.12329999999999999,crop50_jpeg,0.6575000286102295,0.0,0.0
average,0.12329999999999999,macro_average,0.7876851956049601,,
average,0.1234,crop50,0.867222249507904,0.14166666567325592,0.0
average,0.1234,crop50_blur,0.8383333086967468,0.03333333507180214,0.0
average,0.1234,crop50_jpeg,0.6575000286102295,0.0,0.0
average,0.1234,macro_average,0.7876851956049601,,
average,0.1235,crop50,0.867222249507904,0.14166666567325592,0.0
average,0.1235,crop50_blur,0.8383333086967468,0.03333333507180214,0.0
average,0.1235,crop50_jpeg,0.6575000286102295,0.0,0.0
average,0.1235,macro_average,0.7876851956049601,,
average,0.1236,crop50,0.867222249507904,0.14166666567325592,0.0
average,0.1236,crop50_blur,0.8383333086967468,0.03333333507180214,0.0
average,0.1236,crop50_jpeg,0.6575000286102295,0.0,0.0
average,0.1236,macro_average,0.7876851956049601,,
average,0.12369999999999999,crop50,0.867222249507904,0.14166666567325592,0.0
average,0.12369999999999999,crop50_blur,0.8383333086967468,0.03333333507180214,0.0
average,0.12369999999999999,crop50_jpeg,0.6575000286102295,0.0,0.0
average,0.12369999999999999,macro_average,0.7876851956049601,,
average,0.1238,crop50,0.867222249507904,0.14166666567325592,0.0
average,0.1238,crop50_blur,0.8383333086967468,0.03333333507180214,0.0
average,0.1238,crop50_jpeg,0.6575000286102295,0.0,0.0
average,0.1238,macro_average,0.7876851956049601,,
average,0.1239,crop50,0.867222249507904,0.14166666567325592,0.0
average,0.1239,crop50_blur,0.8383333086967468,0.03333333507180214,0.0
average,0.1239,crop50_jpeg,0.6575000286102295,0.0,0.0
average,0.1239,macro_average,0.7876851956049601,,
average,0.124,crop50,0.867222249507904,0.14166666567325592,0.0
average,0.124,crop50_blur,0.8383333086967468,0.03333333507180214,0.0
average,0.124,crop50_jpeg,0.6575000286102295,0.0,0.0
average,0.124,macro_average,0.7876851956049601,,
average,0.1241,crop50,0.867222249507904,0.14166666567325592,0.0
average,0.1241,crop50_blur,0.8383333086967468,0.03333333507180214,0.0
average,0.1241,crop50_jpeg,0.6575000286102295,0.0,0.0
average,0.1241,macro_average,0.7876851956049601,,
average,0.12419999999999999,crop50,0.867222249507904,0.14166666567325592,0.0
average,0.12419999999999999,crop50_blur,0.8383333086967468,0.03333333507180214,0.0
average,0.12419999999999999,crop50_jpeg,0.6575000286102295,0.0,0.0
average,0.12419999999999999,macro_average,0.7876851956049601,,
average,0.1243,crop50,0.867222249507904,0.14166666567325592,0.0
average,0.1243,crop50_blur,0.8383333086967468,0.03333333507180214,0.0
average,0.1243,crop50_jpeg,0.6575000286102295,0.0,0.0
average,0.1243,macro_average,0.7876851956049601,,
average,0.1244,crop50,0.867222249507904,0.14166666567325592,0.0
average,0.1244,crop50_blur,0.8383333086967468,0.03333333507180214,0.0
average,0.1244,crop50_jpeg,0.6575000286102295,0.0,0.0
average,0.1244,macro_average,0.7876851956049601,,
average,0.1245,crop50,0.867222249507904,0.14166666567325592,0.0
average,0.1245,crop50_blur,0.8383333086967468,0.03333333507180214,0.0
average,0.1245,crop50_jpeg,0.6575000286102295,0.0,0.0
average,0.1245,macro_average,0.7876851956049601,,
average,0.12459999999999999,crop50,0.867222249507904,0.14166666567325592,0.0
average,0.12459999999999999,crop50_blur,0.8383333086967468,0.03333333507180214,0.0
average,0.12459999999999999,crop50_jpeg,0.6575000286102295,0.0,0.0
average,0.12459999999999999,macro_average,0.7876851956049601,,
average,0.12469999999999999,crop50,0.867222249507904,0.14166666567325592,0.0
average,0.12469999999999999,crop50_blur,0.8383333086967468,0.03333333507180214,0.0
average,0.12469999999999999,crop50_jpeg,0.6575000286102295,0.0,0.0
average,0.12469999999999999,macro_average,0.7876851956049601,,
average,0.1248,crop50,0.867222249507904,0.14166666567325592,0.0
average,0.1248,crop50_blur,0.8383333086967468,0.03333333507180214,0.0
average,0.1248,crop50_jpeg,0.6575000286102295,0.0,0.0
average,0.1248,macro_average,0.7876851956049601,,
average,0.1249,crop50,0.867222249507904,0.14166666567325592,0.0
average,0.1249,crop50_blur,0.8383333086967468,0.03333333507180214,0.0
average,0.1249,crop50_jpeg,0.6575000286102295,0.0,0.0
average,0.1249,macro_average,0.7876851956049601,,
average,0.125,crop50,0.867222249507904,0.14166666567325592,0.0
average,0.125,crop50_blur,0.8383333086967468,0.03333333507180214,0.0
average,0.125,crop50_jpeg,0.6575000286102295,0.0,0.0
average,0.125,macro_average,0.7876851956049601,,
average,0.1251,crop50,0.867222249507904,0.14166666567325592,0.0
average,0.1251,crop50_blur,0.8383333086967468,0.03333333507180214,0.0
average,0.1251,crop50_jpeg,0.6575000286102295,0.0,0.0
average,0.1251,macro_average,0.7876851956049601,,
average,0.1252,crop50,0.867222249507904,0.14166666567325592,0.0
average,0.1252,crop50_blur,0.8383333086967468,0.03333333507180214,0.0
average,0.1252,crop50_jpeg,0.6575000286102295,0.0,0.0
average,0.1252,macro_average,0.7876851956049601,,
average,0.1253,crop50,0.867222249507904,0.14166666567325592,0.0
average,0.1253,crop50_blur,0.8383333086967468,0.03333333507180214,0.0
average,0.1253,crop50_jpeg,0.6575000286102295,0.0,0.0
average,0.1253,macro_average,0.7876851956049601,,
average,0.12539999999999998,crop50,0.867222249507904,0.14166666567325592,0.0
average,0.12539999999999998,crop50_blur,0.8383333086967468,0.03333333507180214,0.0
average,0.12539999999999998,crop50_jpeg,0.6575000286102295,0.0,0.0
average,0.12539999999999998,macro_average,0.7876851956049601,,
average,0.1255,crop50,0.867222249507904,0.14166666567325592,0.0
average,0.1255,crop50_blur,0.8383333086967468,0.03333333507180214,0.0
average,0.1255,crop50_jpeg,0.6575000286102295,0.0,0.0
average,0.1255,macro_average,0.7876851956049601,,
average,0.1256,crop50,0.867222249507904,0.14166666567325592,0.0
average,0.1256,crop50_blur,0.8383333086967468,0.03333333507180214,0.0
average,0.1256,crop50_jpeg,0.6575000286102295,0.0,0.0
average,0.1256,macro_average,0.7876851956049601,,
average,0.1257,crop50,0.867222249507904,0.14166666567325592,0.0
average,0.1257,crop50_blur,0.8383333086967468,0.03333333507180214,0.0
average,0.1257,crop50_jpeg,0.6575000286102295,0.0,0.0
average,0.1257,macro_average,0.7876851956049601,,
average,0.1258,crop50,0.867222249507904,0.14166666567325592,0.0
average,0.1258,crop50_blur,0.8383333086967468,0.03333333507180214,0.0
average,0.1258,crop50_jpeg,0.6575000286102295,0.0,0.0
average,0.1258,macro_average,0.7876851956049601,,
average,0.12589999999999998,crop50,0.867222249507904,0.14166666567325592,0.0
average,0.12589999999999998,crop50_blur,0.8383333086967468,0.03333333507180214,0.0
average,0.12589999999999998,crop50_jpeg,0.6575000286102295,0.0,0.0
average,0.12589999999999998,macro_average,0.7876851956049601,,
average,0.126,crop50,0.867222249507904,0.14166666567325592,0.0
average,0.126,crop50_blur,0.8383333086967468,0.03333333507180214,0.0
average,0.126,crop50_jpeg,0.6575000286102295,0.0,0.0
average,0.126,macro_average,0.7876851956049601,,
average,0.1261,crop50,0.867222249507904,0.14166666567325592,0.0
average,0.1261,crop50_blur,0.8383333086967468,0.03333333507180214,0.0
average,0.1261,crop50_jpeg,0.6575000286102295,0.0,0.0
average,0.1261,macro_average,0.7876851956049601,,
average,0.1262,crop50,0.867222249507904,0.14166666567325592,0.0
average,0.1262,crop50_blur,0.8383333086967468,0.03333333507180214,0.0
average,0.1262,crop50_jpeg,0.6575000286102295,0.0,0.0
average,0.1262,macro_average,0.7876851956049601,,
average,0.1263,crop50,0.867222249507904,0.14166666567325592,0.0
average,0.1263,crop50_blur,0.8383333086967468,0.03333333507180214,0.0
average,0.1263,crop50_jpeg,0.6575000286102295,0.0,0.0
average,0.1263,macro_average,0.7876851956049601,,
average,0.12639999999999998,crop50,0.867222249507904,0.14166666567325592,0.0
average,0.12639999999999998,crop50_blur,0.8383333086967468,0.03333333507180214,0.0
average,0.12639999999999998,crop50_jpeg,0.6575000286102295,0.0,0.0
average,0.12639999999999998,macro_average,0.7876851956049601,,
average,0.1265,crop50,0.867222249507904,0.14166666567325592,0.0
average,0.1265,crop50_blur,0.8383333086967468,0.03333333507180214,0.0
average,0.1265,crop50_jpeg,0.6575000286102295,0.0,0.0
average,0.1265,macro_average,0.7876851956049601,,
average,0.1266,crop50,0.867222249507904,0.14166666567325592,0.0
average,0.1266,crop50_blur,0.8383333086967468,0.03333333507180214,0.0
average,0.1266,crop50_jpeg,0.6575000286102295,0.0,0.0
average,0.1266,macro_average,0.7876851956049601,,
average,0.1267,crop50,0.867222249507904,0.14166666567325592,0.0
average,0.1267,crop50_blur,0.8383333086967468,0.03333333507180214,0.0
average,0.1267,crop50_jpeg,0.6575000286102295,0.0,0.0
average,0.1267,macro_average,0.7876851956049601,,
average,0.1268,crop50,0.867222249507904,0.14166666567325592,0.0
average,0.1268,crop50_blur,0.8383333086967468,0.03333333507180214,0.0
average,0.1268,crop50_jpeg,0.6575000286102295,0.0,0.0
average,0.1268,macro_average,0.7876851956049601,,
average,0.12689999999999999,crop50,0.867222249507904,0.14166666567325592,0.0
average,0.12689999999999999,crop50_blur,0.8383333086967468,0.03333333507180214,0.0
average,0.12689999999999999,crop50_jpeg,0.6575000286102295,0.0,0.0
average,0.12689999999999999,macro_average,0.7876851956049601,,
average,0.127,crop50,0.867222249507904,0.14166666567325592,0.0
average,0.127,crop50_blur,0.8383333086967468,0.03333333507180214,0.0
average,0.127,crop50_jpeg,0.6575000286102295,0.0,0.0
average,0.127,macro_average,0.7876851956049601,,
average,0.1271,crop50,0.867222249507904,0.14166666567325592,0.0
average,0.1271,crop50_blur,0.8383333086967468,0.03333333507180214,0.0
average,0.1271,crop50_jpeg,0.6575000286102295,0.0,0.0
average,0.1271,macro_average,0.7876851956049601,,
average,0.1272,crop50,0.867222249507904,0.14166666567325592,0.0
average,0.1272,crop50_blur,0.8383333086967468,0.03333333507180214,0.0
average,0.1272,crop50_jpeg,0.6575000286102295,0.0,0.0
average,0.1272,macro_average,0.7876851956049601,,
average,0.1273,crop50,0.867222249507904,0.14166666567325592,0.0
average,0.1273,crop50_blur,0.8383333086967468,0.03333333507180214,0.0
average,0.1273,crop50_jpeg,0.6575000286102295,0.0,0.0
average,0.1273,macro_average,0.7876851956049601,,
average,0.12739999999999999,crop50,0.867222249507904,0.14166666567325592,0.0
average,0.12739999999999999,crop50_blur,0.8383333086967468,0.03333333507180214,0.0
average,0.12739999999999999,crop50_jpeg,0.6575000286102295,0.0,0.0
average,0.12739999999999999,macro_average,0.7876851956049601,,
average,0.1275,crop50,0.867222249507904,0.14166666567325592,0.0
average,0.1275,crop50_blur,0.8383333086967468,0.03333333507180214,0.0
average,0.1275,crop50_jpeg,0.6575000286102295,0.0,0.0
average,0.1275,macro_average,0.7876851956049601,,
average,0.1276,crop50,0.867222249507904,0.14166666567325592,0.0
average,0.1276,crop50_blur,0.8383333086967468,0.03333333507180214,0.0
average,0.1276,crop50_jpeg,0.6575000286102295,0.0,0.0
average,0.1276,macro_average,0.7876851956049601,,
average,0.1277,crop50,0.867222249507904,0.14166666567325592,0.0
average,0.1277,crop50_blur,0.8383333086967468,0.03333333507180214,0.0
average,0.1277,crop50_jpeg,0.6575000286102295,0.0,0.0
average,0.1277,macro_average,0.7876851956049601,,
average,0.1278,crop50,0.867222249507904,0.14166666567325592,0.0
average,0.1278,crop50_blur,0.8383333086967468,0.03333333507180214,0.0
average,0.1278,crop50_jpeg,0.6575000286102295,0.0,0.0
average,0.1278,macro_average,0.7876851956049601,,
average,0.12789999999999999,crop50,0.867222249507904,0.14166666567325592,0.0
average,0.12789999999999999,crop50_blur,0.8383333086967468,0.03333333507180214,0.0
average,0.12789999999999999,crop50_jpeg,0.6575000286102295,0.0,0.0
average,0.12789999999999999,macro_average,0.7876851956049601,,
average,0.128,crop50,0.867222249507904,0.14166666567325592,0.0
average,0.128,crop50_blur,0.8383333086967468,0.03333333507180214,0.0
average,0.128,crop50_jpeg,0.6575000286102295,0.0,0.0
average,0.128,macro_average,0.7876851956049601,,
average,0.1281,crop50,0.867222249507904,0.14166666567325592,0.0
average,0.1281,crop50_blur,0.8383333086967468,0.03333333507180214,0.0
average,0.1281,crop50_jpeg,0.6575000286102295,0.0,0.0
average,0.1281,macro_average,0.7876851956049601,,
average,0.1282,crop50,0.867222249507904,0.14166666567325592,0.0
average,0.1282,crop50_blur,0.8383333086967468,0.03333333507180214,0.0
average,0.1282,crop50_jpeg,0.6575000286102295,0.0,0.0
average,0.1282,macro_average,0.7876851956049601,,
average,0.1283,crop50,0.867222249507904,0.14166666567325592,0.0
average,0.1283,crop50_blur,0.8383333086967468,0.03333333507180214,0.0
average,0.1283,crop50_jpeg,0.6575000286102295,0.0,0.0
average,0.1283,macro_average,0.7876851956049601,,
average,0.1284,crop50,0.867222249507904,0.14166666567325592,0.0
average,0.1284,crop50_blur,0.8383333086967468,0.03333333507180214,0.0
average,0.1284,crop50_jpeg,0.6575000286102295,0.0,0.0
average,0.1284,macro_average,0.7876851956049601,,
average,0.1285,crop50,0.8677777647972107,0.15000000596046448,0.008333333767950535
average,0.1285,crop50_blur,0.8383333086967468,0.03333333507180214,0.0
average,0.1285,crop50_jpeg,0.6575000286102295,0.0,0.0
average,0.1285,macro_average,0.7878703673680624,,
average,0.1286,crop50,0.8677777647972107,0.15000000596046448,0.008333333767950535
average,0.1286,crop50_blur,0.8383333086967468,0.03333333507180214,0.0
average,0.1286,crop50_jpeg,0.6575000286102295,0.0,0.0
average,0.1286,macro_average,0.7878703673680624,,
average,0.1287,crop50,0.8677777647972107,0.15000000596046448,0.008333333767950535
average,0.1287,crop50_blur,0.8383333086967468,0.03333333507180214,0.0
average,0.1287,crop50_jpeg,0.6575000286102295,0.0,0.0
average,0.1287,macro_average,0.7878703673680624,,
average,0.1288,crop50,0.8677777647972107,0.15000000596046448,0.008333333767950535
average,0.1288,crop50_blur,0.8383333086967468,0.03333333507180214,0.0
average,0.1288,crop50_jpeg,0.6575000286102295,0.0,0.0
average,0.1288,macro_average,0.7878703673680624,,
average,0.1289,crop50,0.8677777647972107,0.15000000596046448,0.008333333767950535
average,0.1289,crop50_blur,0.8383333086967468,0.03333333507180214,0.0
average,0.1289,crop50_jpeg,0.6575000286102295,0.0,0.0
average,0.1289,macro_average,0.7878703673680624,,
average,0.129,crop50,0.8677777647972107,0.15000000596046448,0.008333333767950535
average,0.129,crop50_blur,0.8383333086967468,0.03333333507180214,0.0
average,0.129,crop50_jpeg,0.6575000286102295,0.0,0.0
average,0.129,macro_average,0.7878703673680624,,
average,0.1291,crop50,0.8677777647972107,0.15000000596046448,0.008333333767950535
average,0.1291,crop50_blur,0.8383333086967468,0.03333333507180214,0.0
average,0.1291,crop50_jpeg,0.6575000286102295,0.0,0.0
average,0.1291,macro_average,0.7878703673680624,,
average,0.12919999999999998,crop50,0.8677777647972107,0.15000000596046448,0.008333333767950535
average,0.12919999999999998,crop50_blur,0.8383333086967468,0.03333333507180214,0.0
average,0.12919999999999998,crop50_jpeg,0.6575000286102295,0.0,0.0
average,0.12919999999999998,macro_average,0.7878703673680624,,
average,0.1293,crop50,0.8677777647972107,0.15000000596046448,0.008333333767950535
average,0.1293,crop50_blur,0.8383333086967468,0.03333333507180214,0.0
average,0.1293,crop50_jpeg,0.6575000286102295,0.0,0.0
average,0.1293,macro_average,0.7878703673680624,,
average,0.1294,crop50,0.8677777647972107,0.15000000596046448,0.008333333767950535
average,0.1294,crop50_blur,0.8383333086967468,0.03333333507180214,0.0
average,0.1294,crop50_jpeg,0.6575000286102295,0.0,0.0
average,0.1294,macro_average,0.7878703673680624,,
average,0.1295,crop50,0.8677777647972107,0.15000000596046448,0.008333333767950535
average,0.1295,crop50_blur,0.8383333086967468,0.03333333507180214,0.0
average,0.1295,crop50_jpeg,0.6575000286102295,0.0,0.0
average,0.1295,macro_average,0.7878703673680624,,
average,0.1296,crop50,0.8677777647972107,0.15000000596046448,0.008333333767950535
average,0.1296,crop50_blur,0.8383333086967468,0.03333333507180214,0.0
average,0.1296,crop50_jpeg,0.6575000286102295,0.0,0.0
average,0.1296,macro_average,0.7878703673680624,,
average,0.12969999999999998,crop50,0.8677777647972107,0.15000000596046448,0.008333333767950535
average,0.12969999999999998,crop50_blur,0.8383333086967468,0.03333333507180214,0.0
average,0.12969999999999998,crop50_jpeg,0.6575000286102295,0.0,0.0
average,0.12969999999999998,macro_average,0.7878703673680624,,
average,0.1298,crop50,0.8677777647972107,0.15000000596046448,0.008333333767950535
average,0.1298,crop50_blur,0.8383333086967468,0.03333333507180214,0.0
average,0.1298,crop50_jpeg,0.6575000286102295,0.0,0.0
average,0.1298,macro_average,0.7878703673680624,,
average,0.1299,crop50,0.8677777647972107,0.15000000596046448,0.008333333767950535
average,0.1299,crop50_blur,0.8383333086967468,0.03333333507180214,0.0
average,0.1299,crop50_jpeg,0.6575000286102295,0.0,0.0
average,0.1299,macro_average,0.7878703673680624,,
average,0.13,crop50,0.8677777647972107,0.15000000596046448,0.008333333767950535
average,0.13,crop50_blur,0.8383333086967468,0.03333333507180214,0.0
average,0.13,crop50_jpeg,0.6575000286102295,0.0,0.0
average,0.13,macro_average,0.7878703673680624,,
average,0.1301,crop50,0.8677777647972107,0.15000000596046448,0.008333333767950535
average,0.1301,crop50_blur,0.8383333086967468,0.03333333507180214,0.0
average,0.1301,crop50_jpeg,0.6575000286102295,0.0,0.0
average,0.1301,macro_average,0.7878703673680624,,
average,0.13019999999999998,crop50,0.8711110949516296,0.15833333134651184,0.01666666753590107
average,0.13019999999999998,crop50_blur,0.8383333086967468,0.03333333507180214,0.0
average,0.13019999999999998,crop50_jpeg,0.6575000286102295,0.0,0.0
average,0.13019999999999998,macro_average,0.7889814774195353,,
average,0.1303,crop50,0.8711110949516296,0.15833333134651184,0.01666666753590107
average,0.1303,crop50_blur,0.8383333086967468,0.03333333507180214,0.0
average,0.1303,crop50_jpeg,0.6575000286102295,0.0,0.0
average,0.1303,macro_average,0.7889814774195353,,
average,0.1304,crop50,0.8711110949516296,0.15833333134651184,0.01666666753590107
average,0.1304,crop50_blur,0.8383333086967468,0.03333333507180214,0.0
average,0.1304,crop50_jpeg,0.6575000286102295,0.0,0.0
average,0.1304,macro_average,0.7889814774195353,,
average,0.1305,crop50,0.8711110949516296,0.15833333134651184,0.01666666753590107
average,0.1305,crop50_blur,0.8383333086967468,0.03333333507180214,0.0
average,0.1305,crop50_jpeg,0.6575000286102295,0.0,0.0
average,0.1305,macro_average,0.7889814774195353,,
average,0.1306,crop50,0.8711110949516296,0.15833333134651184,0.01666666753590107
average,0.1306,crop50_blur,0.8383333086967468,0.03333333507180214,0.0
average,0.1306,crop50_jpeg,0.6575000286102295,0.0,0.0
average,0.1306,macro_average,0.7889814774195353,,
average,0.13069999999999998,crop50,0.8711110949516296,0.15833333134651184,0.01666666753590107
average,0.13069999999999998,crop50_blur,0.8383333086967468,0.03333333507180214,0.0
average,0.13069999999999998,crop50_jpeg,0.6575000286102295,0.0,0.0
average,0.13069999999999998,macro_average,0.7889814774195353,,
average,0.1308,crop50,0.8711110949516296,0.15833333134651184,0.01666666753590107
average,0.1308,crop50_blur,0.8383333086967468,0.03333333507180214,0.0
average,0.1308,crop50_jpeg,0.6575000286102295,0.0,0.0
average,0.1308,macro_average,0.7889814774195353,,
average,0.1309,crop50,0.8711110949516296,0.15833333134651184,0.01666666753590107
average,0.1309,crop50_blur,0.8383333086967468,0.03333333507180214,0.0
average,0.1309,crop50_jpeg,0.6575000286102295,0.0,0.0
average,0.1309,macro_average,0.7889814774195353,,
average,0.131,crop50,0.8711110949516296,0.15833333134651184,0.01666666753590107
average,0.131,crop50_blur,0.8383333086967468,0.03333333507180214,0.0
average,0.131,crop50_jpeg,0.6575000286102295,0.0,0.0
average,0.131,macro_average,0.7889814774195353,,
average,0.1311,crop50,0.8711110949516296,0.15833333134651184,0.01666666753590107
average,0.1311,crop50_blur,0.8383333086967468,0.03333333507180214,0.0
average,0.1311,crop50_jpeg,0.6575000286102295,0.0,0.0
average,0.1311,macro_average,0.7889814774195353,,
average,0.13119999999999998,crop50,0.8711110949516296,0.15833333134651184,0.01666666753590107
average,0.13119999999999998,crop50_blur,0.8383333086967468,0.03333333507180214,0.0
average,0.13119999999999998,crop50_jpeg,0.6575000286102295,0.0,0.0
average,0.13119999999999998,macro_average,0.7889814774195353,,
average,0.1313,crop50,0.8711110949516296,0.15833333134651184,0.01666666753590107
average,0.1313,crop50_blur,0.8383333086967468,0.03333333507180214,0.0
average,0.1313,crop50_jpeg,0.6575000286102295,0.0,0.0
average,0.1313,macro_average,0.7889814774195353,,
average,0.1314,crop50,0.8711110949516296,0.15833333134651184,0.01666666753590107
average,0.1314,crop50_blur,0.8383333086967468,0.03333333507180214,0.0
average,0.1314,crop50_jpeg,0.6575000286102295,0.0,0.0
average,0.1314,macro_average,0.7889814774195353,,
average,0.1315,crop50,0.8711110949516296,0.15833333134651184,0.01666666753590107
average,0.1315,crop50_blur,0.8383333086967468,0.03333333507180214,0.0
average,0.1315,crop50_jpeg,0.6575000286102295,0.0,0.0
average,0.1315,macro_average,0.7889814774195353,,
average,0.1316,crop50,0.8711110949516296,0.15833333134651184,0.01666666753590107
average,0.1316,crop50_blur,0.8383333086967468,0.03333333507180214,0.0
average,0.1316,crop50_jpeg,0.6575000286102295,0.0,0.0
average,0.1316,macro_average,0.7889814774195353,,
average,0.13169999999999998,crop50,0.8711110949516296,0.15833333134651184,0.02500000037252903
average,0.13169999999999998,crop50_blur,0.8383333086967468,0.03333333507180214,0.0
average,0.13169999999999998,crop50_jpeg,0.6575000286102295,0.0,0.0
average,0.13169999999999998,macro_average,0.7889814774195353,,
average,0.1318,crop50,0.8711110949516296,0.15833333134651184,0.02500000037252903
average,0.1318,crop50_blur,0.8383333086967468,0.03333333507180214,0.0
average,0.1318,crop50_jpeg,0.6575000286102295,0.0,0.0
average,0.1318,macro_average,0.7889814774195353,,
average,0.1319,crop50,0.8711110949516296,0.15833333134651184,0.02500000037252903
average,0.1319,crop50_blur,0.8383333086967468,0.03333333507180214,0.0
average,0.1319,crop50_jpeg,0.6575000286102295,0.0,0.0
average,0.1319,macro_average,0.7889814774195353,,
average,0.132,crop50,0.8711110949516296,0.15833333134651184,0.02500000037252903
average,0.132,crop50_blur,0.8383333086967468,0.03333333507180214,0.0
average,0.132,crop50_jpeg,0.6575000286102295,0.0,0.0
average,0.132,macro_average,0.7889814774195353,,
average,0.1321,crop50,0.8711110949516296,0.15833333134651184,0.02500000037252903
average,0.1321,crop50_blur,0.8383333086967468,0.03333333507180214,0.0
average,0.1321,crop50_jpeg,0.6575000286102295,0.0,0.0
average,0.1321,macro_average,0.7889814774195353,,
average,0.13219999999999998,crop50,0.8711110949516296,0.15833333134651184,0.02500000037252903
average,0.13219999999999998,crop50_blur,0.8383333086967468,0.03333333507180214,0.0
average,0.13219999999999998,crop50_jpeg,0.6575000286102295,0.0,0.0
average,0.13219999999999998,macro_average,0.7889814774195353,,
average,0.1323,crop50,0.8711110949516296,0.15833333134651184,0.02500000037252903
average,0.1323,crop50_blur,0.8383333086967468,0.03333333507180214,0.0
average,0.1323,crop50_jpeg,0.6575000286102295,0.0,0.0
average,0.1323,macro_average,0.7889814774195353,,
average,0.1324,crop50,0.8711110949516296,0.15833333134651184,0.02500000037252903
average,0.1324,crop50_blur,0.8383333086967468,0.03333333507180214,0.0
average,0.1324,crop50_jpeg,0.6575000286102295,0.0,0.0
average,0.1324,macro_average,0.7889814774195353,,
average,0.1325,crop50,0.8711110949516296,0.15833333134651184,0.02500000037252903
average,0.1325,crop50_blur,0.8383333086967468,0.03333333507180214,0.0
average,0.1325,crop50_jpeg,0.6575000286102295,0.0,0.0
average,0.1325,macro_average,0.7889814774195353,,
average,0.1326,crop50,0.8711110949516296,0.15833333134651184,0.02500000037252903
average,0.1326,crop50_blur,0.8383333086967468,0.03333333507180214,0.0
average,0.1326,crop50_jpeg,0.6575000286102295,0.0,0.0
average,0.1326,macro_average,0.7889814774195353,,
average,0.13269999999999998,crop50,0.8711110949516296,0.15833333134651184,0.02500000037252903
average,0.13269999999999998,crop50_blur,0.8383333086967468,0.03333333507180214,0.0
average,0.13269999999999998,crop50_jpeg,0.6575000286102295,0.0,0.0
average,0.13269999999999998,macro_average,0.7889814774195353,,
average,0.1328,crop50,0.8711110949516296,0.15833333134651184,0.02500000037252903
average,0.1328,crop50_blur,0.8383333086967468,0.03333333507180214,0.0
average,0.1328,crop50_jpeg,0.6575000286102295,0.0,0.0
average,0.1328,macro_average,0.7889814774195353,,
average,0.1329,crop50,0.8711110949516296,0.15833333134651184,0.02500000037252903
average,0.1329,crop50_blur,0.8383333086967468,0.03333333507180214,0.0
average,0.1329,crop50_jpeg,0.6575000286102295,0.0,0.0
average,0.1329,macro_average,0.7889814774195353,,
average,0.133,crop50,0.8711110949516296,0.15833333134651184,0.02500000037252903
average,0.133,crop50_blur,0.8383333086967468,0.03333333507180214,0.0
average,0.133,crop50_jpeg,0.6575000286102295,0.0,0.0
average,0.133,macro_average,0.7889814774195353,,
average,0.1331,crop50,0.8711110949516296,0.15833333134651184,0.02500000037252903
average,0.1331,crop50_blur,0.8383333086967468,0.03333333507180214,0.0
average,0.1331,crop50_jpeg,0.6575000286102295,0.0,0.0
average,0.1331,macro_average,0.7889814774195353,,
average,0.13319999999999999,crop50,0.8711110949516296,0.15833333134651184,0.02500000037252903
average,0.13319999999999999,crop50_blur,0.8383333086967468,0.03333333507180214,0.0
average,0.13319999999999999,crop50_jpeg,0.6575000286102295,0.0,0.0
average,0.13319999999999999,macro_average,0.7889814774195353,,
average,0.1333,crop50,0.8711110949516296,0.15833333134651184,0.02500000037252903
average,0.1333,crop50_blur,0.8383333086967468,0.03333333507180214,0.0
average,0.1333,crop50_jpeg,0.6575000286102295,0.0,0.0
average,0.1333,macro_average,0.7889814774195353,,
average,0.1334,crop50,0.8711110949516296,0.15833333134651184,0.02500000037252903
average,0.1334,crop50_blur,0.8383333086967468,0.03333333507180214,0.0
average,0.1334,crop50_jpeg,0.6575000286102295,0.0,0.0
average,0.1334,macro_average,0.7889814774195353,,
average,0.1335,crop50,0.8711110949516296,0.15833333134651184,0.02500000037252903
average,0.1335,crop50_blur,0.8383333086967468,0.03333333507180214,0.0
average,0.1335,crop50_jpeg,0.6575000286102295,0.0,0.0
average,0.1335,macro_average,0.7889814774195353,,
average,0.1336,crop50,0.8711110949516296,0.15833333134651184,0.02500000037252903
average,0.1336,crop50_blur,0.8383333086967468,0.03333333507180214,0.0
average,0.1336,crop50_jpeg,0.6575000286102295,0.0,0.0
average,0.1336,macro_average,0.7889814774195353,,
average,0.13369999999999999,crop50,0.8711110949516296,0.15833333134651184,0.02500000037252903
average,0.13369999999999999,crop50_blur,0.8383333086967468,0.03333333507180214,0.0
average,0.13369999999999999,crop50_jpeg,0.6575000286102295,0.0,0.0
average,0.13369999999999999,macro_average,0.7889814774195353,,
average,0.1338,crop50,0.8711110949516296,0.15833333134651184,0.02500000037252903
average,0.1338,crop50_blur,0.8383333086967468,0.03333333507180214,0.0
average,0.1338,crop50_jpeg,0.6575000286102295,0.0,0.0
average,0.1338,macro_average,0.7889814774195353,,
average,0.1339,crop50,0.8711110949516296,0.15833333134651184,0.02500000037252903
average,0.1339,crop50_blur,0.8383333086967468,0.03333333507180214,0.0
average,0.1339,crop50_jpeg,0.6575000286102295,0.0,0.0
average,0.1339,macro_average,0.7889814774195353,,
average,0.134,crop50,0.8711110949516296,0.15833333134651184,0.02500000037252903
average,0.134,crop50_blur,0.8383333086967468,0.03333333507180214,0.0
average,0.134,crop50_jpeg,0.6575000286102295,0.0,0.0
average,0.134,macro_average,0.7889814774195353,,
average,0.1341,crop50,0.8719444274902344,0.15833333134651184,0.03333333507180214
average,0.1341,crop50_blur,0.8383333086967468,0.03333333507180214,0.0
average,0.1341,crop50_jpeg,0.6575000286102295,0.0,0.0
average,0.1341,macro_average,0.7892592549324036,,
average,0.13419999999999999,crop50,0.8719444274902344,0.15833333134651184,0.03333333507180214
average,0.13419999999999999,crop50_blur,0.8383333086967468,0.03333333507180214,0.0
average,0.13419999999999999,crop50_jpeg,0.6575000286102295,0.0,0.0
average,0.13419999999999999,macro_average,0.7892592549324036,,
average,0.1343,crop50,0.8719444274902344,0.15833333134651184,0.03333333507180214
average,0.1343,crop50_blur,0.8383333086967468,0.03333333507180214,0.0
average,0.1343,crop50_jpeg,0.6575000286102295,0.0,0.0
average,0.1343,macro_average,0.7892592549324036,,
average,0.1344,crop50,0.8719444274902344,0.15833333134651184,0.03333333507180214
average,0.1344,crop50_blur,0.8383333086967468,0.03333333507180214,0.0
average,0.1344,crop50_jpeg,0.6575000286102295,0.0,0.0
average,0.1344,macro_average,0.7892592549324036,,
average,0.1345,crop50,0.8719444274902344,0.15833333134651184,0.03333333507180214
average,0.1345,crop50_blur,0.8383333086967468,0.03333333507180214,0.0
average,0.1345,crop50_jpeg,0.6575000286102295,0.0,0.0
average,0.1345,macro_average,0.7892592549324036,,
average,0.1346,crop50,0.8719444274902344,0.15833333134651184,0.03333333507180214
average,0.1346,crop50_blur,0.8383333086967468,0.03333333507180214,0.0
average,0.1346,crop50_jpeg,0.6575000286102295,0.0,0.0
average,0.1346,macro_average,0.7892592549324036,,
average,0.1347,crop50,0.8719444274902344,0.15833333134651184,0.03333333507180214
average,0.1347,crop50_blur,0.8383333086967468,0.03333333507180214,0.0
average,0.1347,crop50_jpeg,0.6575000286102295,0.0,0.0
average,0.1347,macro_average,0.7892592549324036,,
average,0.1348,crop50,0.8719444274902344,0.15833333134651184,0.03333333507180214
average,0.1348,crop50_blur,0.8383333086967468,0.03333333507180214,0.0
average,0.1348,crop50_jpeg,0.6575000286102295,0.0,0.0
average,0.1348,macro_average,0.7892592549324036,,
average,0.1349,crop50,0.8719444274902344,0.15833333134651184,0.03333333507180214
average,0.1349,crop50_blur,0.8383333086967468,0.03333333507180214,0.0
average,0.1349,crop50_jpeg,0.6575000286102295,0.0,0.0
average,0.1349,macro_average,0.7892592549324036,,
average,0.135,crop50,0.8719444274902344,0.15833333134651184,0.03333333507180214
average,0.135,crop50_blur,0.8383333086967468,0.03333333507180214,0.0
average,0.135,crop50_jpeg,0.6575000286102295,0.0,0.0
average,0.135,macro_average,0.7892592549324036,,
average,0.1351,crop50,0.8719444274902344,0.15833333134651184,0.03333333507180214
average,0.1351,crop50_blur,0.8383333086967468,0.03333333507180214,0.0
average,0.1351,crop50_jpeg,0.6575000286102295,0.0,0.0
average,0.1351,macro_average,0.7892592549324036,,
average,0.1352,crop50,0.8719444274902344,0.15833333134651184,0.03333333507180214
average,0.1352,crop50_blur,0.8383333086967468,0.03333333507180214,0.0
average,0.1352,crop50_jpeg,0.6575000286102295,0.0,0.0
average,0.1352,macro_average,0.7892592549324036,,
average,0.1353,crop50,0.8719444274902344,0.15833333134651184,0.03333333507180214
average,0.1353,crop50_blur,0.8383333086967468,0.03333333507180214,0.0
average,0.1353,crop50_jpeg,0.6575000286102295,0.0,0.0
average,0.1353,macro_average,0.7892592549324036,,
average,0.1354,crop50,0.8719444274902344,0.15833333134651184,0.0416666679084301
average,0.1354,crop50_blur,0.8383333086967468,0.03333333507180214,0.0
average,0.1354,crop50_jpeg,0.6575000286102295,0.0,0.0
average,0.1354,macro_average,0.7892592549324036,,
average,0.1355,crop50,0.8719444274902344,0.15833333134651184,0.0416666679084301
average,0.1355,crop50_blur,0.8383333086967468,0.03333333507180214,0.008333333767950535
average,0.1355,crop50_jpeg,0.6575000286102295,0.0,0.0
average,0.1355,macro_average,0.7892592549324036,,
average,0.1356,crop50,0.8727777600288391,0.1666666716337204,0.05000000074505806
average,0.1356,crop50_blur,0.8383333086967468,0.03333333507180214,0.008333333767950535
average,0.1356,crop50_jpeg,0.6575000286102295,0.0,0.0
average,0.1356,macro_average,0.7895370324452718,,
average,0.1357,crop50,0.8727777600288391,0.1666666716337204,0.05000000074505806
average,0.1357,crop50_blur,0.8383333086967468,0.03333333507180214,0.008333333767950535
average,0.1357,crop50_jpeg,0.6575000286102295,0.0,0.0
average,0.1357,macro_average,0.7895370324452718,,
average,0.1358,crop50,0.8725000023841858,0.1666666716337204,0.06666667014360428
average,0.1358,crop50_blur,0.8383333086967468,0.03333333507180214,0.008333333767950535
average,0.1358,crop50_jpeg,0.6575000286102295,0.0,0.0
average,0.1358,macro_average,0.7894444465637207,,
average,0.1359,crop50,0.8738889098167419,0.18333333730697632,0.0833333358168602
average,0.1359,crop50_blur,0.8391666412353516,0.0416666679084301,0.01666666753590107
average,0.1359,crop50_jpeg,0.6575000286102295,0.0,0.0
average,0.1359,macro_average,0.7901851932207743,,
average,0.136,crop50,0.8738889098167419,0.18333333730697632,0.0833333358168602
average,0.136,crop50_blur,0.8391666412353516,0.0416666679084301,0.01666666753590107
average,0.136,crop50_jpeg,0.6575000286102295,0.0,0.0
average,0.136,macro_average,0.7901851932207743,,
average,0.1361,crop50,0.8738889098167419,0.18333333730697632,0.0833333358168602
average,0.1361,crop50_blur,0.8391666412353516,0.0416666679084301,0.01666666753590107
average,0.1361,crop50_jpeg,0.6575000286102295,0.0,0.0
average,0.1361,macro_average,0.7901851932207743,,
average,0.1362,crop50,0.8738889098167419,0.18333333730697632,0.09166666865348816
average,0.1362,crop50_blur,0.8391666412353516,0.0416666679084301,0.01666666753590107
average,0.1362,crop50_jpeg,0.6575000286102295,0.0,0.0
average,0.1362,macro_average,0.7901851932207743,,
average,0.1363,crop50,0.8738889098167419,0.18333333730697632,0.10000000149011612
average,0.1363,crop50_blur,0.8391666412353516,0.0416666679084301,0.01666666753590107
average,0.1363,crop50_jpeg,0.6575000286102295,0.0,0.0
average,0.1363,macro_average,0.7901851932207743,,
average,0.1364,crop50,0.8738889098167419,0.18333333730697632,0.10000000149011612
average,0.1364,crop50_blur,0.8391666412353516,0.0416666679084301,0.01666666753590107
average,0.1364,crop50_jpeg,0.6575000286102295,0.0,0.0
average,0.1364,macro_average,0.7901851932207743,,
average,0.1365,crop50,0.8738889098167419,0.18333333730697632,0.10833333432674408
average,0.1365,crop50_blur,0.8391666412353516,0.0416666679084301,0.01666666753590107
average,0.1365,crop50_jpeg,0.6575000286102295,0.0,0.0
average,0.1365,macro_average,0.7901851932207743,,
average,0.1366,crop50,0.8741666674613953,0.19166666269302368,0.11666666716337204
average,0.1366,crop50_blur,0.8391666412353516,0.0416666679084301,0.01666666753590107
average,0.1366,crop50_jpeg,0.6575000286102295,0.0,0.0
average,0.1366,macro_average,0.7902777791023254,,
average,0.1367,crop50,0.8741666674613953,0.19166666269302368,0.11666666716337204
average,0.1367,crop50_blur,0.8399999737739563,0.0416666679084301,0.02500000037252903
average,0.1367,crop50_jpeg,0.6575000286102295,0.0,0.0
average,0.1367,macro_average,0.7905555566151937,,
average,0.1368,crop50,0.8741666674613953,0.19166666269302368,0.125
average,0.1368,crop50_blur,0.8399999737739563,0.0416666679084301,0.02500000037252903
average,0.1368,crop50_jpeg,0.6575000286102295,0.0,0.0
average,0.1368,macro_average,0.7905555566151937,,
average,0.1369,crop50,0.8741666674613953,0.19166666269302368,0.125
average,0.1369,crop50_blur,0.8399999737739563,0.0416666679084301,0.02500000037252903
average,0.1369,crop50_jpeg,0.6575000286102295,0.0,0.0
average,0.1369,macro_average,0.7905555566151937,,
average,0.137,crop50,0.8741666674613953,0.19166666269302368,0.125
average,0.137,crop50_blur,0.8399999737739563,0.0416666679084301,0.02500000037252903
average,0.137,crop50_jpeg,0.6575000286102295,0.0,0.0
average,0.137,macro_average,0.7905555566151937,,
average,0.1371,crop50,0.8741666674613953,0.19166666269302368,0.125
average,0.1371,crop50_blur,0.8399999737739563,0.0416666679084301,0.02500000037252903
average,0.1371,crop50_jpeg,0.6575000286102295,0.0,0.0
average,0.1371,macro_average,0.7905555566151937,,
average,0.1372,crop50,0.8758333325386047,0.20000000298023224,0.13333334028720856
average,0.1372,crop50_blur,0.8399999737739563,0.0416666679084301,0.02500000037252903
average,0.1372,crop50_jpeg,0.6575000286102295,0.0,0.0
average,0.1372,macro_average,0.7911111116409302,,
average,0.1373,crop50,0.8758333325386047,0.20000000298023224,0.13333334028720856
average,0.1373,crop50_blur,0.8399999737739563,0.0416666679084301,0.02500000037252903
average,0.1373,crop50_jpeg,0.6575000286102295,0.0,0.0
average,0.1373,macro_average,0.7911111116409302,,
average,0.1374,crop50,0.8758333325386047,0.20000000298023224,0.13333334028720856
average,0.1374,crop50_blur,0.8399999737739563,0.0416666679084301,0.02500000037252903
average,0.1374,crop50_jpeg,0.6575000286102295,0.0,0.0
average,0.1374,macro_average,0.7911111116409302,,
average,0.1375,crop50,0.8758333325386047,0.20000000298023224,0.13333334028720856
average,0.1375,crop50_blur,0.8405555486679077,0.05000000074505806,0.03333333507180214
average,0.1375,crop50_jpeg,0.6575000286102295,0.0,0.0
average,0.1375,macro_average,0.7912963032722473,,
average,0.1376,crop50,0.8758333325386047,0.20000000298023224,0.13333334028720856
average,0.1376,crop50_blur,0.8405555486679077,0.05000000074505806,0.03333333507180214
average,0.1376,crop50_jpeg,0.6575000286102295,0.0,0.0
average,0.1376,macro_average,0.7912963032722473,,
average,0.1377,crop50,0.8758333325386047,0.20000000298023224,0.13333334028720856
average,0.1377,crop50_blur,0.8405555486679077,0.05000000074505806,0.03333333507180214
average,0.1377,crop50_jpeg,0.6575000286102295,0.0,0.0
average,0.1377,macro_average,0.7912963032722473,,
average,0.1378,crop50,0.8758333325386047,0.20000000298023224,0.13333334028720856
average,0.1378,crop50_blur,0.840833306312561,0.05833333358168602,0.0416666679084301
average,0.1378,crop50_jpeg,0.6575000286102295,0.0,0.0
average,0.1378,macro_average,0.7913888891537985,,
average,0.1379,crop50,0.8758333325386047,0.20000000298023224,0.13333334028720856
average,0.1379,crop50_blur,0.8447222113609314,0.06666667014360428,0.05000000074505806
average,0.1379,crop50_jpeg,0.6575000286102295,0.0,0.0
average,0.1379,macro_average,0.7926851908365885,,
average,0.138,crop50,0.8758333325386047,0.20000000298023224,0.13333334028720856
average,0.138,crop50_blur,0.8447222113609314,0.06666667014360428,0.05000000074505806
average,0.138,crop50_jpeg,0.6575000286102295,0.0,0.0
average,0.138,macro_average,0.7926851908365885,,
average,0.1381,crop50,0.8758333325386047,0.20000000298023224,0.13333334028720856
average,0.1381,crop50_blur,0.8447222113609314,0.06666667014360428,0.05000000074505806
average,0.1381,crop50_jpeg,0.6575000286102295,0.0,0.0
average,0.1381,macro_average,0.7926851908365885,,
average,0.1382,crop50,0.8758333325386047,0.20000000298023224,0.13333334028720856
average,0.1382,crop50_blur,0.8447222113609314,0.06666667014360428,0.05000000074505806
average,0.1382,crop50_jpeg,0.6575000286102295,0.0,0.0
average,0.1382,macro_average,0.7926851908365885,,
average,0.1383,crop50,0.8758333325386047,0.20000000298023224,0.13333334028720856
average,0.1383,crop50_blur,0.8447222113609314,0.06666667014360428,0.05000000074505806
average,0.1383,crop50_jpeg,0.6575000286102295,0.0,0.0
average,0.1383,macro_average,0.7926851908365885,,
average,0.1384,crop50,0.8758333325386047,0.20000000298023224,0.13333334028720856
average,0.1384,crop50_blur,0.8447222113609314,0.06666667014360428,0.05000000074505806
average,0.1384,crop50_jpeg,0.6575000286102295,0.0,0.0
average,0.1384,macro_average,0.7926851908365885,,
average,0.1385,crop50,0.8766666650772095,0.2083333283662796,0.14166666567325592
average,0.1385,crop50_blur,0.8447222113609314,0.06666667014360428,0.05000000074505806
average,0.1385,crop50_jpeg,0.6575000286102295,0.0,0.0
average,0.1385,macro_average,0.7929629683494568,,
average,0.1386,crop50,0.8766666650772095,0.2083333283662796,0.14166666567325592
average,0.1386,crop50_blur,0.8447222113609314,0.06666667014360428,0.05000000074505806
average,0.1386,crop50_jpeg,0.6575000286102295,0.0,0.0
average,0.1386,macro_average,0.7929629683494568,,
average,0.1387,crop50,0.8766666650772095,0.2083333283662796,0.14166666567325592
average,0.1387,crop50_blur,0.8447222113609314,0.06666667014360428,0.05000000074505806
average,0.1387,crop50_jpeg,0.6575000286102295,0.0,0.0
average,0.1387,macro_average,0.7929629683494568,,
average,0.1388,crop50,0.8766666650772095,0.2083333283662796,0.14166666567325592
average,0.1388,crop50_blur,0.8447222113609314,0.06666667014360428,0.05000000074505806
average,0.1388,crop50_jpeg,0.6575000286102295,0.0,0.0
average,0.1388,macro_average,0.7929629683494568,,
average,0.1389,crop50,0.8766666650772095,0.2083333283662796,0.14166666567325592
average,0.1389,crop50_blur,0.8447222113609314,0.06666667014360428,0.05000000074505806
average,0.1389,crop50_jpeg,0.6575000286102295,0.0,0.0
average,0.1389,macro_average,0.7929629683494568,,
average,0.13899999999999998,crop50,0.8766666650772095,0.2083333283662796,0.14166666567325592
average,0.13899999999999998,crop50_blur,0.8447222113609314,0.06666667014360428,0.05000000074505806
average,0.13899999999999998,crop50_jpeg,0.6575000286102295,0.0,0.0
average,0.13899999999999998,macro_average,0.7929629683494568,,
average,0.1391,crop50,0.8791666626930237,0.21666666865348816,0.15000000596046448
average,0.1391,crop50_blur,0.8447222113609314,0.06666667014360428,0.05000000074505806
average,0.1391,crop50_jpeg,0.6575000286102295,0.0,0.0
average,0.1391,macro_average,0.7937963008880615,,
average,0.1392,crop50,0.8791666626930237,0.21666666865348816,0.15000000596046448
average,0.1392,crop50_blur,0.8447222113609314,0.06666667014360428,0.05000000074505806
average,0.1392,crop50_jpeg,0.6575000286102295,0.0,0.0
average,0.1392,macro_average,0.7937963008880615,,
average,0.1393,crop50,0.8791666626930237,0.21666666865348816,0.15000000596046448
average,0.1393,crop50_blur,0.8447222113609314,0.06666667014360428,0.05000000074505806
average,0.1393,crop50_jpeg,0.6575000286102295,0.0,0.0
average,0.1393,macro_average,0.7937963008880615,,
average,0.1394,crop50,0.8791666626930237,0.21666666865348816,0.15000000596046448
average,0.1394,crop50_blur,0.8447222113609314,0.06666667014360428,0.05000000074505806
average,0.1394,crop50_jpeg,0.6575000286102295,0.0,0.0
average,0.1394,macro_average,0.7937963008880615,,
average,0.13949999999999999,crop50,0.8791666626930237,0.21666666865348816,0.15833333134651184
average,0.13949999999999999,crop50_blur,0.8447222113609314,0.06666667014360428,0.05000000074505806
average,0.13949999999999999,crop50_jpeg,0.6575000286102295,0.0,0.0
average,0.13949999999999999,macro_average,0.7937963008880615,,
average,0.1396,crop50,0.8791666626930237,0.21666666865348816,0.15833333134651184
average,0.1396,crop50_blur,0.8447222113609314,0.06666667014360428,0.05000000074505806
average,0.1396,crop50_jpeg,0.6575000286102295,0.0,0.0
average,0.1396,macro_average,0.7937963008880615,,
average,0.1397,crop50,0.8791666626930237,0.21666666865348816,0.15833333134651184
average,0.1397,crop50_blur,0.8447222113609314,0.06666667014360428,0.05000000074505806
average,0.1397,crop50_jpeg,0.6575000286102295,0.0,0.0
average,0.1397,macro_average,0.7937963008880615,,
average,0.1398,crop50,0.8791666626930237,0.21666666865348816,0.15833333134651184
average,0.1398,crop50_blur,0.8447222113609314,0.06666667014360428,0.05000000074505806
average,0.1398,crop50_jpeg,0.6575000286102295,0.0,0.0
average,0.1398,macro_average,0.7937963008880615,,
average,0.1399,crop50,0.8791666626930237,0.21666666865348816,0.15833333134651184
average,0.1399,crop50_blur,0.8447222113609314,0.06666667014360428,0.05000000074505806
average,0.1399,crop50_jpeg,0.6575000286102295,0.0,0.0
average,0.1399,macro_average,0.7937963008880615,,
average,0.13999999999999999,crop50,0.8791666626930237,0.21666666865348816,0.15833333134651184
average,0.13999999999999999,crop50_blur,0.8447222113609314,0.06666667014360428,0.05000000074505806
average,0.13999999999999999,crop50_jpeg,0.6575000286102295,0.0,0.0
average,0.13999999999999999,macro_average,0.7937963008880615,,
average,0.1401,crop50,0.8791666626930237,0.21666666865348816,0.15833333134651184
average,0.1401,crop50_blur,0.8450000286102295,0.07500000298023224,0.05833333358168602
average,0.1401,crop50_jpeg,0.6575000286102295,0.0,0.0
average,0.1401,macro_average,0.7938889066378275,,
average,0.1402,crop50,0.8791666626930237,0.21666666865348816,0.15833333134651184
average,0.1402,crop50_blur,0.8450000286102295,0.07500000298023224,0.05833333358168602
average,0.1402,crop50_jpeg,0.6575000286102295,0.0,0.0
average,0.1402,macro_average,0.7938889066378275,,
average,0.1403,crop50,0.8791666626930237,0.21666666865348816,0.15833333134651184
average,0.1403,crop50_blur,0.8450000286102295,0.07500000298023224,0.05833333358168602
average,0.1403,crop50_jpeg,0.6575000286102295,0.0,0.0
average,0.1403,macro_average,0.7938889066378275,,
average,0.1404,crop50,0.883055567741394,0.21666666865348816,0.17499999701976776
average,0.1404,crop50_blur,0.8450000286102295,0.07500000298023224,0.05833333358168602
average,0.1404,crop50_jpeg,0.6575000286102295,0.0,0.0
average,0.1404,macro_average,0.7951852083206177,,
average,0.14049999999999999,crop50,0.883055567741394,0.21666666865348816,0.17499999701976776
average,0.14049999999999999,crop50_blur,0.8450000286102295,0.07500000298023224,0.05833333358168602
average,0.14049999999999999,crop50_jpeg,0.6575000286102295,0.0,0.0
average,0.14049999999999999,macro_average,0.7951852083206177,,
average,0.1406,crop50,0.8836110830307007,0.21666666865348816,0.18333333730697632
average,0.1406,crop50_blur,0.8450000286102295,0.07500000298023224,0.05833333358168602
average,0.1406,crop50_jpeg,0.6575000286102295,0.0,0.0
average,0.1406,macro_average,0.7953703800837199,,
average,0.1407,crop50,0.8836110830307007,0.21666666865348816,0.19166666269302368
average,0.1407,crop50_blur,0.8450000286102295,0.07500000298023224,0.05833333358168602
average,0.1407,crop50_jpeg,0.6575000286102295,0.0,0.0
average,0.1407,macro_average,0.7953703800837199,,
average,0.1408,crop50,0.8836110830307007,0.21666666865348816,0.19166666269302368
average,0.1408,crop50_blur,0.8450000286102295,0.07500000298023224,0.05833333358168602
average,0.1408,crop50_jpeg,0.6575000286102295,0.0,0.0
average,0.1408,macro_average,0.7953703800837199,,
average,0.1409,crop50,0.8838889002799988,0.21666666865348816,0.20000000298023224
average,0.1409,crop50_blur,0.8450000286102295,0.07500000298023224,0.05833333358168602
average,0.1409,crop50_jpeg,0.6575000286102295,0.0,0.0
average,0.1409,macro_average,0.795462985833486,,
average,0.141,crop50,0.8838889002799988,0.21666666865348816,0.20000000298023224
average,0.141,crop50_blur,0.8452777862548828,0.0833333358168602,0.06666667014360428
average,0.141,crop50_jpeg,0.6575000286102295,0.0,0.0
average,0.141,macro_average,0.795555571715037,,
average,0.1411,crop50,0.8838889002799988,0.21666666865348816,0.20000000298023224
average,0.1411,crop50_blur,0.8452777862548828,0.0833333358168602,0.06666667014360428
average,0.1411,crop50_jpeg,0.6575000286102295,0.0,0.0
average,0.1411,macro_average,0.795555571715037,,
average,0.1412,crop50,0.8838889002799988,0.21666666865348816,0.20000000298023224
average,0.1412,crop50_blur,0.8452777862548828,0.0833333358168602,0.06666667014360428
average,0.1412,crop50_jpeg,0.6575000286102295,0.0,0.0
average,0.1412,macro_average,0.795555571715037,,
average,0.14129999999999998,crop50,0.8838889002799988,0.21666666865348816,0.20000000298023224
average,0.14129999999999998,crop50_blur,0.8452777862548828,0.0833333358168602,0.06666667014360428
average,0.14129999999999998,crop50_jpeg,0.6575000286102295,0.0,0.0
average,0.14129999999999998,macro_average,0.795555571715037,,
average,0.1414,crop50,0.8838889002799988,0.21666666865348816,0.20000000298023224
average,0.1414,crop50_blur,0.8452777862548828,0.0833333358168602,0.06666667014360428
average,0.1414,crop50_jpeg,0.6575000286102295,0.0,0.0
average,0.1414,macro_average,0.795555571715037,,
average,0.1415,crop50,0.8838889002799988,0.21666666865348816,0.20000000298023224
average,0.1415,crop50_blur,0.8452777862548828,0.0833333358168602,0.06666667014360428
average,0.1415,crop50_jpeg,0.6575000286102295,0.0,0.0
average,0.1415,macro_average,0.795555571715037,,
average,0.1416,crop50,0.8838889002799988,0.21666666865348816,0.20000000298023224
average,0.1416,crop50_blur,0.8452777862548828,0.0833333358168602,0.06666667014360428
average,0.1416,crop50_jpeg,0.6575000286102295,0.0,0.0
average,0.1416,macro_average,0.795555571715037,,
average,0.1417,crop50,0.8838889002799988,0.21666666865348816,0.20000000298023224
average,0.1417,crop50_blur,0.8452777862548828,0.0833333358168602,0.06666667014360428
average,0.1417,crop50_jpeg,0.6575000286102295,0.0,0.0
average,0.1417,macro_average,0.795555571715037,,
average,0.14179999999999998,crop50,0.8838889002799988,0.21666666865348816,0.20000000298023224
average,0.14179999999999998,crop50_blur,0.8452777862548828,0.0833333358168602,0.06666667014360428
average,0.14179999999999998,crop50_jpeg,0.6575000286102295,0.0,0.0
average,0.14179999999999998,macro_average,0.795555571715037,,
average,0.1419,crop50,0.8844444155693054,0.22499999403953552,0.2083333283662796
average,0.1419,crop50_blur,0.8452777862548828,0.0833333358168602,0.06666667014360428
average,0.1419,crop50_jpeg,0.6575000286102295,0.0,0.0
average,0.1419,macro_average,0.7957407434781393,,
average,0.142,crop50,0.8844444155693054,0.22499999403953552,0.2083333283662796
average,0.142,crop50_blur,0.8452777862548828,0.0833333358168602,0.06666667014360428
average,0.142,crop50_jpeg,0.6575000286102295,0.0,0.0
average,0.142,macro_average,0.7957407434781393,,
average,0.1421,crop50,0.8844444155693054,0.22499999403953552,0.2083333283662796
average,0.1421,crop50_blur,0.8452777862548828,0.0833333358168602,0.06666667014360428
average,0.1421,crop50_jpeg,0.6575000286102295,0.0,0.0
average,0.1421,macro_average,0.7957407434781393,,
average,0.1422,crop50,0.8844444155693054,0.22499999403953552,0.2083333283662796
average,0.1422,crop50_blur,0.8450000286102295,0.0833333358168602,0.07500000298023224
average,0.1422,crop50_jpeg,0.6575000286102295,0.0,0.0
average,0.1422,macro_average,0.7956481575965881,,
average,0.14229999999999998,crop50,0.8844444155693054,0.22499999403953552,0.2083333283662796
average,0.14229999999999998,crop50_blur,0.8450000286102295,0.0833333358168602,0.07500000298023224
average,0.14229999999999998,crop50_jpeg,0.6575000286102295,0.0,0.0
average,0.14229999999999998,macro_average,0.7956481575965881,,
average,0.1424,crop50,0.8844444155693054,0.22499999403953552,0.2083333283662796
average,0.1424,crop50_blur,0.8450000286102295,0.0833333358168602,0.07500000298023224
average,0.1424,crop50_jpeg,0.6575000286102295,0.0,0.0
average,0.1424,macro_average,0.7956481575965881,,
average,0.1425,crop50,0.8844444155693054,0.22499999403953552,0.2083333283662796
average,0.1425,crop50_blur,0.8450000286102295,0.0833333358168602,0.07500000298023224
average,0.1425,crop50_jpeg,0.6575000286102295,0.0,0.0
average,0.1425,macro_average,0.7956481575965881,,
average,0.1426,crop50,0.8844444155693054,0.22499999403953552,0.2083333283662796
average,0.1426,crop50_blur,0.8450000286102295,0.0833333358168602,0.07500000298023224
average,0.1426,crop50_jpeg,0.6575000286102295,0.0,0.0
average,0.1426,macro_average,0.7956481575965881,,
average,0.1427,crop50,0.8844444155693054,0.22499999403953552,0.2083333283662796
average,0.1427,crop50_blur,0.8450000286102295,0.0833333358168602,0.07500000298023224
average,0.1427,crop50_jpeg,0.6575000286102295,0.0,0.0
average,0.1427,macro_average,0.7956481575965881,,
average,0.14279999999999998,crop50,0.8847222328186035,0.22499999403953552,0.21666666865348816
average,0.14279999999999998,crop50_blur,0.8450000286102295,0.0833333358168602,0.07500000298023224
average,0.14279999999999998,crop50_jpeg,0.6575000286102295,0.0,0.0
average,0.14279999999999998,macro_average,0.7957407633463541,,
average,0.1429,crop50,0.8847222328186035,0.22499999403953552,0.22499999403953552
average,0.1429,crop50_blur,0.8450000286102295,0.0833333358168602,0.07500000298023224
average,0.1429,crop50_jpeg,0.6575000286102295,0.0,0.0
average,0.1429,macro_average,0.7957407633463541,,
average,0.143,crop50,0.8847222328186035,0.22499999403953552,0.22499999403953552
average,0.143,crop50_blur,0.8450000286102295,0.0833333358168602,0.0833333358168602
average,0.143,crop50_jpeg,0.6575000286102295,0.0,0.0
average,0.143,macro_average,0.7957407633463541,,
average,0.1431,crop50,0.8847222328186035,0.22499999403953552,0.22499999403953552
average,0.1431,crop50_blur,0.8458333611488342,0.0833333358168602,0.09166666865348816
average,0.1431,crop50_jpeg,0.6575000286102295,0.0,0.0
average,0.1431,macro_average,0.7960185408592224,,
average,0.1432,crop50,0.8847222328186035,0.22499999403953552,0.22499999403953552
average,0.1432,crop50_blur,0.8463888764381409,0.0833333358168602,0.10000000149011612
average,0.1432,crop50_jpeg,0.6575000286102295,0.0,0.0
average,0.1432,macro_average,0.7962037126223246,,
average,0.14329999999999998,crop50,0.8847222328186035,0.22499999403953552,0.23333333432674408
average,0.14329999999999998,crop50_blur,0.8461111187934875,0.0833333358168602,0.10833333432674408
average,0.14329999999999998,crop50_jpeg,0.6575000286102295,0.0,0.0
average,0.14329999999999998,macro_average,0.7961111267407736,,
average,0.1434,crop50,0.8847222328186035,0.22499999403953552,0.23333333432674408
average,0.1434,crop50_blur,0.8461111187934875,0.0833333358168602,0.10833333432674408
average,0.1434,crop50_jpeg,0.6575000286102295,0.0,0.0
average,0.1434,macro_average,0.7961111267407736,,
average,0.1435,crop50,0.8847222328186035,0.22499999403953552,0.23333333432674408
average,0.1435,crop50_blur,0.8461111187934875,0.0833333358168602,0.10833333432674408
average,0.1435,crop50_jpeg,0.6575000286102295,0.0,0.0
average,0.1435,macro_average,0.7961111267407736,,
average,0.1436,crop50,0.8847222328186035,0.22499999403953552,0.23333333432674408
average,0.1436,crop50_blur,0.8461111187934875,0.0833333358168602,0.10833333432674408
average,0.1436,crop50_jpeg,0.6575000286102295,0.0,0.0
average,0.1436,macro_average,0.7961111267407736,,
average,0.1437,crop50,0.8847222328186035,0.22499999403953552,0.23333333432674408
average,0.1437,crop50_blur,0.8461111187934875,0.0833333358168602,0.10833333432674408
average,0.1437,crop50_jpeg,0.6575000286102295,0.0,0.0
average,0.1437,macro_average,0.7961111267407736,,
average,0.14379999999999998,crop50,0.8847222328186035,0.22499999403953552,0.23333333432674408
average,0.14379999999999998,crop50_blur,0.8463888764381409,0.09166666865348816,0.11666666716337204
average,0.14379999999999998,crop50_jpeg,0.6575000286102295,0.0,0.0
average,0.14379999999999998,macro_average,0.7962037126223246,,
average,0.1439,crop50,0.8847222328186035,0.22499999403953552,0.24166665971279144
average,0.1439,crop50_blur,0.8500000238418579,0.10000000149011612,0.13333334028720856
average,0.1439,crop50_jpeg,0.6575000286102295,0.0,0.0
average,0.1439,macro_average,0.7974074284235636,,
average,0.144,crop50,0.8847222328186035,0.22499999403953552,0.24166665971279144
average,0.144,crop50_blur,0.8500000238418579,0.10000000149011612,0.13333334028720856
average,0.144,crop50_jpeg,0.6575000286102295,0.0,0.0
average,0.144,macro_average,0.7974074284235636,,
average,0.1441,crop50,0.8852777481079102,0.22499999403953552,0.2666666805744171
average,0.1441,crop50_blur,0.8500000238418579,0.10000000149011612,0.13333334028720856
average,0.1441,crop50_jpeg,0.6575000286102295,0.0,0.0
average,0.1441,macro_average,0.7975926001866659,,
average,0.1442,crop50,0.8852777481079102,0.22499999403953552,0.2666666805744171
average,0.1442,crop50_blur,0.8505555391311646,0.10000000149011612,0.14166666567325592
average,0.1442,crop50_jpeg,0.6575000286102295,0.0,0.0
average,0.1442,macro_average,0.7977777719497681,,
average,0.14429999999999998,crop50,0.8852777481079102,0.22499999403953552,0.2666666805744171
average,0.14429999999999998,crop50_blur,0.8505555391311646,0.10000000149011612,0.14166666567325592
average,0.14429999999999998,crop50_jpeg,0.6575000286102295,0.0,0.0
average,0.14429999999999998,macro_average,0.7977777719497681,,
average,0.1444,crop50,0.8852777481079102,0.22499999403953552,0.2666666805744171
average,0.1444,crop50_blur,0.8505555391311646,0.10000000149011612,0.14166666567325592
average,0.1444,crop50_jpeg,0.6575000286102295,0.0,0.0
average,0.1444,macro_average,0.7977777719497681,,
average,0.1445,crop50,0.8852777481079102,0.22499999403953552,0.2666666805744171
average,0.1445,crop50_blur,0.8505555391311646,0.10000000149011612,0.14166666567325592
average,0.1445,crop50_jpeg,0.6575000286102295,0.0,0.0
average,0.1445,macro_average,0.7977777719497681,,
average,0.1446,crop50,0.8852777481079102,0.22499999403953552,0.2666666805744171
average,0.1446,crop50_blur,0.8505555391311646,0.10000000149011612,0.14166666567325592
average,0.1446,crop50_jpeg,0.6575000286102295,0.0,0.0
average,0.1446,macro_average,0.7977777719497681,,
average,0.1447,crop50,0.8852777481079102,0.22499999403953552,0.2750000059604645
average,0.1447,crop50_blur,0.8508333563804626,0.10833333432674408,0.15000000596046448
average,0.1447,crop50_jpeg,0.6575000286102295,0.0,0.0
average,0.1447,macro_average,0.7978703776995341,,
average,0.14479999999999998,crop50,0.8852777481079102,0.22499999403953552,0.28333333134651184
average,0.14479999999999998,crop50_blur,0.8508333563804626,0.10833333432674408,0.15000000596046448
average,0.14479999999999998,crop50_jpeg,0.6575000286102295,0.0,0.0
average,0.14479999999999998,macro_average,0.7978703776995341,,
average,0.1449,crop50,0.8852777481079102,0.22499999403953552,0.28333333134651184
average,0.1449,crop50_blur,0.8513888716697693,0.11666666716337204,0.15833333134651184
average,0.1449,crop50_jpeg,0.6575000286102295,0.0,0.0
average,0.1449,macro_average,0.7980555494626363,,
average,0.145,crop50,0.8852777481079102,0.22499999403953552,0.28333333134651184
average,0.145,crop50_blur,0.8513888716697693,0.11666666716337204,0.15833333134651184
average,0.145,crop50_jpeg,0.6575000286102295,0.0,0.0
average,0.145,macro_average,0.7980555494626363,,
average,0.1451,crop50,0.8858333230018616,0.21666666865348816,0.30000001192092896
average,0.1451,crop50_blur,0.8513888716697693,0.11666666716337204,0.15833333134651184
average,0.1451,crop50_jpeg,0.6575000286102295,0.0,0.0
average,0.1451,macro_average,0.7982407410939535,,
average,0.1452,crop50,0.8858333230018616,0.21666666865348816,0.30000001192092896
average,0.1452,crop50_blur,0.852222204208374,0.11666666716337204,0.1666666716337204
average,0.1452,crop50_jpeg,0.6575000286102295,0.0,0.0
average,0.1452,macro_average,0.7985185186068217,,
average,0.14529999999999998,crop50,0.8858333230018616,0.21666666865348816,0.30000001192092896
average,0.14529999999999998,crop50_blur,0.8516666889190674,0.11666666716337204,0.17499999701976776
average,0.14529999999999998,crop50_jpeg,0.6575000286102295,0.0,0.0
average,0.14529999999999998,macro_average,0.7983333468437195,,
average,0.1454,crop50,0.8858333230018616,0.21666666865348816,0.30000001192092896
average,0.1454,crop50_blur,0.8516666889190674,0.11666666716337204,0.17499999701976776
average,0.1454,crop50_jpeg,0.6575000286102295,0.0,0.0
average,0.1454,macro_average,0.7983333468437195,,
average,0.1455,crop50,0.8858333230018616,0.21666666865348816,0.30000001192092896
average,0.1455,crop50_blur,0.8519444465637207,0.11666666716337204,0.18333333730697632
average,0.1455,crop50_jpeg,0.6575000286102295,0.0,0.0
average,0.1455,macro_average,0.7984259327252706,,
average,0.1456,crop50,0.8858333230018616,0.21666666865348816,0.30000001192092896
average,0.1456,crop50_blur,0.8519444465637207,0.11666666716337204,0.18333333730697632
average,0.1456,crop50_jpeg,0.6575000286102295,0.0,0.0
average,0.1456,macro_average,0.7984259327252706,,
average,0.1457,crop50,0.8858333230018616,0.21666666865348816,0.30000001192092896
average,0.1457,crop50_blur,0.8519444465637207,0.11666666716337204,0.19166666269302368
average,0.1457,crop50_jpeg,0.6575000286102295,0.0,0.0
average,0.1457,macro_average,0.7984259327252706,,
average,0.14579999999999999,crop50,0.8858333230018616,0.21666666865348816,0.30000001192092896
average,0.14579999999999999,crop50_blur,0.8519444465637207,0.11666666716337204,0.20000000298023224
average,0.14579999999999999,crop50_jpeg,0.6575000286102295,0.0,0.0
average,0.14579999999999999,macro_average,0.7984259327252706,,
average,0.1459,crop50,0.8866666555404663,0.22499999403953552,0.3083333373069763
average,0.1459,crop50_blur,0.8519444465637207,0.11666666716337204,0.20000000298023224
average,0.1459,crop50_jpeg,0.6575000286102295,0.0,0.0
average,0.1459,macro_average,0.7987037102381388,,
average,0.146,crop50,0.8866666555404663,0.22499999403953552,0.3083333373069763
average,0.146,crop50_blur,0.8519444465637207,0.11666666716337204,0.20000000298023224
average,0.146,crop50_jpeg,0.6575000286102295,0.0,0.0
average,0.146,macro_average,0.7987037102381388,,
average,0.1461,crop50,0.8866666555404663,0.22499999403953552,0.3083333373069763
average,0.1461,crop50_blur,0.8519444465637207,0.11666666716337204,0.20000000298023224
average,0.1461,crop50_jpeg,0.6575000286102295,0.0,0.0
average,0.1461,macro_average,0.7987037102381388,,
average,0.1462,crop50,0.8866666555404663,0.22499999403953552,0.3083333373069763
average,0.1462,crop50_blur,0.8519444465637207,0.11666666716337204,0.20000000298023224
average,0.1462,crop50_jpeg,0.6575000286102295,0.0,0.0
average,0.1462,macro_average,0.7987037102381388,,
average,0.14629999999999999,crop50,0.8866666555404663,0.22499999403953552,0.3083333373069763
average,0.14629999999999999,crop50_blur,0.8519444465637207,0.11666666716337204,0.20000000298023224
average,0.14629999999999999,crop50_jpeg,0.6575000286102295,0.0,0.0
average,0.14629999999999999,macro_average,0.7987037102381388,,
average,0.1464,crop50,0.8869444727897644,0.23333333432674408,0.3166666626930237
average,0.1464,crop50_blur,0.8519444465637207,0.11666666716337204,0.20000000298023224
average,0.1464,crop50_jpeg,0.6575000286102295,0.0,0.0
average,0.1464,macro_average,0.7987963159879049,,
average,0.1465,crop50,0.8869444727897644,0.23333333432674408,0.3166666626930237
average,0.1465,crop50_blur,0.8519444465637207,0.11666666716337204,0.2083333283662796
average,0.1465,crop50_jpeg,0.6575000286102295,0.0,0.0
average,0.1465,macro_average,0.7987963159879049,,
average,0.1466,crop50,0.8869444727897644,0.23333333432674408,0.3166666626930237
average,0.1466,crop50_blur,0.8519444465637207,0.11666666716337204,0.2083333283662796
average,0.1466,crop50_jpeg,0.6575000286102295,0.0,0.0
average,0.1466,macro_average,0.7987963159879049,,
average,0.1467,crop50,0.8869444727897644,0.23333333432674408,0.3166666626930237
average,0.1467,crop50_blur,0.852222204208374,0.11666666716337204,0.21666666865348816
average,0.1467,crop50_jpeg,0.6575000286102295,0.0,0.0
average,0.1467,macro_average,0.7988889018694559,,
average,0.14679999999999999,crop50,0.8869444727897644,0.23333333432674408,0.3166666626930237
average,0.14679999999999999,crop50_blur,0.8536111116409302,0.11666666716337204,0.22499999403953552
average,0.14679999999999999,crop50_jpeg,0.6575000286102295,0.0,0.0
average,0.14679999999999999,macro_average,0.7993518710136414,,
average,0.1469,crop50,0.8869444727897644,0.23333333432674408,0.3166666626930237
average,0.1469,crop50_blur,0.8536111116409302,0.11666666716337204,0.22499999403953552
average,0.1469,crop50_jpeg,0.6575000286102295,0.0,0.0
average,0.1469,macro_average,0.7993518710136414,,
average,0.147,crop50,0.8869444727897644,0.23333333432674408,0.3166666626930237
average,0.147,crop50_blur,0.8536111116409302,0.11666666716337204,0.22499999403953552
average,0.147,crop50_jpeg,0.6575000286102295,0.0,0.0
average,0.147,macro_average,0.7993518710136414,,
average,0.1471,crop50,0.887499988079071,0.24166665971279144,0.32499998807907104
average,0.1471,crop50_blur,0.8536111116409302,0.11666666716337204,0.22499999403953552
average,0.1471,crop50_jpeg,0.6575000286102295,0.0,0.0
average,0.1471,macro_average,0.7995370427767435,,
average,0.1472,crop50,0.887499988079071,0.24166665971279144,0.32499998807907104
average,0.1472,crop50_blur,0.8583333492279053,0.11666666716337204,0.23333333432674408
average,0.1472,crop50_jpeg,0.6575000286102295,0.0,0.0
average,0.1472,macro_average,0.801111121972402,,
average,0.1473,crop50,0.887499988079071,0.24166665971279144,0.32499998807907104
average,0.1473,crop50_blur,0.8583333492279053,0.11666666716337204,0.23333333432674408
average,0.1473,crop50_jpeg,0.6575000286102295,0.0,0.0
average,0.1473,macro_average,0.801111121972402,,
average,0.1474,crop50,0.887499988079071,0.24166665971279144,0.32499998807907104
average,0.1474,crop50_blur,0.8583333492279053,0.11666666716337204,0.23333333432674408
average,0.1474,crop50_jpeg,0.6575000286102295,0.0,0.0
average,0.1474,macro_average,0.801111121972402,,
average,0.1475,crop50,0.8905555605888367,0.24166665971279144,0.34166666865348816
average,0.1475,crop50_blur,0.8583333492279053,0.11666666716337204,0.23333333432674408
average,0.1475,crop50_jpeg,0.6575000286102295,0.0,0.0
average,0.1475,macro_average,0.8021296461423238,,
average,0.1476,crop50,0.8924999833106995,0.24166665971279144,0.3583333194255829
average,0.1476,crop50_blur,0.8583333492279053,0.11666666716337204,0.23333333432674408
average,0.1476,crop50_jpeg,0.6575000286102295,0.0,0.0
average,0.1476,macro_average,0.8027777870496114,,
average,0.1477,crop50,0.8924999833106995,0.24166665971279144,0.36666667461395264
average,0.1477,crop50_blur,0.8583333492279053,0.11666666716337204,0.23333333432674408
average,0.1477,crop50_jpeg,0.6575000286102295,0.0,0.0
average,0.1477,macro_average,0.8027777870496114,,
average,0.1478,crop50,0.8924999833106995,0.24166665971279144,0.36666667461395264
average,0.1478,crop50_blur,0.8583333492279053,0.11666666716337204,0.23333333432674408
average,0.1478,crop50_jpeg,0.6575000286102295,0.0,0.0
average,0.1478,macro_average,0.8027777870496114,,
average,0.1479,crop50,0.8924999833106995,0.24166665971279144,0.36666667461395264
average,0.1479,crop50_blur,0.8583333492279053,0.11666666716337204,0.23333333432674408
average,0.1479,crop50_jpeg,0.6588888764381409,0.0,0.008333333767950535
average,0.1479,macro_average,0.8032407363255819,,
average,0.148,crop50,0.8924999833106995,0.24166665971279144,0.36666667461395264
average,0.148,crop50_blur,0.8583333492279053,0.11666666716337204,0.23333333432674408
average,0.148,crop50_jpeg,0.6588888764381409,0.0,0.008333333767950535
average,0.148,macro_average,0.8032407363255819,,
average,0.1481,crop50,0.8924999833106995,0.24166665971279144,0.36666667461395264
average,0.1481,crop50_blur,0.8583333492279053,0.11666666716337204,0.23333333432674408
average,0.1481,crop50_jpeg,0.6588888764381409,0.0,0.008333333767950535
average,0.1481,macro_average,0.8032407363255819,,
average,0.1482,crop50,0.8924999833106995,0.24166665971279144,0.36666667461395264
average,0.1482,crop50_blur,0.8588888645172119,0.11666666716337204,0.24166665971279144
average,0.1482,crop50_jpeg,0.6583333611488342,0.0,0.01666666753590107
average,0.1482,macro_average,0.8032407363255819,,
average,0.1483,crop50,0.8924999833106995,0.24166665971279144,0.375
average,0.1483,crop50_blur,0.8588888645172119,0.11666666716337204,0.24166665971279144
average,0.1483,crop50_jpeg,0.6583333611488342,0.0,0.01666666753590107
average,0.1483,macro_average,0.8032407363255819,,
average,0.1484,crop50,0.8924999833106995,0.24166665971279144,0.375
average,0.1484,crop50_blur,0.8588888645172119,0.11666666716337204,0.25
average,0.1484,crop50_jpeg,0.6583333611488342,0.0,0.01666666753590107
average,0.1484,macro_average,0.8032407363255819,,
average,0.1485,crop50,0.8924999833106995,0.24166665971279144,0.38333332538604736
average,0.1485,crop50_blur,0.8613888621330261,0.125,0.2666666805744171
average,0.1485,crop50_jpeg,0.6583333611488342,0.0,0.01666666753590107
average,0.1485,macro_average,0.8040740688641866,,
average,0.1486,crop50,0.8924999833106995,0.24166665971279144,0.38333332538604736
average,0.1486,crop50_blur,0.8616666793823242,0.125,0.2750000059604645
average,0.1486,crop50_jpeg,0.6583333611488342,0.0,0.01666666753590107
average,0.1486,macro_average,0.8041666746139526,,
average,0.1487,crop50,0.8927778005599976,0.25,0.3916666805744171
average,0.1487,crop50_blur,0.8616666793823242,0.125,0.2750000059604645
average,0.1487,crop50_jpeg,0.6583333611488342,0.0,0.01666666753590107
average,0.1487,macro_average,0.8042592803637186,,
average,0.1488,crop50,0.8927778005599976,0.24166665971279144,0.40833333134651184
average,0.1488,crop50_blur,0.8616666793823242,0.125,0.2750000059604645
average,0.1488,crop50_jpeg,0.6583333611488342,0.0,0.01666666753590107
average,0.1488,macro_average,0.8042592803637186,,
average,0.1489,crop50,0.8927778005599976,0.24166665971279144,0.40833333134651184
average,0.1489,crop50_blur,0.8616666793823242,0.125,0.2750000059604645
average,0.1489,crop50_jpeg,0.6583333611488342,0.0,0.01666666753590107
average,0.1489,macro_average,0.8042592803637186,,
average,0.149,crop50,0.8936111330986023,0.24166665971279144,0.4166666567325592
average,0.149,crop50_blur,0.8616666793823242,0.125,0.2750000059604645
average,0.149,crop50_jpeg,0.6583333611488342,0.0,0.01666666753590107
average,0.149,macro_average,0.8045370578765869,,
average,0.1491,crop50,0.8936111330986023,0.24166665971279144,0.4166666567325592
average,0.1491,crop50_blur,0.8616666793823242,0.125,0.2750000059604645
average,0.1491,crop50_jpeg,0.6583333611488342,0.0,0.01666666753590107
average,0.1491,macro_average,0.8045370578765869,,
average,0.1492,crop50,0.8936111330986023,0.24166665971279144,0.4166666567325592
average,0.1492,crop50_blur,0.8616666793823242,0.125,0.2750000059604645
average,0.1492,crop50_jpeg,0.6583333611488342,0.0,0.01666666753590107
average,0.1492,macro_average,0.8045370578765869,,
average,0.1493,crop50,0.894444465637207,0.25,0.42500001192092896
average,0.1493,crop50_blur,0.8616666793823242,0.125,0.2750000059604645
average,0.1493,crop50_jpeg,0.6583333611488342,0.0,0.01666666753590107
average,0.1493,macro_average,0.8048148353894552,,
average,0.1494,crop50,0.894444465637207,0.25,0.42500001192092896
average,0.1494,crop50_blur,0.8616666793823242,0.125,0.2750000059604645
average,0.1494,crop50_jpeg,0.6583333611488342,0.0,0.01666666753590107
average,0.1494,macro_average,0.8048148353894552,,
average,0.1495,crop50,0.894444465637207,0.25,0.4333333373069763
average,0.1495,crop50_blur,0.8616666793823242,0.125,0.2750000059604645
average,0.1495,crop50_jpeg,0.6583333611488342,0.0,0.01666666753590107
average,0.1495,macro_average,0.8048148353894552,,
average,0.1496,crop50,0.894444465637207,0.25,0.4333333373069763
average,0.1496,crop50_blur,0.8616666793823242,0.125,0.2750000059604645
average,0.1496,crop50_jpeg,0.6583333611488342,0.0,0.01666666753590107
average,0.1496,macro_average,0.8048148353894552,,
average,0.1497,crop50,0.894444465637207,0.25,0.4333333373069763
average,0.1497,crop50_blur,0.8616666793823242,0.125,0.2750000059604645
average,0.1497,crop50_jpeg,0.6583333611488342,0.0,0.01666666753590107
average,0.1497,macro_average,0.8048148353894552,,
average,0.1498,crop50,0.8974999785423279,0.25833332538604736,0.44999998807907104
average,0.1498,crop50_blur,0.8616666793823242,0.125,0.2750000059604645
average,0.1498,crop50_jpeg,0.6583333611488342,0.0,0.01666666753590107
average,0.1498,macro_average,0.8058333396911621,,
average,0.1499,crop50,0.898888885974884,0.25833332538604736,0.4583333432674408
average,0.1499,crop50_blur,0.8616666793823242,0.125,0.2750000059604645
average,0.1499,crop50_jpeg,0.6583333611488342,0.0,0.01666666753590107
average,0.1499,macro_average,0.8062963088353475,,
average,0.15,crop50,0.9041666388511658,0.25833332538604736,0.4749999940395355
average,0.15,crop50_blur,0.8616666793823242,0.125,0.2750000059604645
average,0.15,crop50_jpeg,0.6583333611488342,0.0,0.01666666753590107
average,0.15,macro_average,0.808055559794108,,
average,0.1501,crop50,0.9041666388511658,0.25833332538604736,0.4833333194255829
average,0.1501,crop50_blur,0.8616666793823242,0.125,0.28333333134651184
average,0.1501,crop50_jpeg,0.6583333611488342,0.0,0.01666666753590107
average,0.1501,macro_average,0.808055559794108,,
average,0.1502,crop50,0.9041666388511658,0.25833332538604736,0.49166667461395264
average,0.1502,crop50_blur,0.8619444370269775,0.125,0.2916666567325592
average,0.1502,crop50_jpeg,0.6583333611488342,0.0,0.01666666753590107
average,0.1502,macro_average,0.8081481456756592,,
average,0.1503,crop50,0.9041666388511658,0.25833332538604736,0.49166667461395264
average,0.1503,crop50_blur,0.8619444370269775,0.125,0.2916666567325592
average,0.1503,crop50_jpeg,0.6583333611488342,0.0,0.01666666753590107
average,0.1503,macro_average,0.8081481456756592,,
average,0.1504,crop50,0.9041666388511658,0.25833332538604736,0.49166667461395264
average,0.1504,crop50_blur,0.8619444370269775,0.125,0.2916666567325592
average,0.1504,crop50_jpeg,0.6583333611488342,0.0,0.01666666753590107
average,0.1504,macro_average,0.8081481456756592,,
average,0.1505,crop50,0.9041666388511658,0.25833332538604736,0.49166667461395264
average,0.1505,crop50_blur,0.8619444370269775,0.125,0.2916666567325592
average,0.1505,crop50_jpeg,0.6561111211776733,0.0,0.02500000037252903
average,0.1505,macro_average,0.8074073990186056,,
average,0.1506,crop50,0.9041666388511658,0.25833332538604736,0.49166667461395264
average,0.1506,crop50_blur,0.8622221946716309,0.13333334028720856,0.30000001192092896
average,0.1506,crop50_jpeg,0.6561111211776733,0.0,0.02500000037252903
average,0.1506,macro_average,0.8074999849001566,,
average,0.1507,crop50,0.9041666388511658,0.25833332538604736,0.49166667461395264
average,0.1507,crop50_blur,0.8622221946716309,0.13333334028720856,0.30000001192092896
average,0.1507,crop50_jpeg,0.6561111211776733,0.0,0.02500000037252903
average,0.1507,macro_average,0.8074999849001566,,
average,0.1508,crop50,0.9041666388511658,0.25833332538604736,0.49166667461395264
average,0.1508,crop50_blur,0.8630555272102356,0.13333334028720856,0.3083333373069763
average,0.1508,crop50_jpeg,0.6561111211776733,0.0,0.02500000037252903
average,0.1508,macro_average,0.8077777624130249,,
average,0.1509,crop50,0.9041666388511658,0.25833332538604736,0.49166667461395264
average,0.1509,crop50_blur,0.8630555272102356,0.13333334028720856,0.3166666626930237
average,0.1509,crop50_jpeg,0.6561111211776733,0.0,0.02500000037252903
average,0.1509,macro_average,0.8077777624130249,,
average,0.151,crop50,0.9047222137451172,0.2666666805744171,0.5
average,0.151,crop50_blur,0.8633333444595337,0.13333334028720856,0.32499998807907104
average,0.151,crop50_jpeg,0.6561111211776733,0.0,0.02500000037252903
average,0.151,macro_average,0.808055559794108,,
average,0.1511,crop50,0.9049999713897705,0.2666666805744171,0.5083333253860474
average,0.1511,crop50_blur,0.8633333444595337,0.13333334028720856,0.32499998807907104
average,0.1511,crop50_jpeg,0.6561111211776733,0.0,0.02500000037252903
average,0.1511,macro_average,0.8081481456756592,,
average,0.1512,crop50,0.9049999713897705,0.2666666805744171,0.5083333253860474
average,0.1512,crop50_blur,0.8633333444595337,0.13333334028720856,0.32499998807907104
average,0.1512,crop50_jpeg,0.6561111211776733,0.0,0.02500000037252903
average,0.1512,macro_average,0.8081481456756592,,
average,0.1513,crop50,0.9049999713897705,0.2666666805744171,0.5083333253860474
average,0.1513,crop50_blur,0.8633333444595337,0.13333334028720856,0.32499998807907104
average,0.1513,crop50_jpeg,0.6561111211776733,0.0,0.02500000037252903
average,0.1513,macro_average,0.8081481456756592,,
average,0.1514,crop50,0.9049999713897705,0.2666666805744171,0.5083333253860474
average,0.1514,crop50_blur,0.8663889169692993,0.13333334028720856,0.3333333432674408
average,0.1514,crop50_jpeg,0.6561111211776733,0.0,0.02500000037252903
average,0.1514,macro_average,0.809166669845581,,
average,0.1515,crop50,0.9049999713897705,0.2666666805744171,0.5083333253860474
average,0.1515,crop50_blur,0.8666666746139526,0.13333334028720856,0.34166666865348816
average,0.1515,crop50_jpeg,0.6561111211776733,0.0,0.02500000037252903
average,0.1515,macro_average,0.8092592557271322,,
average,0.1516,crop50,0.9049999713897705,0.2666666805744171,0.5083333253860474
average,0.1516,crop50_blur,0.866944432258606,0.14166666567325592,0.3499999940395355
average,0.1516,crop50_jpeg,0.6561111211776733,0.0,0.02500000037252903
average,0.1516,macro_average,0.8093518416086832,,
average,0.1517,crop50,0.9052777886390686,0.2750000059604645,0.5166666507720947
average,0.1517,crop50_blur,0.866944432258606,0.14166666567325592,0.3499999940395355
average,0.1517,crop50_jpeg,0.6561111211776733,0.0,0.02500000037252903
average,0.1517,macro_average,0.8094444473584493,,
average,0.1518,crop50,0.9080555438995361,0.2750000059604645,0.5249999761581421
average,0.1518,crop50_blur,0.866944432258606,0.14166666567325592,0.3499999940395355
average,0.1518,crop50_jpeg,0.6561111211776733,0.0,0.02500000037252903
average,0.1518,macro_average,0.8103703657786051,,
average,0.1519,crop50,0.9080555438995361,0.2750000059604645,0.5249999761581421
average,0.1519,crop50_blur,0.8688889145851135,0.15000000596046448,0.3583333194255829
average,0.1519,crop50_jpeg,0.6561111211776733,0.0,0.02500000037252903
average,0.1519,macro_average,0.8110185265541077,,
average,0.152,crop50,0.9097222089767456,0.28333333134651184,0.5333333611488342
average,0.152,crop50_blur,0.870555579662323,0.15000000596046448,0.375
average,0.152,crop50_jpeg,0.6561111211776733,0.0,0.02500000037252903
average,0.152,macro_average,0.8121296366055807,,
average,0.1521,crop50,0.9097222089767456,0.28333333134651184,0.5333333611488342
average,0.1521,crop50_blur,0.8725000023841858,0.15833333134651184,0.3916666805744171
average,0.1521,crop50_jpeg,0.6561111211776733,0.0,0.02500000037252903
average,0.1521,macro_average,0.8127777775128683,,
average,0.1522,crop50,0.9097222089767456,0.28333333134651184,0.5333333611488342
average,0.1522,crop50_blur,0.8725000023841858,0.15833333134651184,0.3916666805744171
average,0.1522,crop50_jpeg,0.6561111211776733,0.0,0.02500000037252903
average,0.1522,macro_average,0.8127777775128683,,
average,0.1523,crop50,0.9097222089767456,0.28333333134651184,0.5333333611488342
average,0.1523,crop50_blur,0.8725000023841858,0.15833333134651184,0.3916666805744171
average,0.1523,crop50_jpeg,0.6561111211776733,0.0,0.02500000037252903
average,0.1523,macro_average,0.8127777775128683,,
average,0.15239999999999998,crop50,0.9100000262260437,0.28333333134651184,0.5416666865348816
average,0.15239999999999998,crop50_blur,0.8725000023841858,0.15833333134651184,0.3916666805744171
average,0.15239999999999998,crop50_jpeg,0.6583333611488342,0.0,0.03333333507180214
average,0.15239999999999998,macro_average,0.8136111299196879,,
average,0.1525,crop50,0.9100000262260437,0.28333333134651184,0.5416666865348816
average,0.1525,crop50_blur,0.8725000023841858,0.15833333134651184,0.3916666805744171
average,0.1525,crop50_jpeg,0.6583333611488342,0.0,0.03333333507180214
average,0.1525,macro_average,0.8136111299196879,,
average,0.1526,crop50,0.9100000262260437,0.28333333134651184,0.5416666865348816
average,0.1526,crop50_blur,0.8725000023841858,0.15833333134651184,0.3916666805744171
average,0.1526,crop50_jpeg,0.6583333611488342,0.0,0.03333333507180214
average,0.1526,macro_average,0.8136111299196879,,
average,0.1527,crop50,0.9100000262260437,0.28333333134651184,0.5416666865348816
average,0.1527,crop50_blur,0.8738889098167419,0.15833333134651184,0.4000000059604645
average,0.1527,crop50_jpeg,0.6583333611488342,0.0,0.03333333507180214
average,0.1527,macro_average,0.8140740990638733,,
average,0.1528,crop50,0.9100000262260437,0.28333333134651184,0.5416666865348816
average,0.1528,crop50_blur,0.8738889098167419,0.15833333134651184,0.4000000059604645
average,0.1528,crop50_jpeg,0.6583333611488342,0.0,0.03333333507180214
average,0.1528,macro_average,0.8140740990638733,,
average,0.15289999999999998,crop50,0.9105555415153503,0.28333333134651184,0.550000011920929
average,0.15289999999999998,crop50_blur,0.8738889098167419,0.15833333134651184,0.4000000059604645
average,0.15289999999999998,crop50_jpeg,0.6583333611488342,0.0,0.03333333507180214
average,0.15289999999999998,macro_average,0.8142592708269755,,
average,0.153,crop50,0.9116666913032532,0.28333333134651184,0.5583333373069763
average,0.153,crop50_blur,0.8738889098167419,0.15833333134651184,0.40833333134651184
average,0.153,crop50_jpeg,0.6583333611488342,0.0,0.03333333507180214
average,0.153,macro_average,0.8146296540896097,,
average,0.1531,crop50,0.9116666913032532,0.28333333134651184,0.5583333373069763
average,0.1531,crop50_blur,0.8747222423553467,0.15833333134651184,0.4166666567325592
average,0.1531,crop50_jpeg,0.6583333611488342,0.0,0.03333333507180214
average,0.1531,macro_average,0.814907431602478,,
average,0.1532,crop50,0.9113888740539551,0.2750000059604645,0.574999988079071
average,0.1532,crop50_blur,0.8752777576446533,0.15833333134651184,0.42500001192092896
average,0.1532,crop50_jpeg,0.6572222113609314,0.0,0.0416666679084301
average,0.1532,macro_average,0.8146296143531799,,
average,0.1533,crop50,0.9113888740539551,0.2750000059604645,0.574999988079071
average,0.1533,crop50_blur,0.875,0.15833333134651184,0.4416666626930237
average,0.1533,crop50_jpeg,0.6572222113609314,0.0,0.0416666679084301
average,0.1533,macro_average,0.8145370284716288,,
average,0.15339999999999998,crop50,0.9113888740539551,0.2750000059604645,0.574999988079071
average,0.15339999999999998,crop50_blur,0.8758333325386047,0.1666666716337204,0.44999998807907104
average,0.15339999999999998,crop50_jpeg,0.6541666388511658,0.0,0.05000000074505806
average,0.15339999999999998,macro_average,0.8137962818145752,,
average,0.1535,crop50,0.9125000238418579,0.2750000059604645,0.5916666388511658
average,0.1535,crop50_blur,0.8777777552604675,0.1666666716337204,0.4583333432674408
average,0.1535,crop50_jpeg,0.6541666388511658,0.0,0.05000000074505806
average,0.1535,macro_average,0.8148148059844971,,
average,0.15360000000000001,crop50,0.9125000238418579,0.2750000059604645,0.5916666388511658
average,0.15360000000000001,crop50_blur,0.8777777552604675,0.1666666716337204,0.4583333432674408
average,0.15360000000000001,crop50_jpeg,0.6524999737739563,0.0,0.05833333358168602
average,0.15360000000000001,macro_average,0.8142592509587606,,
average,0.1537,crop50,0.9125000238418579,0.2750000059604645,0.5916666388511658
average,0.1537,crop50_blur,0.8780555725097656,0.1666666716337204,0.46666666865348816
average,0.1537,crop50_jpeg,0.6524999737739563,0.0,0.05833333358168602
average,0.1537,macro_average,0.8143518567085266,,
average,0.1538,crop50,0.9125000238418579,0.2750000059604645,0.5916666388511658
average,0.1538,crop50_blur,0.8788889050483704,0.1666666716337204,0.4833333194255829
average,0.1538,crop50_jpeg,0.6524999737739563,0.0,0.05833333358168602
average,0.1538,macro_average,0.8146296342213949,,
average,0.15389999999999998,crop50,0.9125000238418579,0.2750000059604645,0.5916666388511658
average,0.15389999999999998,crop50_blur,0.8788889050483704,0.1666666716337204,0.4833333194255829
average,0.15389999999999998,crop50_jpeg,0.6524999737739563,0.0,0.05833333358168602
average,0.15389999999999998,macro_average,0.8146296342213949,,
average,0.154,crop50,0.9125000238418579,0.2750000059604645,0.6000000238418579
average,0.154,crop50_blur,0.8788889050483704,0.1666666716337204,0.4833333194255829
average,0.154,crop50_jpeg,0.6524999737739563,0.0,0.05833333358168602
average,0.154,macro_average,0.8146296342213949,,
average,0.1541,crop50,0.9125000238418579,0.2750000059604645,0.6000000238418579
average,0.1541,crop50_blur,0.8791666626930237,0.1666666716337204,0.49166667461395264
average,0.1541,crop50_jpeg,0.6524999737739563,0.0,0.05833333358168602
average,0.1541,macro_average,0.8147222201029459,,
average,0.1542,crop50,0.9125000238418579,0.2750000059604645,0.6000000238418579
average,0.1542,crop50_blur,0.8791666626930237,0.1666666716337204,0.49166667461395264
average,0.1542,crop50_jpeg,0.6524999737739563,0.0,0.05833333358168602
average,0.1542,macro_average,0.8147222201029459,,
average,0.1543,crop50,0.9125000238418579,0.2750000059604645,0.6000000238418579
average,0.1543,crop50_blur,0.8816666603088379,0.1666666716337204,0.5
average,0.1543,crop50_jpeg,0.6524999737739563,0.0,0.05833333358168602
average,0.1543,macro_average,0.8155555526415507,,
average,0.15439999999999998,crop50,0.9125000238418579,0.2750000059604645,0.6000000238418579
average,0.15439999999999998,crop50_blur,0.8824999928474426,0.1666666716337204,0.5083333253860474
average,0.15439999999999998,crop50_jpeg,0.6524999737739563,0.0,0.05833333358168602
average,0.15439999999999998,macro_average,0.815833330154419,,
average,0.1545,crop50,0.9125000238418579,0.2750000059604645,0.6000000238418579
average,0.1545,crop50_blur,0.8824999928474426,0.1666666716337204,0.5083333253860474
average,0.1545,crop50_jpeg,0.6524999737739563,0.0,0.05833333358168602
average,0.1545,macro_average,0.815833330154419,,
average,0.1546,crop50,0.9127777814865112,0.2750000059604645,0.6166666746139526
average,0.1546,crop50_blur,0.8824999928474426,0.1666666716337204,0.5083333253860474
average,0.1546,crop50_jpeg,0.6524999737739563,0.0,0.05833333358168602
average,0.1546,macro_average,0.8159259160359701,,
average,0.1547,crop50,0.9127777814865112,0.2750000059604645,0.6166666746139526
average,0.1547,crop50_blur,0.8849999904632568,0.1666666716337204,0.5166666507720947
average,0.1547,crop50_jpeg,0.6524999737739563,0.0,0.05833333358168602
average,0.1547,macro_average,0.8167592485745748,,
average,0.1548,crop50,0.9127777814865112,0.2750000059604645,0.6166666746139526
average,0.1548,crop50_blur,0.8855555653572083,0.1666666716337204,0.5249999761581421
average,0.1548,crop50_jpeg,0.6524999737739563,0.0,0.05833333358168602
average,0.1548,macro_average,0.816944440205892,,
average,0.15489999999999998,crop50,0.9127777814865112,0.2750000059604645,0.6166666746139526
average,0.15489999999999998,crop50_blur,0.8877778053283691,0.1666666716337204,0.5416666865348816
average,0.15489999999999998,crop50_jpeg,0.6524999737739563,0.0,0.05833333358168602
average,0.15489999999999998,macro_average,0.8176851868629456,,
average,0.155,crop50,0.9127777814865112,0.2750000059604645,0.6166666746139526
average,0.155,crop50_blur,0.8877778053283691,0.1666666716337204,0.5416666865348816
average,0.155,crop50_jpeg,0.6524999737739563,0.0,0.05833333358168602
average,0.155,macro_average,0.8176851868629456,,
average,0.1551,crop50,0.9133333563804626,0.28333333134651184,0.6333333253860474
average,0.1551,crop50_blur,0.8877778053283691,0.1666666716337204,0.5416666865348816
average,0.1551,crop50_jpeg,0.6524999737739563,0.0,0.05833333358168602
average,0.1551,macro_average,0.8178703784942627,,
average,0.1552,crop50,0.9133333563804626,0.28333333134651184,0.6333333253860474
average,0.1552,crop50_blur,0.8877778053283691,0.1666666716337204,0.5416666865348816
average,0.1552,crop50_jpeg,0.6524999737739563,0.0,0.05833333358168602
average,0.1552,macro_average,0.8178703784942627,,
average,0.1553,crop50,0.913611114025116,0.28333333134651184,0.6416666507720947
average,0.1553,crop50_blur,0.8880555629730225,0.1666666716337204,0.550000011920929
average,0.1553,crop50_jpeg,0.6524999737739563,0.0,0.05833333358168602
average,0.1553,macro_average,0.8180555502573649,,
average,0.15539999999999998,crop50,0.914722204208374,0.28333333134651184,0.6499999761581421
average,0.15539999999999998,crop50_blur,0.8880555629730225,0.1666666716337204,0.550000011920929
average,0.15539999999999998,crop50_jpeg,0.6524999737739563,0.0,0.05833333358168602
average,0.15539999999999998,macro_average,0.8184259136517843,,
average,0.1555,crop50,0.9144444465637207,0.28333333134651184,0.6583333611488342
average,0.1555,crop50_blur,0.8880555629730225,0.1666666716337204,0.550000011920929
average,0.1555,crop50_jpeg,0.6524999737739563,0.0,0.05833333358168602
average,0.1555,macro_average,0.8183333277702332,,
average,0.1556,crop50,0.9144444465637207,0.28333333134651184,0.6583333611488342
average,0.1556,crop50_blur,0.8886111378669739,0.1666666716337204,0.5583333373069763
average,0.1556,crop50_jpeg,0.6527777910232544,0.0,0.06666667014360428
average,0.1556,macro_average,0.8186111251513163,,
average,0.1557,crop50,0.9144444465637207,0.28333333134651184,0.6583333611488342
average,0.1557,crop50_blur,0.8886111378669739,0.1666666716337204,0.5583333373069763
average,0.1557,crop50_jpeg,0.6527777910232544,0.0,0.06666667014360428
average,0.1557,macro_average,0.8186111251513163,,
average,0.1558,crop50,0.9144444465637207,0.28333333134651184,0.6583333611488342
average,0.1558,crop50_blur,0.8897222280502319,0.1666666716337204,0.5666666626930237
average,0.1558,crop50_jpeg,0.6527777910232544,0.0,0.06666667014360428
average,0.1558,macro_average,0.8189814885457357,,
average,0.15589999999999998,crop50,0.9138888716697693,0.28333333134651184,0.6666666865348816
average,0.15589999999999998,crop50_blur,0.8897222280502319,0.1666666716337204,0.5666666626930237
average,0.15589999999999998,crop50_jpeg,0.6527777910232544,0.0,0.06666667014360428
average,0.15589999999999998,macro_average,0.8187962969144186,,
average,0.156,crop50,0.9138888716697693,0.28333333134651184,0.6666666865348816
average,0.156,crop50_blur,0.8897222280502319,0.1666666716337204,0.5666666626930237
average,0.156,crop50_jpeg,0.6527777910232544,0.0,0.06666667014360428
average,0.156,macro_average,0.8187962969144186,,
average,0.1561,crop50,0.9138888716697693,0.28333333134651184,0.6666666865348816
average,0.1561,crop50_blur,0.8897222280502319,0.1666666716337204,0.5666666626930237
average,0.1561,crop50_jpeg,0.6527777910232544,0.0,0.06666667014360428
average,0.1561,macro_average,0.8187962969144186,,
average,0.1562,crop50,0.9166666865348816,0.28333333134651184,0.675000011920929
average,0.1562,crop50_blur,0.8897222280502319,0.1666666716337204,0.5666666626930237
average,0.1562,crop50_jpeg,0.6527777910232544,0.0,0.06666667014360428
average,0.1562,macro_average,0.8197222352027893,,
average,0.1563,crop50,0.9166666865348816,0.28333333134651184,0.675000011920929
average,0.1563,crop50_blur,0.8922222256660461,0.1666666716337204,0.574999988079071
average,0.1563,crop50_jpeg,0.6527777910232544,0.0,0.06666667014360428
average,0.1563,macro_average,0.820555567741394,,
average,0.15639999999999998,crop50,0.9166666865348816,0.28333333134651184,0.675000011920929
average,0.15639999999999998,crop50_blur,0.8922222256660461,0.1666666716337204,0.574999988079071
average,0.15639999999999998,crop50_jpeg,0.6527777910232544,0.0,0.06666667014360428
average,0.15639999999999998,macro_average,0.820555567741394,,
average,0.1565,crop50,0.9166666865348816,0.28333333134651184,0.675000011920929
average,0.1565,crop50_blur,0.8922222256660461,0.1666666716337204,0.574999988079071
average,0.1565,crop50_jpeg,0.6527777910232544,0.0,0.06666667014360428
average,0.1565,macro_average,0.820555567741394,,
average,0.1566,crop50,0.9161111116409302,0.28333333134651184,0.6833333373069763
average,0.1566,crop50_blur,0.8938888907432556,0.17499999701976776,0.5833333134651184
average,0.1566,crop50_jpeg,0.6527777910232544,0.0,0.06666667014360428
average,0.1566,macro_average,0.8209259311358134,,
average,0.1567,crop50,0.9161111116409302,0.28333333134651184,0.6833333373069763
average,0.1567,crop50_blur,0.8938888907432556,0.17499999701976776,0.5833333134651184
average,0.1567,crop50_jpeg,0.6527777910232544,0.0,0.06666667014360428
average,0.1567,macro_average,0.8209259311358134,,
average,0.1568,crop50,0.9161111116409302,0.28333333134651184,0.699999988079071
average,0.1568,crop50_blur,0.894444465637207,0.18333333730697632,0.6000000238418579
average,0.1568,crop50_jpeg,0.6527777910232544,0.0,0.06666667014360428
average,0.1568,macro_average,0.8211111227671305,,
average,0.15689999999999998,crop50,0.9161111116409302,0.28333333134651184,0.699999988079071
average,0.15689999999999998,crop50_blur,0.8952777981758118,0.18333333730697632,0.6083333492279053
average,0.15689999999999998,crop50_jpeg,0.6527777910232544,0.0,0.06666667014360428
average,0.15689999999999998,macro_average,0.8213889002799988,,
average,0.157,crop50,0.9161111116409302,0.28333333134651184,0.699999988079071
average,0.157,crop50_blur,0.8952777981758118,0.18333333730697632,0.6083333492279053
average,0.157,crop50_jpeg,0.6527777910232544,0.0,0.06666667014360428
average,0.157,macro_average,0.8213889002799988,,
average,0.1571,crop50,0.9166666865348816,0.28333333134651184,0.7083333134651184
average,0.1571,crop50_blur,0.897777795791626,0.18333333730697632,0.6166666746139526
average,0.1571,crop50_jpeg,0.6527777910232544,0.0,0.06666667014360428
average,0.1571,macro_average,0.8224074244499207,,
average,0.1572,crop50,0.9166666865348816,0.28333333134651184,0.7083333134651184
average,0.1572,crop50_blur,0.897777795791626,0.18333333730697632,0.6166666746139526
average,0.1572,crop50_jpeg,0.6527777910232544,0.0,0.06666667014360428
average,0.1572,macro_average,0.8224074244499207,,
average,0.1573,crop50,0.9166666865348816,0.28333333134651184,0.7083333134651184
average,0.1573,crop50_blur,0.8997222185134888,0.18333333730697632,0.625
average,0.1573,crop50_jpeg,0.6527777910232544,0.0,0.06666667014360428
average,0.1573,macro_average,0.8230555653572083,,
average,0.15739999999999998,crop50,0.918055534362793,0.2916666567325592,0.7250000238418579
average,0.15739999999999998,crop50_blur,0.8997222185134888,0.18333333730697632,0.625
average,0.15739999999999998,crop50_jpeg,0.6527777910232544,0.0,0.06666667014360428
average,0.15739999999999998,macro_average,0.8235185146331787,,
average,0.1575,crop50,0.918055534362793,0.2916666567325592,0.7250000238418579
average,0.1575,crop50_blur,0.8997222185134888,0.18333333730697632,0.625
average,0.1575,crop50_jpeg,0.6527777910232544,0.0,0.06666667014360428
average,0.1575,macro_average,0.8235185146331787,,
average,0.1576,crop50,0.918055534362793,0.2916666567325592,0.7333333492279053
average,0.1576,crop50_blur,0.8997222185134888,0.18333333730697632,0.625
average,0.1576,crop50_jpeg,0.6527777910232544,0.0,0.06666667014360428
average,0.1576,macro_average,0.8235185146331787,,
average,0.1577,crop50,0.918055534362793,0.2916666567325592,0.7333333492279053
average,0.1577,crop50_blur,0.8997222185134888,0.18333333730697632,0.6333333253860474
average,0.1577,crop50_jpeg,0.6527777910232544,0.0,0.06666667014360428
average,0.1577,macro_average,0.8235185146331787,,
average,0.1578,crop50,0.9183333516120911,0.2916666567325592,0.7416666746139526
average,0.1578,crop50_blur,0.8997222185134888,0.18333333730697632,0.6333333253860474
average,0.1578,crop50_jpeg,0.6527777910232544,0.0,0.06666667014360428
average,0.1578,macro_average,0.8236111203829447,,
average,0.15789999999999998,crop50,0.9183333516120911,0.2916666567325592,0.7416666746139526
average,0.15789999999999998,crop50_blur,0.8997222185134888,0.18333333730697632,0.6333333253860474
average,0.15789999999999998,crop50_jpeg,0.6527777910232544,0.0,0.06666667014360428
average,0.15789999999999998,macro_average,0.8236111203829447,,
average,0.158,crop50,0.9186111092567444,0.2916666567325592,0.7583333253860474
average,0.158,crop50_blur,0.8997222185134888,0.18333333730697632,0.6333333253860474
average,0.158,crop50_jpeg,0.6527777910232544,0.0,0.06666667014360428
average,0.158,macro_average,0.8237037062644958,,
average,0.1581,crop50,0.9186111092567444,0.2916666567325592,0.7583333253860474
average,0.1581,crop50_blur,0.8997222185134888,0.18333333730697632,0.6333333253860474
average,0.1581,crop50_jpeg,0.6527777910232544,0.0,0.06666667014360428
average,0.1581,macro_average,0.8237037062644958,,
average,0.1582,crop50,0.918055534362793,0.2916666567325592,0.7666666507720947
average,0.1582,crop50_blur,0.8997222185134888,0.18333333730697632,0.6333333253860474
average,0.1582,crop50_jpeg,0.6527777910232544,0.0,0.06666667014360428
average,0.1582,macro_average,0.8235185146331787,,
average,0.1583,crop50,0.918055534362793,0.2916666567325592,0.7666666507720947
average,0.1583,crop50_blur,0.8997222185134888,0.18333333730697632,0.6333333253860474
average,0.1583,crop50_jpeg,0.6511111259460449,0.0,0.07500000298023224
average,0.1583,macro_average,0.8229629596074423,,
average,0.15839999999999999,crop50,0.9202777743339539,0.2916666567325592,0.7833333611488342
average,0.15839999999999999,crop50_blur,0.8997222185134888,0.18333333730697632,0.6333333253860474
average,0.15839999999999999,crop50_jpeg,0.6511111259460449,0.0,0.07500000298023224
average,0.15839999999999999,macro_average,0.8237037062644958,,
average,0.1585,crop50,0.9202777743339539,0.2916666567325592,0.7833333611488342
average,0.1585,crop50_blur,0.8997222185134888,0.18333333730697632,0.6333333253860474
average,0.1585,crop50_jpeg,0.6511111259460449,0.0,0.07500000298023224
average,0.1585,macro_average,0.8237037062644958,,
average,0.1586,crop50,0.9202777743339539,0.2916666567325592,0.7833333611488342
average,0.1586,crop50_blur,0.8997222185134888,0.18333333730697632,0.6333333253860474
average,0.1586,crop50_jpeg,0.6511111259460449,0.0,0.07500000298023224
average,0.1586,macro_average,0.8237037062644958,,
average,0.1587,crop50,0.9202777743339539,0.2916666567325592,0.7833333611488342
average,0.1587,crop50_blur,0.8997222185134888,0.18333333730697632,0.6333333253860474
average,0.1587,crop50_jpeg,0.6511111259460449,0.0,0.0833333358168602
average,0.1587,macro_average,0.8237037062644958,,
average,0.1588,crop50,0.9202777743339539,0.2916666567325592,0.7833333611488342
average,0.1588,crop50_blur,0.8997222185134888,0.18333333730697632,0.6333333253860474
average,0.1588,crop50_jpeg,0.6511111259460449,0.0,0.0833333358168602
average,0.1588,macro_average,0.8237037062644958,,
average,0.15889999999999999,crop50,0.9202777743339539,0.2916666567325592,0.7833333611488342
average,0.15889999999999999,crop50_blur,0.8997222185134888,0.18333333730697632,0.6333333253860474
average,0.15889999999999999,crop50_jpeg,0.6511111259460449,0.0,0.0833333358168602
average,0.15889999999999999,macro_average,0.8237037062644958,,
average,0.159,crop50,0.9202777743339539,0.2916666567325592,0.7833333611488342
average,0.159,crop50_blur,0.8997222185134888,0.18333333730697632,0.6333333253860474
average,0.159,crop50_jpeg,0.6511111259460449,0.0,0.0833333358168602
average,0.159,macro_average,0.8237037062644958,,
average,0.1591,crop50,0.9202777743339539,0.2916666567325592,0.7833333611488342
average,0.1591,crop50_blur,0.8997222185134888,0.18333333730697632,0.6333333253860474
average,0.1591,crop50_jpeg,0.6511111259460449,0.0,0.09166666865348816
average,0.1591,macro_average,0.8237037062644958,,
average,0.1592,crop50,0.9211111068725586,0.2916666567325592,0.7916666865348816
average,0.1592,crop50_blur,0.8997222185134888,0.18333333730697632,0.6333333253860474
average,0.1592,crop50_jpeg,0.6511111259460449,0.0,0.09166666865348816
average,0.1592,macro_average,0.8239814837773641,,
average,0.1593,crop50,0.9211111068725586,0.2916666567325592,0.7916666865348816
average,0.1593,crop50_blur,0.9005555510520935,0.18333333730697632,0.6416666507720947
average,0.1593,crop50_jpeg,0.653333306312561,0.0,0.10000000149011612
average,0.1593,macro_average,0.824999988079071,,
average,0.1594,crop50,0.92166668176651,0.2916666567325592,0.800000011920929
average,0.1594,crop50_blur,0.9013888835906982,0.18333333730697632,0.6583333611488342
average,0.1594,crop50_jpeg,0.653333306312561,0.0,0.10000000149011612
average,0.1594,macro_average,0.8254629572232565,,
average,0.1595,crop50,0.92166668176651,0.2916666567325592,0.800000011920929
average,0.1595,crop50_blur,0.9013888835906982,0.18333333730697632,0.6583333611488342
average,0.1595,crop50_jpeg,0.6536111235618591,0.0,0.10833333432674408
average,0.1595,macro_average,0.8255555629730225,,
average,0.1596,crop50,0.92166668176651,0.2916666567325592,0.800000011920929
average,0.1596,crop50_blur,0.9013888835906982,0.18333333730697632,0.6583333611488342
average,0.1596,crop50_jpeg,0.6536111235618591,0.0,0.10833333432674408
average,0.1596,macro_average,0.8255555629730225,,
average,0.1597,crop50,0.92166668176651,0.2916666567325592,0.800000011920929
average,0.1597,crop50_blur,0.9013888835906982,0.18333333730697632,0.6583333611488342
average,0.1597,crop50_jpeg,0.6536111235618591,0.0,0.10833333432674408
average,0.1597,macro_average,0.8255555629730225,,
average,0.1598,crop50,0.92166668176651,0.2916666567325592,0.8083333373069763
average,0.1598,crop50_blur,0.9019444584846497,0.17499999701976776,0.675000011920929
average,0.1598,crop50_jpeg,0.6536111235618591,0.0,0.10833333432674408
average,0.1598,macro_average,0.8257407546043396,,
average,0.1599,crop50,0.92166668176651,0.2916666567325592,0.8083333373069763
average,0.1599,crop50_blur,0.9024999737739563,0.18333333730697632,0.6833333373069763
average,0.1599,crop50_jpeg,0.6519444584846497,0.0,0.11666666716337204
average,0.1599,macro_average,0.8253703713417053,,
average,0.16,crop50,0.92166668176651,0.2916666567325592,0.8083333373069763
average,0.16,crop50_blur,0.9024999737739563,0.18333333730697632,0.6833333373069763
average,0.16,crop50_jpeg,0.6519444584846497,0.0,0.11666666716337204
average,0.16,macro_average,0.8253703713417053,,
average,0.1601,crop50,0.92166668176651,0.2916666567325592,0.8083333373069763
average,0.1601,crop50_blur,0.9024999737739563,0.18333333730697632,0.6833333373069763
average,0.1601,crop50_jpeg,0.6519444584846497,0.0,0.11666666716337204
average,0.1601,macro_average,0.8253703713417053,,
average,0.1602,crop50,0.92166668176651,0.2916666567325592,0.8083333373069763
average,0.1602,crop50_blur,0.9024999737739563,0.18333333730697632,0.6833333373069763
average,0.1602,crop50_jpeg,0.6519444584846497,0.0,0.11666666716337204
average,0.1602,macro_average,0.8253703713417053,,
average,0.1603,crop50,0.92166668176651,0.2916666567325592,0.8083333373069763
average,0.1603,crop50_blur,0.9027777910232544,0.18333333730697632,0.6916666626930237
average,0.1603,crop50_jpeg,0.6519444584846497,0.0,0.11666666716337204
average,0.1603,macro_average,0.8254629770914713,,
average,0.1604,crop50,0.9241666793823242,0.2916666567325592,0.8166666626930237
average,0.1604,crop50_blur,0.9047222137451172,0.18333333730697632,0.7083333134651184
average,0.1604,crop50_jpeg,0.6519444584846497,0.0,0.11666666716337204
average,0.1604,macro_average,0.8269444505373637,,
average,0.1605,crop50,0.9252777695655823,0.2916666567325592,0.824999988079071
average,0.1605,crop50_blur,0.9052777886390686,0.18333333730697632,0.7250000238418579
average,0.1605,crop50_jpeg,0.6519444584846497,0.0,0.11666666716337204
average,0.1605,macro_average,0.8275000055631002,,
average,0.1606,crop50,0.9252777695655823,0.2916666567325592,0.824999988079071
average,0.1606,crop50_blur,0.9052777886390686,0.18333333730697632,0.7250000238418579
average,0.1606,crop50_jpeg,0.6519444584846497,0.0,0.11666666716337204
average,0.1606,macro_average,0.8275000055631002,,
average,0.1607,crop50,0.9252777695655823,0.2916666567325592,0.824999988079071
average,0.1607,crop50_blur,0.9052777886390686,0.18333333730697632,0.7250000238418579
average,0.1607,crop50_jpeg,0.6519444584846497,0.0,0.11666666716337204
average,0.1607,macro_average,0.8275000055631002,,
average,0.1608,crop50,0.9252777695655823,0.2916666567325592,0.824999988079071
average,0.1608,crop50_blur,0.9052777886390686,0.18333333730697632,0.7250000238418579
average,0.1608,crop50_jpeg,0.6519444584846497,0.0,0.11666666716337204
average,0.1608,macro_average,0.8275000055631002,,
average,0.1609,crop50,0.9291666746139526,0.2916666567325592,0.8333333134651184
average,0.1609,crop50_blur,0.9088888764381409,0.18333333730697632,0.7333333492279053
average,0.1609,crop50_jpeg,0.6519444584846497,0.0,0.11666666716337204
average,0.1609,macro_average,0.8300000031789144,,
average,0.161,crop50,0.9291666746139526,0.2916666567325592,0.8333333134651184
average,0.161,crop50_blur,0.9100000262260437,0.18333333730697632,0.7416666746139526
average,0.161,crop50_jpeg,0.6519444584846497,0.0,0.11666666716337204
average,0.161,macro_average,0.8303703864415487,,
average,0.1611,crop50,0.9291666746139526,0.2916666567325592,0.8333333134651184
average,0.1611,crop50_blur,0.9100000262260437,0.18333333730697632,0.7416666746139526
average,0.1611,crop50_jpeg,0.6519444584846497,0.0,0.11666666716337204
average,0.1611,macro_average,0.8303703864415487,,
average,0.1612,crop50,0.9291666746139526,0.2916666567325592,0.8333333134651184
average,0.1612,crop50_blur,0.9100000262260437,0.18333333730697632,0.7416666746139526
average,0.1612,crop50_jpeg,0.6519444584846497,0.0,0.11666666716337204
average,0.1612,macro_average,0.8303703864415487,,
average,0.1613,crop50,0.9291666746139526,0.2916666567325592,0.8333333134651184
average,0.1613,crop50_blur,0.9100000262260437,0.18333333730697632,0.7416666746139526
average,0.1613,crop50_jpeg,0.6519444584846497,0.0,0.11666666716337204
average,0.1613,macro_average,0.8303703864415487,,
average,0.1614,crop50,0.9291666746139526,0.2916666567325592,0.8333333134651184
average,0.1614,crop50_blur,0.9100000262260437,0.18333333730697632,0.7416666746139526
average,0.1614,crop50_jpeg,0.6530555486679077,0.0,0.125
average,0.1614,macro_average,0.830740749835968,,
average,0.1615,crop50,0.9291666746139526,0.2916666567325592,0.8333333134651184
average,0.1615,crop50_blur,0.9100000262260437,0.18333333730697632,0.7416666746139526
average,0.1615,crop50_jpeg,0.6524999737739563,0.0,0.13333334028720856
average,0.1615,macro_average,0.8305555582046509,,
average,0.1616,crop50,0.9291666746139526,0.2916666567325592,0.8416666388511658
average,0.1616,crop50_blur,0.9100000262260437,0.18333333730697632,0.7416666746139526
average,0.1616,crop50_jpeg,0.6524999737739563,0.0,0.13333334028720856
average,0.1616,macro_average,0.8305555582046509,,
average,0.1617,crop50,0.9291666746139526,0.2916666567325592,0.8416666388511658
average,0.1617,crop50_blur,0.9100000262260437,0.18333333730697632,0.7416666746139526
average,0.1617,crop50_jpeg,0.6524999737739563,0.0,0.13333334028720856
average,0.1617,macro_average,0.8305555582046509,,
average,0.1618,crop50,0.929722249507904,0.2916666567325592,0.8500000238418579
average,0.1618,crop50_blur,0.9100000262260437,0.18333333730697632,0.7416666746139526
average,0.1618,crop50_jpeg,0.6524999737739563,0.0,0.13333334028720856
average,0.1618,macro_average,0.830740749835968,,
average,0.1619,crop50,0.929722249507904,0.2916666567325592,0.8500000238418579
average,0.1619,crop50_blur,0.9100000262260437,0.18333333730697632,0.7416666746139526
average,0.1619,crop50_jpeg,0.6524999737739563,0.0,0.13333334028720856
average,0.1619,macro_average,0.830740749835968,,
average,0.162,crop50,0.929722249507904,0.2916666567325592,0.8500000238418579
average,0.162,crop50_blur,0.9113888740539551,0.18333333730697632,0.7666666507720947
average,0.162,crop50_jpeg,0.6513888835906982,0.0,0.14166666567325592
average,0.162,macro_average,0.8308333357175192,,
average,0.1621,crop50,0.929722249507904,0.2916666567325592,0.8500000238418579
average,0.1621,crop50_blur,0.9113888740539551,0.18333333730697632,0.7666666507720947
average,0.1621,crop50_jpeg,0.6511111259460449,0.0,0.15000000596046448
average,0.1621,macro_average,0.830740749835968,,
average,0.1622,crop50,0.929722249507904,0.2916666567325592,0.8500000238418579
average,0.1622,crop50_blur,0.9113888740539551,0.18333333730697632,0.7666666507720947
average,0.1622,crop50_jpeg,0.6511111259460449,0.0,0.15000000596046448
average,0.1622,macro_average,0.830740749835968,,
average,0.1623,crop50,0.929722249507904,0.2916666567325592,0.8500000238418579
average,0.1623,crop50_blur,0.9133333563804626,0.18333333730697632,0.7749999761581421
average,0.1623,crop50_jpeg,0.6511111259460449,0.0,0.15000000596046448
average,0.1623,macro_average,0.8313889106114706,,
average,0.1624,crop50,0.929722249507904,0.2916666567325592,0.8500000238418579
average,0.1624,crop50_blur,0.913611114025116,0.18333333730697632,0.7916666865348816
average,0.1624,crop50_jpeg,0.6511111259460449,0.0,0.15000000596046448
average,0.1624,macro_average,0.8314814964930216,,
average,0.1625,crop50,0.929722249507904,0.2916666567325592,0.8500000238418579
average,0.1625,crop50_blur,0.913611114025116,0.18333333730697632,0.7916666865348816
average,0.1625,crop50_jpeg,0.6511111259460449,0.0,0.15000000596046448
average,0.1625,macro_average,0.8314814964930216,,
average,0.1626,crop50,0.929722249507904,0.2916666567325592,0.8500000238418579
average,0.1626,crop50_blur,0.9133333563804626,0.18333333730697632,0.800000011920929
average,0.1626,crop50_jpeg,0.6505555510520935,0.0,0.15833333134651184
average,0.1626,macro_average,0.8312037189801534,,
average,0.1627,crop50,0.929722249507904,0.2916666567325592,0.8500000238418579
average,0.1627,crop50_blur,0.9133333563804626,0.18333333730697632,0.800000011920929
average,0.1627,crop50_jpeg,0.6505555510520935,0.0,0.15833333134651184
average,0.1627,macro_average,0.8312037189801534,,
average,0.1628,crop50,0.929722249507904,0.2916666567325592,0.8500000238418579
average,0.1628,crop50_blur,0.913611114025116,0.18333333730697632,0.8083333373069763
average,0.1628,crop50_jpeg,0.6505555510520935,0.0,0.15833333134651184
average,0.1628,macro_average,0.8312963048617045,,
average,0.1629,crop50,0.929722249507904,0.2916666567325592,0.8500000238418579
average,0.1629,crop50_blur,0.913611114025116,0.18333333730697632,0.8083333373069763
average,0.1629,crop50_jpeg,0.6505555510520935,0.0,0.15833333134651184
average,0.1629,macro_average,0.8312963048617045,,
average,0.163,crop50,0.929722249507904,0.2916666567325592,0.8500000238418579
average,0.163,crop50_blur,0.913611114025116,0.18333333730697632,0.8083333373069763
average,0.163,crop50_jpeg,0.6505555510520935,0.0,0.15833333134651184
average,0.163,macro_average,0.8312963048617045,,
average,0.1631,crop50,0.9313889145851135,0.2916666567325592,0.8583333492279053
average,0.1631,crop50_blur,0.913611114025116,0.18333333730697632,0.8083333373069763
average,0.1631,crop50_jpeg,0.6508333086967468,0.0,0.1666666716337204
average,0.1631,macro_average,0.8319444457689921,,
average,0.1632,crop50,0.9313889145851135,0.2916666567325592,0.8583333492279053
average,0.1632,crop50_blur,0.9158333539962769,0.18333333730697632,0.8166666626930237
average,0.1632,crop50_jpeg,0.6508333086967468,0.0,0.1666666716337204
average,0.1632,macro_average,0.8326851924260458,,
average,0.1633,crop50,0.9313889145851135,0.2916666567325592,0.8583333492279053
average,0.1633,crop50_blur,0.9161111116409302,0.18333333730697632,0.824999988079071
average,0.1633,crop50_jpeg,0.6508333086967468,0.0,0.1666666716337204
average,0.1633,macro_average,0.8327777783075968,,
average,0.1634,crop50,0.9313889145851135,0.2916666567325592,0.8583333492279053
average,0.1634,crop50_blur,0.9161111116409302,0.18333333730697632,0.824999988079071
average,0.1634,crop50_jpeg,0.6508333086967468,0.0,0.17499999701976776
average,0.1634,macro_average,0.8327777783075968,,
average,0.1635,crop50,0.9313889145851135,0.2916666567325592,0.8583333492279053
average,0.1635,crop50_blur,0.9161111116409302,0.18333333730697632,0.824999988079071
average,0.1635,crop50_jpeg,0.6524999737739563,0.0,0.19166666269302368
average,0.1635,macro_average,0.8333333333333334,,
average,0.1636,crop50,0.9313889145851135,0.2916666567325592,0.8583333492279053
average,0.1636,crop50_blur,0.9161111116409302,0.18333333730697632,0.824999988079071
average,0.1636,crop50_jpeg,0.6524999737739563,0.0,0.19166666269302368
average,0.1636,macro_average,0.8333333333333334,,
average,0.1637,crop50,0.9319444298744202,0.2916666567325592,0.8666666746139526
average,0.1637,crop50_blur,0.9161111116409302,0.18333333730697632,0.824999988079071
average,0.1637,crop50_jpeg,0.6524999737739563,0.0,0.19166666269302368
average,0.1637,macro_average,0.8335185050964355,,
average,0.1638,crop50,0.9319444298744202,0.2916666567325592,0.8666666746139526
average,0.1638,crop50_blur,0.9161111116409302,0.18333333730697632,0.824999988079071
average,0.1638,crop50_jpeg,0.6524999737739563,0.0,0.19166666269302368
average,0.1638,macro_average,0.8335185050964355,,
average,0.1639,crop50,0.9319444298744202,0.2916666567325592,0.8666666746139526
average,0.1639,crop50_blur,0.9166666865348816,0.18333333730697632,0.8333333134651184
average,0.1639,crop50_jpeg,0.6524999737739563,0.0,0.19166666269302368
average,0.1639,macro_average,0.8337036967277527,,
average,0.164,crop50,0.9319444298744202,0.2916666567325592,0.8666666746139526
average,0.164,crop50_blur,0.9166666865348816,0.18333333730697632,0.8333333134651184
average,0.164,crop50_jpeg,0.652222216129303,0.0,0.20000000298023224
average,0.164,macro_average,0.8336111108462015,,
average,0.1641,crop50,0.9319444298744202,0.2916666567325592,0.8666666746139526
average,0.1641,crop50_blur,0.9166666865348816,0.18333333730697632,0.8333333134651184
average,0.1641,crop50_jpeg,0.652222216129303,0.0,0.20000000298023224
average,0.1641,macro_average,0.8336111108462015,,
average,0.1642,crop50,0.9319444298744202,0.2916666567325592,0.8666666746139526
average,0.1642,crop50_blur,0.9175000190734863,0.18333333730697632,0.8416666388511658
average,0.1642,crop50_jpeg,0.6519444584846497,0.0,0.21666666865348816
average,0.1642,macro_average,0.8337963024775187,,
average,0.1643,crop50,0.9319444298744202,0.2916666567325592,0.8666666746139526
average,0.1643,crop50_blur,0.9175000190734863,0.18333333730697632,0.8416666388511658
average,0.1643,crop50_jpeg,0.6519444584846497,0.0,0.21666666865348816
average,0.1643,macro_average,0.8337963024775187,,
average,0.1644,crop50,0.9336110949516296,0.2916666567325592,0.875
average,0.1644,crop50_blur,0.9175000190734863,0.18333333730697632,0.8416666388511658
average,0.1644,crop50_jpeg,0.6519444584846497,0.0,0.21666666865348816
average,0.1644,macro_average,0.8343518575032552,,
average,0.1645,crop50,0.9336110949516296,0.2916666567325592,0.875
average,0.1645,crop50_blur,0.9183333516120911,0.18333333730697632,0.8500000238418579
average,0.1645,crop50_jpeg,0.6519444584846497,0.0,0.21666666865348816
average,0.1645,macro_average,0.8346296350161234,,
average,0.1646,crop50,0.934166669845581,0.30000001192092896,0.8833333253860474
average,0.1646,crop50_blur,0.9183333516120911,0.18333333730697632,0.8500000238418579
average,0.1646,crop50_jpeg,0.6519444584846497,0.0,0.21666666865348816
average,0.1646,macro_average,0.8348148266474406,,
average,0.1647,crop50,0.934166669845581,0.30000001192092896,0.8833333253860474
average,0.1647,crop50_blur,0.9183333516120911,0.18333333730697632,0.8500000238418579
average,0.1647,crop50_jpeg,0.6530555486679077,0.0,0.22499999403953552
average,0.1647,macro_average,0.83518519004186,,
average,0.1648,crop50,0.934166669845581,0.30000001192092896,0.8833333253860474
average,0.1648,crop50_blur,0.9188888669013977,0.18333333730697632,0.8583333492279053
average,0.1648,crop50_jpeg,0.6530555486679077,0.0,0.22499999403953552
average,0.1648,macro_average,0.8353703618049622,,
average,0.1649,crop50,0.934166669845581,0.30000001192092896,0.8833333253860474
average,0.1649,crop50_blur,0.9188888669013977,0.18333333730697632,0.8583333492279053
average,0.1649,crop50_jpeg,0.6530555486679077,0.0,0.22499999403953552
average,0.1649,macro_average,0.8353703618049622,,
average,0.165,crop50,0.9333333373069763,0.30000001192092896,0.8916666507720947
average,0.165,crop50_blur,0.9188888669013977,0.18333333730697632,0.8583333492279053
average,0.165,crop50_jpeg,0.6530555486679077,0.0,0.22499999403953552
average,0.165,macro_average,0.8350925842920939,,
average,0.1651,crop50,0.9333333373069763,0.30000001192092896,0.8916666507720947
average,0.1651,crop50_blur,0.9197221994400024,0.18333333730697632,0.8666666746139526
average,0.1651,crop50_jpeg,0.6530555486679077,0.0,0.23333333432674408
average,0.1651,macro_average,0.8353703618049622,,
average,0.1652,crop50,0.9333333373069763,0.30000001192092896,0.8916666507720947
average,0.1652,crop50_blur,0.9197221994400024,0.18333333730697632,0.8666666746139526
average,0.1652,crop50_jpeg,0.6530555486679077,0.0,0.23333333432674408
average,0.1652,macro_average,0.8353703618049622,,
average,0.1653,crop50,0.9333333373069763,0.30000001192092896,0.8916666507720947
average,0.1653,crop50_blur,0.9197221994400024,0.18333333730697632,0.8666666746139526
average,0.1653,crop50_jpeg,0.6530555486679077,0.0,0.23333333432674408
average,0.1653,macro_average,0.8353703618049622,,
average,0.1654,crop50,0.9333333373069763,0.30000001192092896,0.8916666507720947
average,0.1654,crop50_blur,0.92166668176651,0.18333333730697632,0.875
average,0.1654,crop50_jpeg,0.6530555486679077,0.0,0.25
average,0.1654,macro_average,0.8360185225804647,,
average,0.16549999999999998,crop50,0.9333333373069763,0.30000001192092896,0.8916666507720947
average,0.16549999999999998,crop50_blur,0.92166668176651,0.18333333730697632,0.875
average,0.16549999999999998,crop50_jpeg,0.6530555486679077,0.0,0.25
average,0.16549999999999998,macro_average,0.8360185225804647,,
average,0.1656,crop50,0.9333333373069763,0.30000001192092896,0.8916666507720947
average,0.1656,crop50_blur,0.9225000143051147,0.18333333730697632,0.8833333253860474
average,0.1656,crop50_jpeg,0.6530555486679077,0.0,0.25833332538604736
average,0.1656,macro_average,0.8362963000933329,,
average,0.16570000000000001,crop50,0.9333333373069763,0.30000001192092896,0.8916666507720947
average,0.16570000000000001,crop50_blur,0.9225000143051147,0.18333333730697632,0.8833333253860474
average,0.16570000000000001,crop50_jpeg,0.6527777910232544,0.0,0.2666666805744171
average,0.16570000000000001,macro_average,0.8362037142117819,,
average,0.1658,crop50,0.9333333373069763,0.30000001192092896,0.8916666507720947
average,0.1658,crop50_blur,0.9225000143051147,0.18333333730697632,0.8833333253860474
average,0.1658,crop50_jpeg,0.6527777910232544,0.0,0.2666666805744171
average,0.1658,macro_average,0.8362037142117819,,
average,0.1659,crop50,0.9327777624130249,0.2916666567325592,0.8999999761581421
average,0.1659,crop50_blur,0.9225000143051147,0.18333333730697632,0.8833333253860474
average,0.1659,crop50_jpeg,0.652222216129303,0.0,0.2750000059604645
average,0.1659,macro_average,0.8358333309491476,,
average,0.16599999999999998,crop50,0.9327777624130249,0.2916666567325592,0.8999999761581421
average,0.16599999999999998,crop50_blur,0.9225000143051147,0.18333333730697632,0.8833333253860474
average,0.16599999999999998,crop50_jpeg,0.652222216129303,0.0,0.2750000059604645
average,0.16599999999999998,macro_average,0.8358333309491476,,
average,0.1661,crop50,0.9327777624130249,0.2916666567325592,0.8999999761581421
average,0.1661,crop50_blur,0.9225000143051147,0.18333333730697632,0.8833333253860474
average,0.1661,crop50_jpeg,0.652222216129303,0.0,0.2750000059604645
average,0.1661,macro_average,0.8358333309491476,,
average,0.16620000000000001,crop50,0.9358333349227905,0.2916666567325592,0.9083333611488342
average,0.16620000000000001,crop50_blur,0.9225000143051147,0.18333333730697632,0.8833333253860474
average,0.16620000000000001,crop50_jpeg,0.6513888835906982,0.0,0.28333333134651184
average,0.16620000000000001,macro_average,0.8365740776062012,,
average,0.1663,crop50,0.9358333349227905,0.2916666567325592,0.9083333611488342
average,0.1663,crop50_blur,0.9225000143051147,0.18333333730697632,0.8833333253860474
average,0.1663,crop50_jpeg,0.6513888835906982,0.0,0.28333333134651184
average,0.1663,macro_average,0.8365740776062012,,
average,0.1664,crop50,0.9358333349227905,0.2916666567325592,0.9083333611488342
average,0.1664,crop50_blur,0.9225000143051147,0.18333333730697632,0.8833333253860474
average,0.1664,crop50_jpeg,0.6513888835906982,0.0,0.28333333134651184
average,0.1664,macro_average,0.8365740776062012,,
average,0.16649999999999998,crop50,0.9358333349227905,0.2916666567325592,0.9166666865348816
average,0.16649999999999998,crop50_blur,0.9225000143051147,0.18333333730697632,0.8833333253860474
average,0.16649999999999998,crop50_jpeg,0.6519444584846497,0.0,0.2916666567325592
average,0.16649999999999998,macro_average,0.8367592692375183,,
average,0.1666,crop50,0.9358333349227905,0.2916666567325592,0.9166666865348816
average,0.1666,crop50_blur,0.9225000143051147,0.18333333730697632,0.8833333253860474
average,0.1666,crop50_jpeg,0.6519444584846497,0.0,0.2916666567325592
average,0.1666,macro_average,0.8367592692375183,,
average,0.16670000000000001,crop50,0.9358333349227905,0.2916666567325592,0.9166666865348816
average,0.16670000000000001,crop50_blur,0.9238888621330261,0.18333333730697632,0.8916666507720947
average,0.16670000000000001,crop50_jpeg,0.6519444584846497,0.0,0.2916666567325592
average,0.16670000000000001,macro_average,0.8372222185134888,,
average,0.1668,crop50,0.9358333349227905,0.2916666567325592,0.9166666865348816
average,0.1668,crop50_blur,0.9238888621330261,0.18333333730697632,0.8916666507720947
average,0.1668,crop50_jpeg,0.6519444584846497,0.0,0.2916666567325592
average,0.1668,macro_average,0.8372222185134888,,
average,0.1669,crop50,0.9358333349227905,0.2916666567325592,0.9166666865348816
average,0.1669,crop50_blur,0.9238888621330261,0.18333333730697632,0.8916666507720947
average,0.1669,crop50_jpeg,0.652222216129303,0.0,0.30000001192092896
average,0.1669,macro_average,0.8373148043950399,,
average,0.16699999999999998,crop50,0.9358333349227905,0.2916666567325592,0.9166666865348816
average,0.16699999999999998,crop50_blur,0.9238888621330261,0.18333333730697632,0.8916666507720947
average,0.16699999999999998,crop50_jpeg,0.652222216129303,0.0,0.30000001192092896
average,0.16699999999999998,macro_average,0.8373148043950399,,
average,0.1671,crop50,0.9358333349227905,0.2916666567325592,0.9166666865348816
average,0.1671,crop50_blur,0.9238888621330261,0.18333333730697632,0.8916666507720947
average,0.1671,crop50_jpeg,0.652222216129303,0.0,0.30000001192092896
average,0.1671,macro_average,0.8373148043950399,,
average,0.1672,crop50,0.9358333349227905,0.2916666567325592,0.9166666865348816
average,0.1672,crop50_blur,0.9238888621330261,0.18333333730697632,0.8916666507720947
average,0.1672,crop50_jpeg,0.652222216129303,0.0,0.30000001192092896
average,0.1672,macro_average,0.8373148043950399,,
average,0.1673,crop50,0.9358333349227905,0.2916666567325592,0.9166666865348816
average,0.1673,crop50_blur,0.9238888621330261,0.18333333730697632,0.8916666507720947
average,0.1673,crop50_jpeg,0.652222216129303,0.0,0.30000001192092896
average,0.1673,macro_average,0.8373148043950399,,
average,0.1674,crop50,0.9358333349227905,0.2916666567325592,0.9166666865348816
average,0.1674,crop50_blur,0.9238888621330261,0.18333333730697632,0.8916666507720947
average,0.1674,crop50_jpeg,0.652222216129303,0.0,0.30000001192092896
average,0.1674,macro_average,0.8373148043950399,,
average,0.16749999999999998,crop50,0.9358333349227905,0.2916666567325592,0.9166666865348816
average,0.16749999999999998,crop50_blur,0.9238888621330261,0.18333333730697632,0.8916666507720947
average,0.16749999999999998,crop50_jpeg,0.6541666388511658,0.0,0.3166666626930237
average,0.16749999999999998,macro_average,0.8379629453023275,,
average,0.1676,crop50,0.9358333349227905,0.2916666567325592,0.9166666865348816
average,0.1676,crop50_blur,0.9238888621330261,0.18333333730697632,0.8916666507720947
average,0.1676,crop50_jpeg,0.6541666388511658,0.0,0.3166666626930237
average,0.1676,macro_average,0.8379629453023275,,
average,0.1677,crop50,0.9358333349227905,0.2916666567325592,0.9166666865348816
average,0.1677,crop50_blur,0.9238888621330261,0.18333333730697632,0.8916666507720947
average,0.1677,crop50_jpeg,0.6541666388511658,0.0,0.3166666626930237
average,0.1677,macro_average,0.8379629453023275,,
average,0.1678,crop50,0.9358333349227905,0.2916666567325592,0.9166666865348816
average,0.1678,crop50_blur,0.9238888621330261,0.18333333730697632,0.8916666507720947
average,0.1678,crop50_jpeg,0.6541666388511658,0.0,0.32499998807907104
average,0.1678,macro_average,0.8379629453023275,,
average,0.1679,crop50,0.9358333349227905,0.2916666567325592,0.9166666865348816
average,0.1679,crop50_blur,0.9238888621330261,0.18333333730697632,0.8916666507720947
average,0.1679,crop50_jpeg,0.6536111235618591,0.0,0.3333333432674408
average,0.1679,macro_average,0.8377777735392252,,
average,0.16799999999999998,crop50,0.9358333349227905,0.2916666567325592,0.9166666865348816
average,0.16799999999999998,crop50_blur,0.9238888621330261,0.18333333730697632,0.8916666507720947
average,0.16799999999999998,crop50_jpeg,0.6536111235618591,0.0,0.3333333432674408
average,0.16799999999999998,macro_average,0.8377777735392252,,
average,0.1681,crop50,0.9358333349227905,0.2916666567325592,0.9166666865348816
average,0.1681,crop50_blur,0.9238888621330261,0.18333333730697632,0.8916666507720947
average,0.1681,crop50_jpeg,0.6536111235618591,0.0,0.3333333432674408
average,0.1681,macro_average,0.8377777735392252,,
average,0.1682,crop50,0.9358333349227905,0.2916666567325592,0.9166666865348816
average,0.1682,crop50_blur,0.9238888621330261,0.18333333730697632,0.8916666507720947
average,0.1682,crop50_jpeg,0.6536111235618591,0.0,0.3333333432674408
average,0.1682,macro_average,0.8377777735392252,,
average,0.1683,crop50,0.9358333349227905,0.2916666567325592,0.9166666865348816
average,0.1683,crop50_blur,0.9241666793823242,0.18333333730697632,0.8999999761581421
average,0.1683,crop50_jpeg,0.6536111235618591,0.0,0.3333333432674408
average,0.1683,macro_average,0.8378703792889913,,
average,0.1684,crop50,0.9358333349227905,0.2916666567325592,0.925000011920929
average,0.1684,crop50_blur,0.9241666793823242,0.18333333730697632,0.8999999761581421
average,0.1684,crop50_jpeg,0.6536111235618591,0.0,0.3333333432674408
average,0.1684,macro_average,0.8378703792889913,,
average,0.16849999999999998,crop50,0.9358333349227905,0.2916666567325592,0.925000011920929
average,0.16849999999999998,crop50_blur,0.9241666793823242,0.18333333730697632,0.8999999761581421
average,0.16849999999999998,crop50_jpeg,0.6536111235618591,0.0,0.3333333432674408
average,0.16849999999999998,macro_average,0.8378703792889913,,
average,0.1686,crop50,0.9383333325386047,0.30000001192092896,0.9416666626930237
average,0.1686,crop50_blur,0.9241666793823242,0.18333333730697632,0.8999999761581421
average,0.1686,crop50_jpeg,0.6536111235618591,0.0,0.3333333432674408
average,0.1686,macro_average,0.8387037118275961,,
average,0.1687,crop50,0.9383333325386047,0.30000001192092896,0.9416666626930237
average,0.1687,crop50_blur,0.9241666793823242,0.18333333730697632,0.8999999761581421
average,0.1687,crop50_jpeg,0.6536111235618591,0.0,0.3333333432674408
average,0.1687,macro_average,0.8387037118275961,,
average,0.1688,crop50,0.9383333325386047,0.30000001192092896,0.9416666626930237
average,0.1688,crop50_blur,0.9241666793823242,0.18333333730697632,0.8999999761581421
average,0.1688,crop50_jpeg,0.6536111235618591,0.0,0.3333333432674408
average,0.1688,macro_average,0.8387037118275961,,
average,0.1689,crop50,0.9383333325386047,0.30000001192092896,0.9416666626930237
average,0.1689,crop50_blur,0.9241666793823242,0.18333333730697632,0.8999999761581421
average,0.1689,crop50_jpeg,0.653333306312561,0.0,0.34166666865348816
average,0.1689,macro_average,0.83861110607783,,
average,0.16899999999999998,crop50,0.9383333325386047,0.30000001192092896,0.9416666626930237
average,0.16899999999999998,crop50_blur,0.9241666793823242,0.18333333730697632,0.8999999761581421
average,0.16899999999999998,crop50_jpeg,0.6524999737739563,0.0,0.3499999940395355
average,0.16899999999999998,macro_average,0.8383333285649618,,
average,0.1691,crop50,0.9383333325386047,0.30000001192092896,0.9416666626930237
average,0.1691,crop50_blur,0.9241666793823242,0.18333333730697632,0.8999999761581421
average,0.1691,crop50_jpeg,0.6524999737739563,0.0,0.3499999940395355
average,0.1691,macro_average,0.8383333285649618,,
average,0.1692,crop50,0.9383333325386047,0.30000001192092896,0.949999988079071
average,0.1692,crop50_blur,0.9241666793823242,0.18333333730697632,0.8999999761581421
average,0.1692,crop50_jpeg,0.6524999737739563,0.0,0.3499999940395355
average,0.1692,macro_average,0.8383333285649618,,
average,0.1693,crop50,0.9386110901832581,0.30000001192092896,0.9583333134651184
average,0.1693,crop50_blur,0.9241666793823242,0.18333333730697632,0.8999999761581421
average,0.1693,crop50_jpeg,0.6524999737739563,0.0,0.3499999940395355
average,0.1693,macro_average,0.8384259144465128,,
average,0.1694,crop50,0.9386110901832581,0.30000001192092896,0.9583333134651184
average,0.1694,crop50_blur,0.9241666793823242,0.18333333730697632,0.8999999761581421
average,0.1694,crop50_jpeg,0.6524999737739563,0.0,0.3499999940395355
average,0.1694,macro_average,0.8384259144465128,,
average,0.16949999999999998,crop50,0.9402777552604675,0.30000001192092896,0.9666666388511658
average,0.16949999999999998,crop50_blur,0.9241666793823242,0.18333333730697632,0.8999999761581421
average,0.16949999999999998,crop50_jpeg,0.6524999737739563,0.0,0.3499999940395355
average,0.16949999999999998,macro_average,0.8389814694722494,,
average,0.1696,crop50,0.9402777552604675,0.30000001192092896,0.9666666388511658
average,0.1696,crop50_blur,0.9241666793823242,0.18333333730697632,0.8999999761581421
average,0.1696,crop50_jpeg,0.6524999737739563,0.0,0.3499999940395355
average,0.1696,macro_average,0.8389814694722494,,
average,0.1697,crop50,0.9402777552604675,0.30000001192092896,0.9666666388511658
average,0.1697,crop50_blur,0.9241666793823242,0.18333333730697632,0.8999999761581421
average,0.1697,crop50_jpeg,0.6527777910232544,0.0,0.3583333194255829
average,0.1697,macro_average,0.8390740752220154,,
average,0.1698,crop50,0.9402777552604675,0.30000001192092896,0.9666666388511658
average,0.1698,crop50_blur,0.9241666793823242,0.18333333730697632,0.8999999761581421
average,0.1698,crop50_jpeg,0.6527777910232544,0.0,0.3583333194255829
average,0.1698,macro_average,0.8390740752220154,,
average,0.1699,crop50,0.9402777552604675,0.30000001192092896,0.9666666388511658
average,0.1699,crop50_blur,0.9241666793823242,0.18333333730697632,0.8999999761581421
average,0.1699,crop50_jpeg,0.6516666412353516,0.0,0.36666667461395264
average,0.1699,macro_average,0.8387036919593811,,
average,0.16999999999999998,crop50,0.9402777552604675,0.30000001192092896,0.9666666388511658
average,0.16999999999999998,crop50_blur,0.9241666793823242,0.18333333730697632,0.8999999761581421
average,0.16999999999999998,crop50_jpeg,0.6516666412353516,0.0,0.36666667461395264
average,0.16999999999999998,macro_average,0.8387036919593811,,
average,0.1701,crop50,0.9402777552604675,0.30000001192092896,0.9666666388511658
average,0.1701,crop50_blur,0.9241666793823242,0.18333333730697632,0.8999999761581421
average,0.1701,crop50_jpeg,0.6516666412353516,0.0,0.36666667461395264
average,0.1701,macro_average,0.8387036919593811,,
average,0.1702,crop50,0.9402777552604675,0.30000001192092896,0.9666666388511658
average,0.1702,crop50_blur,0.9241666793823242,0.18333333730697632,0.8999999761581421
average,0.1702,crop50_jpeg,0.6519444584846497,0.0,0.375
average,0.1702,macro_average,0.8387962977091471,,
average,0.1703,crop50,0.9402777552604675,0.30000001192092896,0.9666666388511658
average,0.1703,crop50_blur,0.9241666793823242,0.18333333730697632,0.8999999761581421
average,0.1703,crop50_jpeg,0.6519444584846497,0.0,0.375
average,0.1703,macro_average,0.8387962977091471,,
average,0.1704,crop50,0.9402777552604675,0.30000001192092896,0.9666666388511658
average,0.1704,crop50_blur,0.9241666793823242,0.18333333730697632,0.8999999761581421
average,0.1704,crop50_jpeg,0.6519444584846497,0.0,0.375
average,0.1704,macro_average,0.8387962977091471,,
average,0.17049999999999998,crop50,0.9402777552604675,0.30000001192092896,0.9666666388511658
average,0.17049999999999998,crop50_blur,0.9241666793823242,0.18333333730697632,0.8999999761581421
average,0.17049999999999998,crop50_jpeg,0.6519444584846497,0.0,0.375
average,0.17049999999999998,macro_average,0.8387962977091471,,
average,0.1706,crop50,0.9402777552604675,0.30000001192092896,0.9666666388511658
average,0.1706,crop50_blur,0.9241666793823242,0.18333333730697632,0.8999999761581421
average,0.1706,crop50_jpeg,0.6519444584846497,0.0,0.375
average,0.1706,macro_average,0.8387962977091471,,
average,0.1707,crop50,0.9402777552604675,0.30000001192092896,0.9666666388511658
average,0.1707,crop50_blur,0.9241666793823242,0.18333333730697632,0.8999999761581421
average,0.1707,crop50_jpeg,0.6519444584846497,0.0,0.375
average,0.1707,macro_average,0.8387962977091471,,
average,0.1708,crop50,0.9399999976158142,0.30000001192092896,0.9750000238418579
average,0.1708,crop50_blur,0.9252777695655823,0.18333333730697632,0.9166666865348816
average,0.1708,crop50_jpeg,0.6519444584846497,0.0,0.38333332538604736
average,0.1708,macro_average,0.8390740752220154,,
average,0.1709,crop50,0.9399999976158142,0.30000001192092896,0.9750000238418579
average,0.1709,crop50_blur,0.9252777695655823,0.18333333730697632,0.9166666865348816
average,0.1709,crop50_jpeg,0.6519444584846497,0.0,0.38333332538604736
average,0.1709,macro_average,0.8390740752220154,,
average,0.17099999999999999,crop50,0.9399999976158142,0.30000001192092896,0.9750000238418579
average,0.17099999999999999,crop50_blur,0.9252777695655823,0.18333333730697632,0.9166666865348816
average,0.17099999999999999,crop50_jpeg,0.6519444584846497,0.0,0.38333332538604736
average,0.17099999999999999,macro_average,0.8390740752220154,,
average,0.1711,crop50,0.9399999976158142,0.30000001192092896,0.9750000238418579
average,0.1711,crop50_blur,0.9252777695655823,0.18333333730697632,0.9166666865348816
average,0.1711,crop50_jpeg,0.6519444584846497,0.0,0.38333332538604736
average,0.1711,macro_average,0.8390740752220154,,
average,0.1712,crop50,0.9399999976158142,0.30000001192092896,0.9750000238418579
average,0.1712,crop50_blur,0.9252777695655823,0.18333333730697632,0.9166666865348816
average,0.1712,crop50_jpeg,0.6519444584846497,0.0,0.38333332538604736
average,0.1712,macro_average,0.8390740752220154,,
average,0.1713,crop50,0.9399999976158142,0.30000001192092896,0.9750000238418579
average,0.1713,crop50_blur,0.9252777695655823,0.18333333730697632,0.9166666865348816
average,0.1713,crop50_jpeg,0.6519444584846497,0.0,0.38333332538604736
average,0.1713,macro_average,0.8390740752220154,,
average,0.1714,crop50,0.9399999976158142,0.30000001192092896,0.9750000238418579
average,0.1714,crop50_blur,0.9269444346427917,0.18333333730697632,0.925000011920929
average,0.1714,crop50_jpeg,0.6519444584846497,0.0,0.38333332538604736
average,0.1714,macro_average,0.8396296302477518,,
average,0.17149999999999999,crop50,0.9399999976158142,0.30000001192092896,0.9750000238418579
average,0.17149999999999999,crop50_blur,0.9269444346427917,0.18333333730697632,0.925000011920929
average,0.17149999999999999,crop50_jpeg,0.6519444584846497,0.0,0.38333332538604736
average,0.17149999999999999,macro_average,0.8396296302477518,,
average,0.1716,crop50,0.9399999976158142,0.30000001192092896,0.9750000238418579
average,0.1716,crop50_blur,0.9269444346427917,0.18333333730697632,0.925000011920929
average,0.1716,crop50_jpeg,0.6519444584846497,0.0,0.38333332538604736
average,0.1716,macro_average,0.8396296302477518,,
average,0.1717,crop50,0.9399999976158142,0.30000001192092896,0.9750000238418579
average,0.1717,crop50_blur,0.9272222518920898,0.18333333730697632,0.9333333373069763
average,0.1717,crop50_jpeg,0.6505555510520935,0.0,0.4000000059604645
average,0.1717,macro_average,0.8392592668533325,,
average,0.1718,crop50,0.9399999976158142,0.30000001192092896,0.9750000238418579
average,0.1718,crop50_blur,0.9288889169692993,0.18333333730697632,0.9416666626930237
average,0.1718,crop50_jpeg,0.6505555510520935,0.0,0.4000000059604645
average,0.1718,macro_average,0.839814821879069,,
average,0.1719,crop50,0.9399999976158142,0.30000001192092896,0.9750000238418579
average,0.1719,crop50_blur,0.9288889169692993,0.18333333730697632,0.9416666626930237
average,0.1719,crop50_jpeg,0.6508333086967468,0.0,0.4166666567325592
average,0.1719,macro_average,0.8399074077606201,,
average,0.172,crop50,0.9399999976158142,0.30000001192092896,0.9750000238418579
average,0.172,crop50_blur,0.9288889169692993,0.18333333730697632,0.9416666626930237
average,0.172,crop50_jpeg,0.6508333086967468,0.0,0.4166666567325592
average,0.172,macro_average,0.8399074077606201,,
average,0.1721,crop50,0.9399999976158142,0.30000001192092896,0.9750000238418579
average,0.1721,crop50_blur,0.9288889169692993,0.18333333730697632,0.9416666626930237
average,0.1721,crop50_jpeg,0.6502777934074402,0.0,0.42500001192092896
average,0.1721,macro_average,0.8397222359975179,,
average,0.1722,crop50,0.9399999976158142,0.30000001192092896,0.9750000238418579
average,0.1722,crop50_blur,0.9288889169692993,0.18333333730697632,0.9416666626930237
average,0.1722,crop50_jpeg,0.6502777934074402,0.0,0.42500001192092896
average,0.1722,macro_average,0.8397222359975179,,
average,0.1723,crop50,0.9424999952316284,0.30000001192092896,0.9833333492279053
average,0.1723,crop50_blur,0.9288889169692993,0.18333333730697632,0.9416666626930237
average,0.1723,crop50_jpeg,0.6502777934074402,0.0,0.42500001192092896
average,0.1723,macro_average,0.8405555685361227,,
average,0.1724,crop50,0.9424999952316284,0.30000001192092896,0.9833333492279053
average,0.1724,crop50_blur,0.929722249507904,0.18333333730697632,0.949999988079071
average,0.1724,crop50_jpeg,0.6502777934074402,0.0,0.42500001192092896
average,0.1724,macro_average,0.8408333460489908,,
average,0.1725,crop50,0.9424999952316284,0.30000001192092896,0.9833333492279053
average,0.1725,crop50_blur,0.929722249507904,0.18333333730697632,0.949999988079071
average,0.1725,crop50_jpeg,0.6499999761581421,0.0,0.4333333373069763
average,0.1725,macro_average,0.8407407402992249,,
average,0.1726,crop50,0.9424999952316284,0.30000001192092896,0.9833333492279053
average,0.1726,crop50_blur,0.929722249507904,0.18333333730697632,0.949999988079071
average,0.1726,crop50_jpeg,0.6505555510520935,0.0,0.4416666626930237
average,0.1726,macro_average,0.840925931930542,,
average,0.1727,crop50,0.9424999952316284,0.30000001192092896,0.9833333492279053
average,0.1727,crop50_blur,0.9291666746139526,0.18333333730697632,0.9583333134651184
average,0.1727,crop50_jpeg,0.6505555510520935,0.0,0.4416666626930237
average,0.1727,macro_average,0.8407407402992249,,
average,0.1728,crop50,0.9424999952316284,0.30000001192092896,0.9833333492279053
average,0.1728,crop50_blur,0.929722249507904,0.18333333730697632,0.9666666388511658
average,0.1728,crop50_jpeg,0.6505555510520935,0.0,0.4416666626930237
average,0.1728,macro_average,0.840925931930542,,
average,0.1729,crop50,0.9424999952316284,0.30000001192092896,0.9833333492279053
average,0.1729,crop50_blur,0.929722249507904,0.18333333730697632,0.9666666388511658
average,0.1729,crop50_jpeg,0.6505555510520935,0.0,0.4416666626930237
average,0.1729,macro_average,0.840925931930542,,
average,0.173,crop50,0.9424999952316284,0.30000001192092896,0.9833333492279053
average,0.173,crop50_blur,0.929722249507904,0.18333333730697632,0.9666666388511658
average,0.173,crop50_jpeg,0.6505555510520935,0.0,0.4416666626930237
average,0.173,macro_average,0.840925931930542,,
average,0.1731,crop50,0.9424999952316284,0.30000001192092896,0.9833333492279053
average,0.1731,crop50_blur,0.929722249507904,0.18333333730697632,0.9666666388511658
average,0.1731,crop50_jpeg,0.6499999761581421,0.0,0.44999998807907104
average,0.1731,macro_average,0.8407407402992249,,
average,0.1732,crop50,0.9424999952316284,0.30000001192092896,0.9833333492279053
average,0.1732,crop50_blur,0.929722249507904,0.18333333730697632,0.9750000238418579
average,0.1732,crop50_jpeg,0.6499999761581421,0.0,0.44999998807907104
average,0.1732,macro_average,0.8407407402992249,,
average,0.1733,crop50,0.9424999952316284,0.30000001192092896,0.9833333492279053
average,0.1733,crop50_blur,0.929722249507904,0.18333333730697632,0.9750000238418579
average,0.1733,crop50_jpeg,0.6499999761581421,0.0,0.44999998807907104
average,0.1733,macro_average,0.8407407402992249,,
average,0.1734,crop50,0.9430555701255798,0.30000001192092896,0.9916666746139526
average,0.1734,crop50_blur,0.929722249507904,0.18333333730697632,0.9750000238418579
average,0.1734,crop50_jpeg,0.6499999761581421,0.0,0.44999998807907104
average,0.1734,macro_average,0.840925931930542,,
average,0.1735,crop50,0.9430555701255798,0.30000001192092896,0.9916666746139526
average,0.1735,crop50_blur,0.929722249507904,0.18333333730697632,0.9750000238418579
average,0.1735,crop50_jpeg,0.6499999761581421,0.0,0.44999998807907104
average,0.1735,macro_average,0.840925931930542,,
average,0.1736,crop50,0.9430555701255798,0.30000001192092896,0.9916666746139526
average,0.1736,crop50_blur,0.929722249507904,0.18333333730697632,0.9750000238418579
average,0.1736,crop50_jpeg,0.6497222185134888,0.0,0.46666666865348816
average,0.1736,macro_average,0.8408333460489908,,
average,0.1737,crop50,0.9430555701255798,0.30000001192092896,0.9916666746139526
average,0.1737,crop50_blur,0.929722249507904,0.18333333730697632,0.9750000238418579
average,0.1737,crop50_jpeg,0.6497222185134888,0.0,0.46666666865348816
average,0.1737,macro_average,0.8408333460489908,,
average,0.1738,crop50,0.9430555701255798,0.30000001192092896,0.9916666746139526
average,0.1738,crop50_blur,0.929722249507904,0.18333333730697632,0.9750000238418579
average,0.1738,crop50_jpeg,0.6497222185134888,0.0,0.46666666865348816
average,0.1738,macro_average,0.8408333460489908,,
average,0.1739,crop50,0.9430555701255798,0.30000001192092896,0.9916666746139526
average,0.1739,crop50_blur,0.929722249507904,0.18333333730697632,0.9750000238418579
average,0.1739,crop50_jpeg,0.6497222185134888,0.0,0.46666666865348816
average,0.1739,macro_average,0.8408333460489908,,
average,0.174,crop50,0.9430555701255798,0.30000001192092896,0.9916666746139526
average,0.174,crop50_blur,0.929722249507904,0.18333333730697632,0.9750000238418579
average,0.174,crop50_jpeg,0.6499999761581421,0.0,0.4749999940395355
average,0.174,macro_average,0.840925931930542,,
average,0.1741,crop50,0.9430555701255798,0.30000001192092896,0.9916666746139526
average,0.1741,crop50_blur,0.929722249507904,0.18333333730697632,0.9750000238418579
average,0.1741,crop50_jpeg,0.6499999761581421,0.0,0.4749999940395355
average,0.1741,macro_average,0.840925931930542,,
average,0.1742,crop50,0.9430555701255798,0.30000001192092896,0.9916666746139526
average,0.1742,crop50_blur,0.929722249507904,0.18333333730697632,0.9750000238418579
average,0.1742,crop50_jpeg,0.6499999761581421,0.0,0.4833333194255829
average,0.1742,macro_average,0.840925931930542,,
average,0.1743,crop50,0.9430555701255798,0.30000001192092896,0.9916666746139526
average,0.1743,crop50_blur,0.929722249507904,0.18333333730697632,0.9750000238418579
average,0.1743,crop50_jpeg,0.648888885974884,0.0,0.49166667461395264
average,0.1743,macro_average,0.8405555685361227,,
average,0.1744,crop50,0.9430555701255798,0.30000001192092896,0.9916666746139526
average,0.1744,crop50_blur,0.929722249507904,0.18333333730697632,0.9750000238418579
average,0.1744,crop50_jpeg,0.648888885974884,0.0,0.5
average,0.1744,macro_average,0.8405555685361227,,
average,0.1745,crop50,0.9430555701255798,0.30000001192092896,0.9916666746139526
average,0.1745,crop50_blur,0.9277777671813965,0.18333333730697632,0.9833333492279053
average,0.1745,crop50_jpeg,0.648888885974884,0.0,0.5
average,0.1745,macro_average,0.8399074077606201,,
average,0.1746,crop50,0.9430555701255798,0.30000001192092896,0.9916666746139526
average,0.1746,crop50_blur,0.9277777671813965,0.18333333730697632,0.9833333492279053
average,0.1746,crop50_jpeg,0.648888885974884,0.0,0.5
average,0.1746,macro_average,0.8399074077606201,,
average,0.1747,crop50,0.9430555701255798,0.30000001192092896,0.9916666746139526
average,0.1747,crop50_blur,0.9277777671813965,0.18333333730697632,0.9833333492279053
average,0.1747,crop50_jpeg,0.648888885974884,0.0,0.5
average,0.1747,macro_average,0.8399074077606201,,
average,0.1748,crop50,0.9430555701255798,0.30000001192092896,0.9916666746139526
average,0.1748,crop50_blur,0.9277777671813965,0.18333333730697632,0.9833333492279053
average,0.1748,crop50_jpeg,0.648888885974884,0.0,0.5
average,0.1748,macro_average,0.8399074077606201,,
average,0.1749,crop50,0.9430555701255798,0.30000001192092896,0.9916666746139526
average,0.1749,crop50_blur,0.9277777671813965,0.18333333730697632,0.9833333492279053
average,0.1749,crop50_jpeg,0.6486111283302307,0.0,0.5083333253860474
average,0.1749,macro_average,0.839814821879069,,
average,0.175,crop50,0.9430555701255798,0.30000001192092896,0.9916666746139526
average,0.175,crop50_blur,0.9277777671813965,0.18333333730697632,0.9833333492279053
average,0.175,crop50_jpeg,0.6486111283302307,0.0,0.5083333253860474
average,0.175,macro_average,0.839814821879069,,
average,0.1751,crop50,0.9430555701255798,0.30000001192092896,0.9916666746139526
average,0.1751,crop50_blur,0.9277777671813965,0.18333333730697632,0.9833333492279053
average,0.1751,crop50_jpeg,0.6486111283302307,0.0,0.5083333253860474
average,0.1751,macro_average,0.839814821879069,,
average,0.1752,crop50,0.9430555701255798,0.30000001192092896,0.9916666746139526
average,0.1752,crop50_blur,0.9277777671813965,0.18333333730697632,0.9833333492279053
average,0.1752,crop50_jpeg,0.6447222232818604,0.0,0.5166666507720947
average,0.1752,macro_average,0.8385185201962789,,
average,0.1753,crop50,0.9430555701255798,0.30000001192092896,0.9916666746139526
average,0.1753,crop50_blur,0.9277777671813965,0.18333333730697632,0.9833333492279053
average,0.1753,crop50_jpeg,0.6438888907432556,0.0,0.5249999761581421
average,0.1753,macro_average,0.8382407426834106,,
average,0.1754,crop50,0.9430555701255798,0.30000001192092896,0.9916666746139526
average,0.1754,crop50_blur,0.9277777671813965,0.18333333730697632,0.9833333492279053
average,0.1754,crop50_jpeg,0.644444465637207,0.0,0.5333333611488342
average,0.1754,macro_average,0.8384259343147278,,
average,0.1755,crop50,0.9430555701255798,0.30000001192092896,0.9916666746139526
average,0.1755,crop50_blur,0.9277777671813965,0.18333333730697632,0.9833333492279053
average,0.1755,crop50_jpeg,0.644444465637207,0.0,0.5333333611488342
average,0.1755,macro_average,0.8384259343147278,,
average,0.1756,crop50,0.9430555701255798,0.30000001192092896,0.9916666746139526
average,0.1756,crop50_blur,0.9277777671813965,0.18333333730697632,0.9833333492279053
average,0.1756,crop50_jpeg,0.644444465637207,0.0,0.5333333611488342
average,0.1756,macro_average,0.8384259343147278,,
average,0.1757,crop50,0.9430555701255798,0.30000001192092896,0.9916666746139526
average,0.1757,crop50_blur,0.9277777671813965,0.18333333730697632,0.9833333492279053
average,0.1757,crop50_jpeg,0.644444465637207,0.0,0.5333333611488342
average,0.1757,macro_average,0.8384259343147278,,
average,0.1758,crop50,0.9430555701255798,0.30000001192092896,0.9916666746139526
average,0.1758,crop50_blur,0.9277777671813965,0.18333333730697632,0.9833333492279053
average,0.1758,crop50_jpeg,0.644444465637207,0.0,0.5333333611488342
average,0.1758,macro_average,0.8384259343147278,,
average,0.1759,crop50,0.9430555701255798,0.30000001192092896,0.9916666746139526
average,0.1759,crop50_blur,0.9277777671813965,0.18333333730697632,0.9833333492279053
average,0.1759,crop50_jpeg,0.6433333158493042,0.0,0.5416666865348816
average,0.1759,macro_average,0.8380555510520935,,
average,0.176,crop50,0.9430555701255798,0.30000001192092896,0.9916666746139526
average,0.176,crop50_blur,0.9277777671813965,0.18333333730697632,0.9833333492279053
average,0.176,crop50_jpeg,0.6422222256660461,0.0,0.550000011920929
average,0.176,macro_average,0.8376851876576742,,
average,0.1761,crop50,0.9430555701255798,0.30000001192092896,0.9916666746139526
average,0.1761,crop50_blur,0.9277777671813965,0.18333333730697632,0.9833333492279053
average,0.1761,crop50_jpeg,0.6422222256660461,0.0,0.550000011920929
average,0.1761,macro_average,0.8376851876576742,,
average,0.1762,crop50,0.9430555701255798,0.30000001192092896,0.9916666746139526
average,0.1762,crop50_blur,0.9277777671813965,0.18333333730697632,0.9833333492279053
average,0.1762,crop50_jpeg,0.6422222256660461,0.0,0.550000011920929
average,0.1762,macro_average,0.8376851876576742,,
average,0.1763,crop50,0.9430555701255798,0.30000001192092896,0.9916666746139526
average,0.1763,crop50_blur,0.9277777671813965,0.18333333730697632,0.9833333492279053
average,0.1763,crop50_jpeg,0.6422222256660461,0.0,0.550000011920929
average,0.1763,macro_average,0.8376851876576742,,
average,0.1764,crop50,0.9430555701255798,0.30000001192092896,0.9916666746139526
average,0.1764,crop50_blur,0.9277777671813965,0.18333333730697632,0.9833333492279053
average,0.1764,crop50_jpeg,0.6422222256660461,0.0,0.550000011920929
average,0.1764,macro_average,0.8376851876576742,,
average,0.1765,crop50,0.9430555701255798,0.30000001192092896,0.9916666746139526
average,0.1765,crop50_blur,0.9277777671813965,0.18333333730697632,0.9833333492279053
average,0.1765,crop50_jpeg,0.6436111330986023,0.0,0.5583333373069763
average,0.1765,macro_average,0.8381481568018595,,
average,0.1766,crop50,0.9430555701255798,0.30000001192092896,0.9916666746139526
average,0.1766,crop50_blur,0.9277777671813965,0.18333333730697632,0.9833333492279053
average,0.1766,crop50_jpeg,0.6436111330986023,0.0,0.5583333373069763
average,0.1766,macro_average,0.8381481568018595,,
average,0.1767,crop50,0.9430555701255798,0.30000001192092896,0.9916666746139526
average,0.1767,crop50_blur,0.9277777671813965,0.18333333730697632,0.9833333492279053
average,0.1767,crop50_jpeg,0.6436111330986023,0.0,0.5583333373069763
average,0.1767,macro_average,0.8381481568018595,,
average,0.1768,crop50,0.9430555701255798,0.30000001192092896,0.9916666746139526
average,0.1768,crop50_blur,0.9277777671813965,0.18333333730697632,0.9833333492279053
average,0.1768,crop50_jpeg,0.6436111330986023,0.0,0.5583333373069763
average,0.1768,macro_average,0.8381481568018595,,
average,0.1769,crop50,0.9430555701255798,0.30000001192092896,0.9916666746139526
average,0.1769,crop50_blur,0.9277777671813965,0.18333333730697632,0.9833333492279053
average,0.1769,crop50_jpeg,0.6436111330986023,0.0,0.5583333373069763
average,0.1769,macro_average,0.8381481568018595,,
average,0.177,crop50,0.9430555701255798,0.30000001192092896,0.9916666746139526
average,0.177,crop50_blur,0.9277777671813965,0.18333333730697632,0.9833333492279053
average,0.177,crop50_jpeg,0.6436111330986023,0.0,0.5583333373069763
average,0.177,macro_average,0.8381481568018595,,
average,0.1771,crop50,0.9430555701255798,0.30000001192092896,0.9916666746139526
average,0.1771,crop50_blur,0.9277777671813965,0.18333333730697632,0.9833333492279053
average,0.1771,crop50_jpeg,0.6436111330986023,0.0,0.5583333373069763
average,0.1771,macro_average,0.8381481568018595,,
average,0.1772,crop50,0.9430555701255798,0.30000001192092896,0.9916666746139526
average,0.1772,crop50_blur,0.9277777671813965,0.18333333730697632,0.9833333492279053
average,0.1772,crop50_jpeg,0.6436111330986023,0.0,0.5583333373069763
average,0.1772,macro_average,0.8381481568018595,,
average,0.1773,crop50,0.9430555701255798,0.30000001192092896,0.9916666746139526
average,0.1773,crop50_blur,0.9277777671813965,0.18333333730697632,0.9833333492279053
average,0.1773,crop50_jpeg,0.6438888907432556,0.0,0.574999988079071
average,0.1773,macro_average,0.8382407426834106,,
average,0.1774,crop50,0.9430555701255798,0.30000001192092896,0.9916666746139526
average,0.1774,crop50_blur,0.9277777671813965,0.18333333730697632,0.9833333492279053
average,0.1774,crop50_jpeg,0.644444465637207,0.0,0.5833333134651184
average,0.1774,macro_average,0.8384259343147278,,
average,0.1775,crop50,0.9430555701255798,0.30000001192092896,0.9916666746139526
average,0.1775,crop50_blur,0.9277777671813965,0.18333333730697632,0.9833333492279053
average,0.1775,crop50_jpeg,0.6438888907432556,0.0,0.5916666388511658
average,0.1775,macro_average,0.8382407426834106,,
average,0.1776,crop50,0.9430555701255798,0.30000001192092896,0.9916666746139526
average,0.1776,crop50_blur,0.9302777647972107,0.18333333730697632,0.9916666746139526
average,0.1776,crop50_jpeg,0.6441666483879089,0.0,0.6000000238418579
average,0.1776,macro_average,0.8391666611035665,,
average,0.1777,crop50,0.9430555701255798,0.30000001192092896,0.9916666746139526
average,0.1777,crop50_blur,0.9302777647972107,0.18333333730697632,0.9916666746139526
average,0.1777,crop50_jpeg,0.6441666483879089,0.0,0.6000000238418579
average,0.1777,macro_average,0.8391666611035665,,
average,0.1778,crop50,0.9430555701255798,0.30000001192092896,0.9916666746139526
average,0.1778,crop50_blur,0.9302777647972107,0.18333333730697632,0.9916666746139526
average,0.1778,crop50_jpeg,0.6441666483879089,0.0,0.6000000238418579
average,0.1778,macro_average,0.8391666611035665,,
average,0.1779,crop50,0.9430555701255798,0.30000001192092896,0.9916666746139526
average,0.1779,crop50_blur,0.9302777647972107,0.18333333730697632,0.9916666746139526
average,0.1779,crop50_jpeg,0.6441666483879089,0.0,0.6000000238418579
average,0.1779,macro_average,0.8391666611035665,,
average,0.178,crop50,0.9430555701255798,0.30000001192092896,0.9916666746139526
average,0.178,crop50_blur,0.9302777647972107,0.18333333730697632,0.9916666746139526
average,0.178,crop50_jpeg,0.6441666483879089,0.0,0.6000000238418579
average,0.178,macro_average,0.8391666611035665,,
average,0.1781,crop50,0.9430555701255798,0.30000001192092896,0.9916666746139526
average,0.1781,crop50_blur,0.9302777647972107,0.18333333730697632,0.9916666746139526
average,0.1781,crop50_jpeg,0.6441666483879089,0.0,0.6000000238418579
average,0.1781,macro_average,0.8391666611035665,,
average,0.1782,crop50,0.9430555701255798,0.30000001192092896,0.9916666746139526
average,0.1782,crop50_blur,0.9302777647972107,0.18333333730697632,0.9916666746139526
average,0.1782,crop50_jpeg,0.6441666483879089,0.0,0.6000000238418579
average,0.1782,macro_average,0.8391666611035665,,
average,0.17830000000000001,crop50,0.9430555701255798,0.30000001192092896,0.9916666746139526
average,0.17830000000000001,crop50_blur,0.9302777647972107,0.18333333730697632,0.9916666746139526
average,0.17830000000000001,crop50_jpeg,0.644444465637207,0.0,0.6083333492279053
average,0.17830000000000001,macro_average,0.8392592668533325,,
average,0.1784,crop50,0.9430555701255798,0.30000001192092896,0.9916666746139526
average,0.1784,crop50_blur,0.9302777647972107,0.18333333730697632,0.9916666746139526
average,0.1784,crop50_jpeg,0.6441666483879089,0.0,0.6166666746139526
average,0.1784,macro_average,0.8391666611035665,,
average,0.1785,crop50,0.9430555701255798,0.30000001192092896,0.9916666746139526
average,0.1785,crop50_blur,0.9302777647972107,0.18333333730697632,0.9916666746139526
average,0.1785,crop50_jpeg,0.6441666483879089,0.0,0.6166666746139526
average,0.1785,macro_average,0.8391666611035665,,
average,0.1786,crop50,0.9430555701255798,0.30000001192092896,0.9916666746139526
average,0.1786,crop50_blur,0.9302777647972107,0.18333333730697632,0.9916666746139526
average,0.1786,crop50_jpeg,0.6441666483879089,0.0,0.6166666746139526
average,0.1786,macro_average,0.8391666611035665,,
average,0.1787,crop50,0.9430555701255798,0.30000001192092896,0.9916666746139526
average,0.1787,crop50_blur,0.9302777647972107,0.18333333730697632,0.9916666746139526
average,0.1787,crop50_jpeg,0.6441666483879089,0.0,0.6166666746139526
average,0.1787,macro_average,0.8391666611035665,,
average,0.17880000000000001,crop50,0.9430555701255798,0.30000001192092896,0.9916666746139526
average,0.17880000000000001,crop50_blur,0.9322222471237183,0.18333333730697632,1.0
average,0.17880000000000001,crop50_jpeg,0.6441666483879089,0.0,0.625
average,0.17880000000000001,macro_average,0.839814821879069,,
average,0.1789,crop50,0.9430555701255798,0.30000001192092896,0.9916666746139526
average,0.1789,crop50_blur,0.9322222471237183,0.18333333730697632,1.0
average,0.1789,crop50_jpeg,0.6438888907432556,0.0,0.6333333253860474
average,0.1789,macro_average,0.8397222359975179,,
average,0.179,crop50,0.9430555701255798,0.30000001192092896,0.9916666746139526
average,0.179,crop50_blur,0.9322222471237183,0.18333333730697632,1.0
average,0.179,crop50_jpeg,0.6438888907432556,0.0,0.6333333253860474
average,0.179,macro_average,0.8397222359975179,,
average,0.17909999999999998,crop50,0.9430555701255798,0.30000001192092896,0.9916666746139526
average,0.17909999999999998,crop50_blur,0.9322222471237183,0.18333333730697632,1.0
average,0.17909999999999998,crop50_jpeg,0.6441666483879089,0.0,0.6416666507720947
average,0.17909999999999998,macro_average,0.839814821879069,,
average,0.1792,crop50,0.9430555701255798,0.30000001192092896,0.9916666746139526
average,0.1792,crop50_blur,0.9322222471237183,0.18333333730697632,1.0
average,0.1792,crop50_jpeg,0.6441666483879089,0.0,0.6416666507720947
average,0.1792,macro_average,0.839814821879069,,
average,0.17930000000000001,crop50,0.9430555701255798,0.30000001192092896,0.9916666746139526
average,0.17930000000000001,crop50_blur,0.9322222471237183,0.18333333730697632,1.0
average,0.17930000000000001,crop50_jpeg,0.6441666483879089,0.0,0.6416666507720947
average,0.17930000000000001,macro_average,0.839814821879069,,
average,0.1794,crop50,0.9430555701255798,0.30000001192092896,0.9916666746139526
average,0.1794,crop50_blur,0.9322222471237183,0.18333333730697632,1.0
average,0.1794,crop50_jpeg,0.6441666483879089,0.0,0.6416666507720947
average,0.1794,macro_average,0.839814821879069,,
average,0.1795,crop50,0.9430555701255798,0.30000001192092896,0.9916666746139526
average,0.1795,crop50_blur,0.9322222471237183,0.18333333730697632,1.0
average,0.1795,crop50_jpeg,0.6430555582046509,0.0,0.6499999761581421
average,0.1795,macro_average,0.8394444584846497,,
average,0.17959999999999998,crop50,0.9430555701255798,0.30000001192092896,0.9916666746139526
average,0.17959999999999998,crop50_blur,0.9322222471237183,0.18333333730697632,1.0
average,0.17959999999999998,crop50_jpeg,0.6436111330986023,0.0,0.6583333611488342
average,0.17959999999999998,macro_average,0.8396296501159668,,
average,0.1797,crop50,0.9430555701255798,0.30000001192092896,0.9916666746139526
average,0.1797,crop50_blur,0.9322222471237183,0.18333333730697632,1.0
average,0.1797,crop50_jpeg,0.6436111330986023,0.0,0.6666666865348816
average,0.1797,macro_average,0.8396296501159668,,
average,0.17980000000000002,crop50,0.9430555701255798,0.30000001192092896,0.9916666746139526
average,0.17980000000000002,crop50_blur,0.9322222471237183,0.18333333730697632,1.0
average,0.17980000000000002,crop50_jpeg,0.6436111330986023,0.0,0.6666666865348816
average,0.17980000000000002,macro_average,0.8396296501159668,,
average,0.1799,crop50,0.9430555701255798,0.30000001192092896,0.9916666746139526
average,0.1799,crop50_blur,0.9322222471237183,0.18333333730697632,1.0
average,0.1799,crop50_jpeg,0.6436111330986023,0.0,0.6666666865348816
average,0.1799,macro_average,0.8396296501159668,,
average,0.18,crop50,0.9430555701255798,0.30000001192092896,0.9916666746139526
average,0.18,crop50_blur,0.9322222471237183,0.18333333730697632,1.0
average,0.18,crop50_jpeg,0.6436111330986023,0.0,0.6666666865348816
average,0.18,macro_average,0.8396296501159668,,
average,0.18009999999999998,crop50,0.9430555701255798,0.30000001192092896,0.9916666746139526
average,0.18009999999999998,crop50_blur,0.9322222471237183,0.18333333730697632,1.0
average,0.18009999999999998,crop50_jpeg,0.6436111330986023,0.0,0.6666666865348816
average,0.18009999999999998,macro_average,0.8396296501159668,,
average,0.1802,crop50,0.9430555701255798,0.30000001192092896,0.9916666746139526
average,0.1802,crop50_blur,0.9322222471237183,0.18333333730697632,1.0
average,0.1802,crop50_jpeg,0.6427778005599976,0.0,0.6833333373069763
average,0.1802,macro_average,0.8393518726030985,,
average,0.1803,crop50,0.9430555701255798,0.30000001192092896,0.9916666746139526
average,0.1803,crop50_blur,0.9322222471237183,0.18333333730697632,1.0
average,0.1803,crop50_jpeg,0.6427778005599976,0.0,0.6833333373069763
average,0.1803,macro_average,0.8393518726030985,,
average,0.1804,crop50,0.9430555701255798,0.30000001192092896,0.9916666746139526
average,0.1804,crop50_blur,0.9322222471237183,0.18333333730697632,1.0
average,0.1804,crop50_jpeg,0.6424999833106995,0.0,0.6916666626930237
average,0.1804,macro_average,0.8392592668533325,,
average,0.1805,crop50,0.9430555701255798,0.30000001192092896,0.9916666746139526
average,0.1805,crop50_blur,0.9322222471237183,0.18333333730697632,1.0
average,0.1805,crop50_jpeg,0.6424999833106995,0.0,0.6916666626930237
average,0.1805,macro_average,0.8392592668533325,,
average,0.18059999999999998,crop50,0.9430555701255798,0.30000001192092896,0.9916666746139526
average,0.18059999999999998,crop50_blur,0.9322222471237183,0.18333333730697632,1.0
average,0.18059999999999998,crop50_jpeg,0.6424999833106995,0.0,0.6916666626930237
average,0.18059999999999998,macro_average,0.8392592668533325,,
average,0.1807,crop50,0.9430555701255798,0.30000001192092896,0.9916666746139526
average,0.1807,crop50_blur,0.9322222471237183,0.18333333730697632,1.0
average,0.1807,crop50_jpeg,0.6433333158493042,0.0,0.7083333134651184
average,0.1807,macro_average,0.8395370443662008,,
average,0.1808,crop50,0.9430555701255798,0.30000001192092896,0.9916666746139526
average,0.1808,crop50_blur,0.9322222471237183,0.18333333730697632,1.0
average,0.1808,crop50_jpeg,0.6433333158493042,0.0,0.7083333134651184
average,0.1808,macro_average,0.8395370443662008,,
average,0.1809,crop50,0.9430555701255798,0.30000001192092896,0.9916666746139526
average,0.1809,crop50_blur,0.9322222471237183,0.18333333730697632,1.0
average,0.1809,crop50_jpeg,0.6422222256660461,0.0,0.7250000238418579
average,0.1809,macro_average,0.8391666809717814,,
average,0.181,crop50,0.9430555701255798,0.30000001192092896,0.9916666746139526
average,0.181,crop50_blur,0.9322222471237183,0.18333333730697632,1.0
average,0.181,crop50_jpeg,0.6422222256660461,0.0,0.7250000238418579
average,0.181,macro_average,0.8391666809717814,,
average,0.18109999999999998,crop50,0.9430555701255798,0.30000001192092896,0.9916666746139526
average,0.18109999999999998,crop50_blur,0.9322222471237183,0.18333333730697632,1.0
average,0.18109999999999998,crop50_jpeg,0.6422222256660461,0.0,0.7250000238418579
average,0.18109999999999998,macro_average,0.8391666809717814,,
average,0.1812,crop50,0.9430555701255798,0.30000001192092896,0.9916666746139526
average,0.1812,crop50_blur,0.9322222471237183,0.18333333730697632,1.0
average,0.1812,crop50_jpeg,0.6422222256660461,0.0,0.7250000238418579
average,0.1812,macro_average,0.8391666809717814,,
average,0.1813,crop50,0.9430555701255798,0.30000001192092896,0.9916666746139526
average,0.1813,crop50_blur,0.9322222471237183,0.18333333730697632,1.0
average,0.1813,crop50_jpeg,0.6422222256660461,0.0,0.7250000238418579
average,0.1813,macro_average,0.8391666809717814,,
average,0.1814,crop50,0.9430555701255798,0.30000001192092896,0.9916666746139526
average,0.1814,crop50_blur,0.9322222471237183,0.18333333730697632,1.0
average,0.1814,crop50_jpeg,0.6422222256660461,0.0,0.7250000238418579
average,0.1814,macro_average,0.8391666809717814,,
average,0.1815,crop50,0.9430555701255798,0.30000001192092896,0.9916666746139526
average,0.1815,crop50_blur,0.9322222471237183,0.18333333730697632,1.0
average,0.1815,crop50_jpeg,0.6422222256660461,0.0,0.7250000238418579
average,0.1815,macro_average,0.8391666809717814,,
average,0.18159999999999998,crop50,0.9430555701255798,0.30000001192092896,0.9916666746139526
average,0.18159999999999998,crop50_blur,0.9322222471237183,0.18333333730697632,1.0
average,0.18159999999999998,crop50_jpeg,0.6419444680213928,0.0,0.7333333492279053
average,0.18159999999999998,macro_average,0.8390740950902303,,
average,0.1817,crop50,0.9430555701255798,0.30000001192092896,0.9916666746139526
average,0.1817,crop50_blur,0.9322222471237183,0.18333333730697632,1.0
average,0.1817,crop50_jpeg,0.6416666507720947,0.0,0.7416666746139526
average,0.1817,macro_average,0.8389814893404642,,
average,0.1818,crop50,0.9430555701255798,0.30000001192092896,0.9916666746139526
average,0.1818,crop50_blur,0.9322222471237183,0.18333333730697632,1.0
average,0.1818,crop50_jpeg,0.6402778029441833,0.0,0.75
average,0.1818,macro_average,0.8385185400644938,,
average,0.1819,crop50,0.9430555701255798,0.30000001192092896,0.9916666746139526
average,0.1819,crop50_blur,0.9322222471237183,0.18333333730697632,1.0
average,0.1819,crop50_jpeg,0.6402778029441833,0.0,0.75
average,0.1819,macro_average,0.8385185400644938,,
average,0.182,crop50,0.9430555701255798,0.30000001192092896,0.9916666746139526
average,0.182,crop50_blur,0.9322222471237183,0.18333333730697632,1.0
average,0.182,crop50_jpeg,0.6402778029441833,0.0,0.75
average,0.182,macro_average,0.8385185400644938,,
average,0.18209999999999998,crop50,0.9430555701255798,0.30000001192092896,0.9916666746139526
average,0.18209999999999998,crop50_blur,0.9322222471237183,0.18333333730697632,1.0
average,0.18209999999999998,crop50_jpeg,0.6402778029441833,0.0,0.75
average,0.18209999999999998,macro_average,0.8385185400644938,,
average,0.1822,crop50,0.9430555701255798,0.30000001192092896,0.9916666746139526
average,0.1822,crop50_blur,0.9322222471237183,0.18333333730697632,1.0
average,0.1822,crop50_jpeg,0.6402778029441833,0.0,0.75
average,0.1822,macro_average,0.8385185400644938,,
average,0.1823,crop50,0.9430555701255798,0.30000001192092896,0.9916666746139526
average,0.1823,crop50_blur,0.9322222471237183,0.18333333730697632,1.0
average,0.1823,crop50_jpeg,0.6399999856948853,0.0,0.7583333253860474
average,0.1823,macro_average,0.8384259343147278,,
average,0.1824,crop50,0.9430555701255798,0.30000001192092896,0.9916666746139526
average,0.1824,crop50_blur,0.9322222471237183,0.18333333730697632,1.0
average,0.1824,crop50_jpeg,0.6399999856948853,0.0,0.7583333253860474
average,0.1824,macro_average,0.8384259343147278,,
average,0.1825,crop50,0.9430555701255798,0.30000001192092896,0.9916666746139526
average,0.1825,crop50_blur,0.9322222471237183,0.18333333730697632,1.0
average,0.1825,crop50_jpeg,0.6402778029441833,0.0,0.7666666507720947
average,0.1825,macro_average,0.8385185400644938,,
average,0.18259999999999998,crop50,0.9430555701255798,0.30000001192092896,0.9916666746139526
average,0.18259999999999998,crop50_blur,0.9322222471237183,0.18333333730697632,1.0
average,0.18259999999999998,crop50_jpeg,0.6402778029441833,0.0,0.7666666507720947
average,0.18259999999999998,macro_average,0.8385185400644938,,
average,0.1827,crop50,0.9430555701255798,0.30000001192092896,0.9916666746139526
average,0.1827,crop50_blur,0.9322222471237183,0.18333333730697632,1.0
average,0.1827,crop50_jpeg,0.6402778029441833,0.0,0.7666666507720947
average,0.1827,macro_average,0.8385185400644938,,
average,0.18280000000000002,crop50,0.9430555701255798,0.30000001192092896,0.9916666746139526
average,0.18280000000000002,crop50_blur,0.9322222471237183,0.18333333730697632,1.0
average,0.18280000000000002,crop50_jpeg,0.6397222280502319,0.0,0.7749999761581421
average,0.18280000000000002,macro_average,0.8383333484331766,,
average,0.1829,crop50,0.9430555701255798,0.30000001192092896,0.9916666746139526
average,0.1829,crop50_blur,0.9322222471237183,0.18333333730697632,1.0
average,0.1829,crop50_jpeg,0.6397222280502319,0.0,0.7833333611488342
average,0.1829,macro_average,0.8383333484331766,,
average,0.183,crop50,0.9430555701255798,0.30000001192092896,0.9916666746139526
average,0.183,crop50_blur,0.9322222471237183,0.18333333730697632,1.0
average,0.183,crop50_jpeg,0.6383333206176758,0.0,0.7916666865348816
average,0.183,macro_average,0.8378703792889913,,
average,0.18309999999999998,crop50,0.9430555701255798,0.30000001192092896,0.9916666746139526
average,0.18309999999999998,crop50_blur,0.9322222471237183,0.18333333730697632,1.0
average,0.18309999999999998,crop50_jpeg,0.6383333206176758,0.0,0.7916666865348816
average,0.18309999999999998,macro_average,0.8378703792889913,,
average,0.1832,crop50,0.9430555701255798,0.30000001192092896,0.9916666746139526
average,0.1832,crop50_blur,0.9322222471237183,0.18333333730697632,1.0
average,0.1832,crop50_jpeg,0.6388888955116272,0.0,0.800000011920929
average,0.1832,macro_average,0.8380555709203085,,
average,0.18330000000000002,crop50,0.9430555701255798,0.30000001192092896,0.9916666746139526
average,0.18330000000000002,crop50_blur,0.9322222471237183,0.18333333730697632,1.0
average,0.18330000000000002,crop50_jpeg,0.6388888955116272,0.0,0.800000011920929
average,0.18330000000000002,macro_average,0.8380555709203085,,
average,0.1834,crop50,0.9430555701255798,0.30000001192092896,0.9916666746139526
average,0.1834,crop50_blur,0.9322222471237183,0.18333333730697632,1.0
average,0.1834,crop50_jpeg,0.6388888955116272,0.0,0.800000011920929
average,0.1834,macro_average,0.8380555709203085,,
average,0.1835,crop50,0.9430555701255798,0.30000001192092896,0.9916666746139526
average,0.1835,crop50_blur,0.9322222471237183,0.18333333730697632,1.0
average,0.1835,crop50_jpeg,0.6388888955116272,0.0,0.800000011920929
average,0.1835,macro_average,0.8380555709203085,,
average,0.18359999999999999,crop50,0.9430555701255798,0.30000001192092896,0.9916666746139526
average,0.18359999999999999,crop50_blur,0.9322222471237183,0.18333333730697632,1.0
average,0.18359999999999999,crop50_jpeg,0.6388888955116272,0.0,0.800000011920929
average,0.18359999999999999,macro_average,0.8380555709203085,,
average,0.1837,crop50,0.9430555701255798,0.30000001192092896,0.9916666746139526
average,0.1837,crop50_blur,0.9322222471237183,0.18333333730697632,1.0
average,0.1837,crop50_jpeg,0.6388888955116272,0.0,0.800000011920929
average,0.1837,macro_average,0.8380555709203085,,
average,0.18380000000000002,crop50,0.9430555701255798,0.30000001192092896,0.9916666746139526
average,0.18380000000000002,crop50_blur,0.9322222471237183,0.18333333730697632,1.0
average,0.18380000000000002,crop50_jpeg,0.6386111378669739,0.0,0.8166666626930237
average,0.18380000000000002,macro_average,0.8379629850387573,,
average,0.1839,crop50,0.9430555701255798,0.30000001192092896,0.9916666746139526
average,0.1839,crop50_blur,0.9322222471237183,0.18333333730697632,1.0
average,0.1839,crop50_jpeg,0.6386111378669739,0.0,0.8166666626930237
average,0.1839,macro_average,0.8379629850387573,,
average,0.184,crop50,0.9430555701255798,0.30000001192092896,0.9916666746139526
average,0.184,crop50_blur,0.9322222471237183,0.18333333730697632,1.0
average,0.184,crop50_jpeg,0.6386111378669739,0.0,0.8166666626930237
average,0.184,macro_average,0.8379629850387573,,
average,0.18409999999999999,crop50,0.9430555701255798,0.30000001192092896,0.9916666746139526
average,0.18409999999999999,crop50_blur,0.9322222471237183,0.18333333730697632,1.0
average,0.18409999999999999,crop50_jpeg,0.6386111378669739,0.0,0.8166666626930237
average,0.18409999999999999,macro_average,0.8379629850387573,,
average,0.1842,crop50,0.9430555701255798,0.30000001192092896,0.9916666746139526
average,0.1842,crop50_blur,0.9322222471237183,0.18333333730697632,1.0
average,0.1842,crop50_jpeg,0.6386111378669739,0.0,0.8166666626930237
average,0.1842,macro_average,0.8379629850387573,,
average,0.18430000000000002,crop50,0.9430555701255798,0.30000001192092896,0.9916666746139526
average,0.18430000000000002,crop50_blur,0.9322222471237183,0.18333333730697632,1.0
average,0.18430000000000002,crop50_jpeg,0.6386111378669739,0.0,0.8166666626930237
average,0.18430000000000002,macro_average,0.8379629850387573,,
average,0.1844,crop50,0.9430555701255798,0.30000001192092896,0.9916666746139526
average,0.1844,crop50_blur,0.9322222471237183,0.18333333730697632,1.0
average,0.1844,crop50_jpeg,0.6386111378669739,0.0,0.8166666626930237
average,0.1844,macro_average,0.8379629850387573,,
average,0.1845,crop50,0.9430555701255798,0.30000001192092896,0.9916666746139526
average,0.1845,crop50_blur,0.9322222471237183,0.18333333730697632,1.0
average,0.1845,crop50_jpeg,0.6394444704055786,0.0,0.824999988079071
average,0.1845,macro_average,0.8382407625516256,,
average,0.1846,crop50,0.9430555701255798,0.30000001192092896,0.9916666746139526
average,0.1846,crop50_blur,0.9322222471237183,0.18333333730697632,1.0
average,0.1846,crop50_jpeg,0.6394444704055786,0.0,0.824999988079071
average,0.1846,macro_average,0.8382407625516256,,
average,0.1847,crop50,0.9430555701255798,0.30000001192092896,0.9916666746139526
average,0.1847,crop50_blur,0.9322222471237183,0.18333333730697632,1.0
average,0.1847,crop50_jpeg,0.6394444704055786,0.0,0.824999988079071
average,0.1847,macro_average,0.8382407625516256,,
average,0.1848,crop50,0.9430555701255798,0.30000001192092896,0.9916666746139526
average,0.1848,crop50_blur,0.9322222471237183,0.18333333730697632,1.0
average,0.1848,crop50_jpeg,0.6399999856948853,0.0,0.8333333134651184
average,0.1848,macro_average,0.8384259343147278,,
average,0.1849,crop50,0.9430555701255798,0.30000001192092896,0.9916666746139526
average,0.1849,crop50_blur,0.9322222471237183,0.18333333730697632,1.0
average,0.1849,crop50_jpeg,0.6399999856948853,0.0,0.8333333134651184
average,0.1849,macro_average,0.8384259343147278,,
average,0.185,crop50,0.9430555701255798,0.30000001192092896,0.9916666746139526
average,0.185,crop50_blur,0.9322222471237183,0.18333333730697632,1.0
average,0.185,crop50_jpeg,0.6399999856948853,0.0,0.8333333134651184
average,0.185,macro_average,0.8384259343147278,,
average,0.1851,crop50,0.9430555701255798,0.30000001192092896,0.9916666746139526
average,0.1851,crop50_blur,0.9322222471237183,0.18333333730697632,1.0
average,0.1851,crop50_jpeg,0.6399999856948853,0.0,0.8333333134651184
average,0.1851,macro_average,0.8384259343147278,,
average,0.1852,crop50,0.9430555701255798,0.30000001192092896,0.9916666746139526
average,0.1852,crop50_blur,0.9322222471237183,0.18333333730697632,1.0
average,0.1852,crop50_jpeg,0.6399999856948853,0.0,0.8333333134651184
average,0.1852,macro_average,0.8384259343147278,,
average,0.1853,crop50,0.9430555701255798,0.30000001192092896,0.9916666746139526
average,0.1853,crop50_blur,0.9322222471237183,0.18333333730697632,1.0
average,0.1853,crop50_jpeg,0.6399999856948853,0.0,0.8333333134651184
average,0.1853,macro_average,0.8384259343147278,,
average,0.1854,crop50,0.9430555701255798,0.30000001192092896,0.9916666746139526
average,0.1854,crop50_blur,0.9322222471237183,0.18333333730697632,1.0
average,0.1854,crop50_jpeg,0.6399999856948853,0.0,0.8333333134651184
average,0.1854,macro_average,0.8384259343147278,,
average,0.1855,crop50,0.9430555701255798,0.30000001192092896,0.9916666746139526
average,0.1855,crop50_blur,0.9322222471237183,0.18333333730697632,1.0
average,0.1855,crop50_jpeg,0.6399999856948853,0.0,0.8333333134651184
average,0.1855,macro_average,0.8384259343147278,,
average,0.1856,crop50,0.9430555701255798,0.30000001192092896,0.9916666746139526
average,0.1856,crop50_blur,0.9322222471237183,0.18333333730697632,1.0
average,0.1856,crop50_jpeg,0.6399999856948853,0.0,0.8333333134651184
average,0.1856,macro_average,0.8384259343147278,,
average,0.1857,crop50,0.9430555701255798,0.30000001192092896,0.9916666746139526
average,0.1857,crop50_blur,0.9322222471237183,0.18333333730697632,1.0
average,0.1857,crop50_jpeg,0.6399999856948853,0.0,0.8333333134651184
average,0.1857,macro_average,0.8384259343147278,,
average,0.1858,crop50,0.9430555701255798,0.30000001192092896,0.9916666746139526
average,0.1858,crop50_blur,0.9322222471237183,0.18333333730697632,1.0
average,0.1858,crop50_jpeg,0.6399999856948853,0.0,0.8333333134651184
average,0.1858,macro_average,0.8384259343147278,,
average,0.1859,crop50,0.9430555701255798,0.30000001192092896,0.9916666746139526
average,0.1859,crop50_blur,0.9322222471237183,0.18333333730697632,1.0
average,0.1859,crop50_jpeg,0.6399999856948853,0.0,0.8333333134651184
average,0.1859,macro_average,0.8384259343147278,,
average,0.186,crop50,0.9430555701255798,0.30000001192092896,0.9916666746139526
average,0.186,crop50_blur,0.9322222471237183,0.18333333730697632,1.0
average,0.186,crop50_jpeg,0.6399999856948853,0.0,0.8333333134651184
average,0.186,macro_average,0.8384259343147278,,
average,0.1861,crop50,0.9430555701255798,0.30000001192092896,0.9916666746139526
average,0.1861,crop50_blur,0.9322222471237183,0.18333333730697632,1.0
average,0.1861,crop50_jpeg,0.6399999856948853,0.0,0.8333333134651184
average,0.1861,macro_average,0.8384259343147278,,
average,0.1862,crop50,0.9430555701255798,0.30000001192092896,0.9916666746139526
average,0.1862,crop50_blur,0.9322222471237183,0.18333333730697632,1.0
average,0.1862,crop50_jpeg,0.6399999856948853,0.0,0.8333333134651184
average,0.1862,macro_average,0.8384259343147278,,
average,0.1863,crop50,0.9416666626930237,0.30000001192092896,1.0
average,0.1863,crop50_blur,0.9322222471237183,0.18333333730697632,1.0
average,0.1863,crop50_jpeg,0.6399999856948853,0.0,0.8333333134651184
average,0.1863,macro_average,0.8379629651705424,,
average,0.1864,crop50,0.9416666626930237,0.30000001192092896,1.0
average,0.1864,crop50_blur,0.9322222471237183,0.18333333730697632,1.0
average,0.1864,crop50_jpeg,0.6399999856948853,0.0,0.8333333134651184
average,0.1864,macro_average,0.8379629651705424,,
average,0.1865,crop50,0.9416666626930237,0.30000001192092896,1.0
average,0.1865,crop50_blur,0.9322222471237183,0.18333333730697632,1.0
average,0.1865,crop50_jpeg,0.6399999856948853,0.0,0.8333333134651184
average,0.1865,macro_average,0.8379629651705424,,
average,0.1866,crop50,0.9416666626930237,0.30000001192092896,1.0
average,0.1866,crop50_blur,0.9322222471237183,0.18333333730697632,1.0
average,0.1866,crop50_jpeg,0.6399999856948853,0.0,0.8333333134651184
average,0.1866,macro_average,0.8379629651705424,,
average,0.1867,crop50,0.9416666626930237,0.30000001192092896,1.0
average,0.1867,crop50_blur,0.9322222471237183,0.18333333730697632,1.0
average,0.1867,crop50_jpeg,0.6399999856948853,0.0,0.8333333134651184
average,0.1867,macro_average,0.8379629651705424,,
average,0.1868,crop50,0.9416666626930237,0.30000001192092896,1.0
average,0.1868,crop50_blur,0.9322222471237183,0.18333333730697632,1.0
average,0.1868,crop50_jpeg,0.6405555605888367,0.0,0.8500000238418579
average,0.1868,macro_average,0.8381481568018595,,
average,0.1869,crop50,0.9416666626930237,0.30000001192092896,1.0
average,0.1869,crop50_blur,0.9322222471237183,0.18333333730697632,1.0
average,0.1869,crop50_jpeg,0.6405555605888367,0.0,0.8500000238418579
average,0.1869,macro_average,0.8381481568018595,,
average,0.187,crop50,0.9416666626930237,0.30000001192092896,1.0
average,0.187,crop50_blur,0.9322222471237183,0.18333333730697632,1.0
average,0.187,crop50_jpeg,0.6405555605888367,0.0,0.8500000238418579
average,0.187,macro_average,0.8381481568018595,,
average,0.1871,crop50,0.9416666626930237,0.30000001192092896,1.0
average,0.1871,crop50_blur,0.9322222471237183,0.18333333730697632,1.0
average,0.1871,crop50_jpeg,0.6405555605888367,0.0,0.8500000238418579
average,0.1871,macro_average,0.8381481568018595,,
average,0.1872,crop50,0.9416666626930237,0.30000001192092896,1.0
average,0.1872,crop50_blur,0.9322222471237183,0.18333333730697632,1.0
average,0.1872,crop50_jpeg,0.6405555605888367,0.0,0.8500000238418579
average,0.1872,macro_average,0.8381481568018595,,
average,0.1873,crop50,0.9416666626930237,0.30000001192092896,1.0
average,0.1873,crop50_blur,0.9322222471237183,0.18333333730697632,1.0
average,0.1873,crop50_jpeg,0.6411111354827881,0.0,0.8583333492279053
average,0.1873,macro_average,0.8383333484331766,,
average,0.1874,crop50,0.9416666626930237,0.30000001192092896,1.0
average,0.1874,crop50_blur,0.9322222471237183,0.18333333730697632,1.0
average,0.1874,crop50_jpeg,0.6411111354827881,0.0,0.8583333492279053
average,0.1874,macro_average,0.8383333484331766,,
average,0.1875,crop50,0.9416666626930237,0.30000001192092896,1.0
average,0.1875,crop50_blur,0.9322222471237183,0.18333333730697632,1.0
average,0.1875,crop50_jpeg,0.6402778029441833,0.0,0.8666666746139526
average,0.1875,macro_average,0.8380555709203085,,
average,0.1876,crop50,0.9416666626930237,0.30000001192092896,1.0
average,0.1876,crop50_blur,0.9322222471237183,0.18333333730697632,1.0
average,0.1876,crop50_jpeg,0.6402778029441833,0.0,0.8666666746139526
average,0.1876,macro_average,0.8380555709203085,,
average,0.1877,crop50,0.9416666626930237,0.30000001192092896,1.0
average,0.1877,crop50_blur,0.9322222471237183,0.18333333730697632,1.0
average,0.1877,crop50_jpeg,0.6413888931274414,0.0,0.875
average,0.1877,macro_average,0.8384259343147278,,
average,0.1878,crop50,0.9416666626930237,0.30000001192092896,1.0
average,0.1878,crop50_blur,0.9322222471237183,0.18333333730697632,1.0
average,0.1878,crop50_jpeg,0.6413888931274414,0.0,0.875
average,0.1878,macro_average,0.8384259343147278,,
average,0.1879,crop50,0.9416666626930237,0.30000001192092896,1.0
average,0.1879,crop50_blur,0.9322222471237183,0.18333333730697632,1.0
average,0.1879,crop50_jpeg,0.6402778029441833,0.0,0.8833333253860474
average,0.1879,macro_average,0.8380555709203085,,
average,0.188,crop50,0.9416666626930237,0.30000001192092896,1.0
average,0.188,crop50_blur,0.9322222471237183,0.18333333730697632,1.0
average,0.188,crop50_jpeg,0.6399999856948853,0.0,0.8916666507720947
average,0.188,macro_average,0.8379629651705424,,
average,0.1881,crop50,0.9416666626930237,0.30000001192092896,1.0
average,0.1881,crop50_blur,0.9322222471237183,0.18333333730697632,1.0
average,0.1881,crop50_jpeg,0.6399999856948853,0.0,0.8916666507720947
average,0.1881,macro_average,0.8379629651705424,,
average,0.18819999999999998,crop50,0.9416666626930237,0.30000001192092896,1.0
average,0.18819999999999998,crop50_blur,0.9322222471237183,0.18333333730697632,1.0
average,0.18819999999999998,crop50_jpeg,0.6399999856948853,0.0,0.8916666507720947
average,0.18819999999999998,macro_average,0.8379629651705424,,
average,0.1883,crop50,0.9416666626930237,0.30000001192092896,1.0
average,0.1883,crop50_blur,0.9322222471237183,0.18333333730697632,1.0
average,0.1883,crop50_jpeg,0.6399999856948853,0.0,0.8916666507720947
average,0.1883,macro_average,0.8379629651705424,,
average,0.1884,crop50,0.9416666626930237,0.30000001192092896,1.0
average,0.1884,crop50_blur,0.9322222471237183,0.18333333730697632,1.0
average,0.1884,crop50_jpeg,0.6399999856948853,0.0,0.8916666507720947
average,0.1884,macro_average,0.8379629651705424,,
average,0.1885,crop50,0.9416666626930237,0.30000001192092896,1.0
average,0.1885,crop50_blur,0.9322222471237183,0.18333333730697632,1.0
average,0.1885,crop50_jpeg,0.6399999856948853,0.0,0.8916666507720947
average,0.1885,macro_average,0.8379629651705424,,
average,0.1886,crop50,0.9416666626930237,0.30000001192092896,1.0
average,0.1886,crop50_blur,0.9322222471237183,0.18333333730697632,1.0
average,0.1886,crop50_jpeg,0.6416666507720947,0.0,0.8999999761581421
average,0.1886,macro_average,0.8385185201962789,,
average,0.18869999999999998,crop50,0.9416666626930237,0.30000001192092896,1.0
average,0.18869999999999998,crop50_blur,0.9322222471237183,0.18333333730697632,1.0
average,0.18869999999999998,crop50_jpeg,0.6416666507720947,0.0,0.8999999761581421
average,0.18869999999999998,macro_average,0.8385185201962789,,
average,0.1888,crop50,0.9416666626930237,0.30000001192092896,1.0
average,0.1888,crop50_blur,0.9322222471237183,0.18333333730697632,1.0
average,0.1888,crop50_jpeg,0.6416666507720947,0.0,0.8999999761581421
average,0.1888,macro_average,0.8385185201962789,,
average,0.1889,crop50,0.9416666626930237,0.30000001192092896,1.0
average,0.1889,crop50_blur,0.9322222471237183,0.18333333730697632,1.0
average,0.1889,crop50_jpeg,0.6402778029441833,0.0,0.9166666865348816
average,0.1889,macro_average,0.8380555709203085,,
average,0.189,crop50,0.9416666626930237,0.30000001192092896,1.0
average,0.189,crop50_blur,0.9322222471237183,0.18333333730697632,1.0
average,0.189,crop50_jpeg,0.64083331823349,0.0,0.925000011920929
average,0.189,macro_average,0.8382407426834106,,
average,0.1891,crop50,0.9416666626930237,0.30000001192092896,1.0
average,0.1891,crop50_blur,0.9322222471237183,0.18333333730697632,1.0
average,0.1891,crop50_jpeg,0.64083331823349,0.0,0.925000011920929
average,0.1891,macro_average,0.8382407426834106,,
average,0.18919999999999998,crop50,0.9416666626930237,0.30000001192092896,1.0
average,0.18919999999999998,crop50_blur,0.9322222471237183,0.18333333730697632,1.0
average,0.18919999999999998,crop50_jpeg,0.64083331823349,0.0,0.925000011920929
average,0.18919999999999998,macro_average,0.8382407426834106,,
average,0.1893,crop50,0.9416666626930237,0.30000001192092896,1.0
average,0.1893,crop50_blur,0.9322222471237183,0.18333333730697632,1.0
average,0.1893,crop50_jpeg,0.64083331823349,0.0,0.925000011920929
average,0.1893,macro_average,0.8382407426834106,,
average,0.1894,crop50,0.9416666626930237,0.30000001192092896,1.0
average,0.1894,crop50_blur,0.9322222471237183,0.18333333730697632,1.0
average,0.1894,crop50_jpeg,0.64083331823349,0.0,0.925000011920929
average,0.1894,macro_average,0.8382407426834106,,
average,0.1895,crop50,0.9416666626930237,0.30000001192092896,1.0
average,0.1895,crop50_blur,0.9322222471237183,0.18333333730697632,1.0
average,0.1895,crop50_jpeg,0.64083331823349,0.0,0.925000011920929
average,0.1895,macro_average,0.8382407426834106,,
average,0.1896,crop50,0.9416666626930237,0.30000001192092896,1.0
average,0.1896,crop50_blur,0.9322222471237183,0.18333333730697632,1.0
average,0.1896,crop50_jpeg,0.64083331823349,0.0,0.925000011920929
average,0.1896,macro_average,0.8382407426834106,,
average,0.18969999999999998,crop50,0.9416666626930237,0.30000001192092896,1.0
average,0.18969999999999998,crop50_blur,0.9322222471237183,0.18333333730697632,1.0
average,0.18969999999999998,crop50_jpeg,0.64083331823349,0.0,0.925000011920929
average,0.18969999999999998,macro_average,0.8382407426834106,,
average,0.1898,crop50,0.9416666626930237,0.30000001192092896,1.0
average,0.1898,crop50_blur,0.9322222471237183,0.18333333730697632,1.0
average,0.1898,crop50_jpeg,0.64083331823349,0.0,0.925000011920929
average,0.1898,macro_average,0.8382407426834106,,
average,0.1899,crop50,0.9416666626930237,0.30000001192092896,1.0
average,0.1899,crop50_blur,0.9322222471237183,0.18333333730697632,1.0
average,0.1899,crop50_jpeg,0.64083331823349,0.0,0.925000011920929
average,0.1899,macro_average,0.8382407426834106,,
average,0.19,crop50,0.9416666626930237,0.30000001192092896,1.0
average,0.19,crop50_blur,0.9322222471237183,0.18333333730697632,1.0
average,0.19,crop50_jpeg,0.64083331823349,0.0,0.925000011920929
average,0.19,macro_average,0.8382407426834106,,
average,0.1901,crop50,0.9416666626930237,0.30000001192092896,1.0
average,0.1901,crop50_blur,0.9322222471237183,0.18333333730697632,1.0
average,0.1901,crop50_jpeg,0.64083331823349,0.0,0.925000011920929
average,0.1901,macro_average,0.8382407426834106,,
average,0.19019999999999998,crop50,0.9416666626930237,0.30000001192092896,1.0
average,0.19019999999999998,crop50_blur,0.9322222471237183,0.18333333730697632,1.0
average,0.19019999999999998,crop50_jpeg,0.64083331823349,0.0,0.925000011920929
average,0.19019999999999998,macro_average,0.8382407426834106,,
average,0.1903,crop50,0.9416666626930237,0.30000001192092896,1.0
average,0.1903,crop50_blur,0.9322222471237183,0.18333333730697632,1.0
average,0.1903,crop50_jpeg,0.64083331823349,0.0,0.925000011920929
average,0.1903,macro_average,0.8382407426834106,,
average,0.1904,crop50,0.9416666626930237,0.30000001192092896,1.0
average,0.1904,crop50_blur,0.9322222471237183,0.18333333730697632,1.0
average,0.1904,crop50_jpeg,0.64083331823349,0.0,0.925000011920929
average,0.1904,macro_average,0.8382407426834106,,
average,0.1905,crop50,0.9416666626930237,0.30000001192092896,1.0
average,0.1905,crop50_blur,0.9322222471237183,0.18333333730697632,1.0
average,0.1905,crop50_jpeg,0.6413888931274414,0.0,0.9333333373069763
average,0.1905,macro_average,0.8384259343147278,,
average,0.1906,crop50,0.9416666626930237,0.30000001192092896,1.0
average,0.1906,crop50_blur,0.9322222471237183,0.18333333730697632,1.0
average,0.1906,crop50_jpeg,0.6413888931274414,0.0,0.9333333373069763
average,0.1906,macro_average,0.8384259343147278,,
average,0.19069999999999998,crop50,0.9416666626930237,0.30000001192092896,1.0
average,0.19069999999999998,crop50_blur,0.9322222471237183,0.18333333730697632,1.0
average,0.19069999999999998,crop50_jpeg,0.6413888931274414,0.0,0.9333333373069763
average,0.19069999999999998,macro_average,0.8384259343147278,,
average,0.1908,crop50,0.9416666626930237,0.30000001192092896,1.0
average,0.1908,crop50_blur,0.9322222471237183,0.18333333730697632,1.0
average,0.1908,crop50_jpeg,0.6413888931274414,0.0,0.9333333373069763
average,0.1908,macro_average,0.8384259343147278,,
average,0.19090000000000001,crop50,0.9416666626930237,0.30000001192092896,1.0
average,0.19090000000000001,crop50_blur,0.9322222471237183,0.18333333730697632,1.0
average,0.19090000000000001,crop50_jpeg,0.6416666507720947,0.0,0.9416666626930237
average,0.19090000000000001,macro_average,0.8385185201962789,,
average,0.191,crop50,0.9416666626930237,0.30000001192092896,1.0
average,0.191,crop50_blur,0.9322222471237183,0.18333333730697632,1.0
average,0.191,crop50_jpeg,0.6416666507720947,0.0,0.9416666626930237
average,0.191,macro_average,0.8385185201962789,,
average,0.1911,crop50,0.9416666626930237,0.30000001192092896,1.0
average,0.1911,crop50_blur,0.9322222471237183,0.18333333730697632,1.0
average,0.1911,crop50_jpeg,0.6416666507720947,0.0,0.9416666626930237
average,0.1911,macro_average,0.8385185201962789,,
average,0.19119999999999998,crop50,0.9416666626930237,0.30000001192092896,1.0
average,0.19119999999999998,crop50_blur,0.9322222471237183,0.18333333730697632,1.0
average,0.19119999999999998,crop50_jpeg,0.6416666507720947,0.0,0.9416666626930237
average,0.19119999999999998,macro_average,0.8385185201962789,,
average,0.1913,crop50,0.9416666626930237,0.30000001192092896,1.0
average,0.1913,crop50_blur,0.9322222471237183,0.18333333730697632,1.0
average,0.1913,crop50_jpeg,0.6416666507720947,0.0,0.9416666626930237
average,0.1913,macro_average,0.8385185201962789,,
average,0.19140000000000001,crop50,0.9416666626930237,0.30000001192092896,1.0
average,0.19140000000000001,crop50_blur,0.9322222471237183,0.18333333730697632,1.0
average,0.19140000000000001,crop50_jpeg,0.6416666507720947,0.0,0.9416666626930237
average,0.19140000000000001,macro_average,0.8385185201962789,,
average,0.1915,crop50,0.9416666626930237,0.30000001192092896,1.0
average,0.1915,crop50_blur,0.9322222471237183,0.18333333730697632,1.0
average,0.1915,crop50_jpeg,0.6416666507720947,0.0,0.9416666626930237
average,0.1915,macro_average,0.8385185201962789,,
average,0.1916,crop50,0.9416666626930237,0.30000001192092896,1.0
average,0.1916,crop50_blur,0.9322222471237183,0.18333333730697632,1.0
average,0.1916,crop50_jpeg,0.6416666507720947,0.0,0.9416666626930237
average,0.1916,macro_average,0.8385185201962789,,
average,0.19169999999999998,crop50,0.9416666626930237,0.30000001192092896,1.0
average,0.19169999999999998,crop50_blur,0.9322222471237183,0.18333333730697632,1.0
average,0.19169999999999998,crop50_jpeg,0.6416666507720947,0.0,0.9416666626930237
average,0.19169999999999998,macro_average,0.8385185201962789,,
average,0.1918,crop50,0.9416666626930237,0.30000001192092896,1.0
average,0.1918,crop50_blur,0.9322222471237183,0.18333333730697632,1.0
average,0.1918,crop50_jpeg,0.6416666507720947,0.0,0.9416666626930237
average,0.1918,macro_average,0.8385185201962789,,
average,0.19190000000000002,crop50,0.9416666626930237,0.30000001192092896,1.0
average,0.19190000000000002,crop50_blur,0.9322222471237183,0.18333333730697632,1.0
average,0.19190000000000002,crop50_jpeg,0.6416666507720947,0.0,0.9416666626930237
average,0.19190000000000002,macro_average,0.8385185201962789,,
average,0.192,crop50,0.9416666626930237,0.30000001192092896,1.0
average,0.192,crop50_blur,0.9322222471237183,0.18333333730697632,1.0
average,0.192,crop50_jpeg,0.6416666507720947,0.0,0.9416666626930237
average,0.192,macro_average,0.8385185201962789,,
average,0.1921,crop50,0.9416666626930237,0.30000001192092896,1.0
average,0.1921,crop50_blur,0.9322222471237183,0.18333333730697632,1.0
average,0.1921,crop50_jpeg,0.6416666507720947,0.0,0.9416666626930237
average,0.1921,macro_average,0.8385185201962789,,
average,0.19219999999999998,crop50,0.9416666626930237,0.30000001192092896,1.0
average,0.19219999999999998,crop50_blur,0.9322222471237183,0.18333333730697632,1.0
average,0.19219999999999998,crop50_jpeg,0.6416666507720947,0.0,0.9416666626930237
average,0.19219999999999998,macro_average,0.8385185201962789,,
average,0.1923,crop50,0.9416666626930237,0.30000001192092896,1.0
average,0.1923,crop50_blur,0.9322222471237183,0.18333333730697632,1.0
average,0.1923,crop50_jpeg,0.6416666507720947,0.0,0.9416666626930237
average,0.1923,macro_average,0.8385185201962789,,
average,0.19240000000000002,crop50,0.9416666626930237,0.30000001192092896,1.0
average,0.19240000000000002,crop50_blur,0.9322222471237183,0.18333333730697632,1.0
average,0.19240000000000002,crop50_jpeg,0.6416666507720947,0.0,0.9416666626930237
average,0.19240000000000002,macro_average,0.8385185201962789,,
average,0.1925,crop50,0.9416666626930237,0.30000001192092896,1.0
average,0.1925,crop50_blur,0.9322222471237183,0.18333333730697632,1.0
average,0.1925,crop50_jpeg,0.6416666507720947,0.0,0.9416666626930237
average,0.1925,macro_average,0.8385185201962789,,
average,0.1926,crop50,0.9416666626930237,0.30000001192092896,1.0
average,0.1926,crop50_blur,0.9322222471237183,0.18333333730697632,1.0
average,0.1926,crop50_jpeg,0.6416666507720947,0.0,0.9416666626930237
average,0.1926,macro_average,0.8385185201962789,,
average,0.19269999999999998,crop50,0.9416666626930237,0.30000001192092896,1.0
average,0.19269999999999998,crop50_blur,0.9322222471237183,0.18333333730697632,1.0
average,0.19269999999999998,crop50_jpeg,0.6416666507720947,0.0,0.9416666626930237
average,0.19269999999999998,macro_average,0.8385185201962789,,
average,0.1928,crop50,0.9416666626930237,0.30000001192092896,1.0
average,0.1928,crop50_blur,0.9322222471237183,0.18333333730697632,1.0
average,0.1928,crop50_jpeg,0.6416666507720947,0.0,0.9416666626930237
average,0.1928,macro_average,0.8385185201962789,,
average,0.19290000000000002,crop50,0.9416666626930237,0.30000001192092896,1.0
average,0.19290000000000002,crop50_blur,0.9322222471237183,0.18333333730697632,1.0
average,0.19290000000000002,crop50_jpeg,0.6416666507720947,0.0,0.9416666626930237
average,0.19290000000000002,macro_average,0.8385185201962789,,
average,0.193,crop50,0.9416666626930237,0.30000001192092896,1.0
average,0.193,crop50_blur,0.9322222471237183,0.18333333730697632,1.0
average,0.193,crop50_jpeg,0.6416666507720947,0.0,0.9416666626930237
average,0.193,macro_average,0.8385185201962789,,
average,0.1931,crop50,0.9416666626930237,0.30000001192092896,1.0
average,0.1931,crop50_blur,0.9322222471237183,0.18333333730697632,1.0
average,0.1931,crop50_jpeg,0.6416666507720947,0.0,0.9416666626930237
average,0.1931,macro_average,0.8385185201962789,,
average,0.19319999999999998,crop50,0.9416666626930237,0.30000001192092896,1.0
average,0.19319999999999998,crop50_blur,0.9322222471237183,0.18333333730697632,1.0
average,0.19319999999999998,crop50_jpeg,0.6416666507720947,0.0,0.9416666626930237
average,0.19319999999999998,macro_average,0.8385185201962789,,
average,0.1933,crop50,0.9416666626930237,0.30000001192092896,1.0
average,0.1933,crop50_blur,0.9322222471237183,0.18333333730697632,1.0
average,0.1933,crop50_jpeg,0.6416666507720947,0.0,0.9416666626930237
average,0.1933,macro_average,0.8385185201962789,,
average,0.19340000000000002,crop50,0.9416666626930237,0.30000001192092896,1.0
average,0.19340000000000002,crop50_blur,0.9322222471237183,0.18333333730697632,1.0
average,0.19340000000000002,crop50_jpeg,0.6416666507720947,0.0,0.9416666626930237
average,0.19340000000000002,macro_average,0.8385185201962789,,
average,0.1935,crop50,0.9416666626930237,0.30000001192092896,1.0
average,0.1935,crop50_blur,0.9322222471237183,0.18333333730697632,1.0
average,0.1935,crop50_jpeg,0.6416666507720947,0.0,0.9416666626930237
average,0.1935,macro_average,0.8385185201962789,,
average,0.1936,crop50,0.9416666626930237,0.30000001192092896,1.0
average,0.1936,crop50_blur,0.9322222471237183,0.18333333730697632,1.0
average,0.1936,crop50_jpeg,0.6416666507720947,0.0,0.9416666626930237
average,0.1936,macro_average,0.8385185201962789,,
average,0.19369999999999998,crop50,0.9416666626930237,0.30000001192092896,1.0
average,0.19369999999999998,crop50_blur,0.9322222471237183,0.18333333730697632,1.0
average,0.19369999999999998,crop50_jpeg,0.6416666507720947,0.0,0.9416666626930237
average,0.19369999999999998,macro_average,0.8385185201962789,,
average,0.1938,crop50,0.9416666626930237,0.30000001192092896,1.0
average,0.1938,crop50_blur,0.9322222471237183,0.18333333730697632,1.0
average,0.1938,crop50_jpeg,0.6416666507720947,0.0,0.9416666626930237
average,0.1938,macro_average,0.8385185201962789,,
average,0.19390000000000002,crop50,0.9416666626930237,0.30000001192092896,1.0
average,0.19390000000000002,crop50_blur,0.9322222471237183,0.18333333730697632,1.0
average,0.19390000000000002,crop50_jpeg,0.6416666507720947,0.0,0.9416666626930237
average,0.19390000000000002,macro_average,0.8385185201962789,,
average,0.194,crop50,0.9416666626930237,0.30000001192092896,1.0
average,0.194,crop50_blur,0.9322222471237183,0.18333333730697632,1.0
average,0.194,crop50_jpeg,0.6416666507720947,0.0,0.9416666626930237
average,0.194,macro_average,0.8385185201962789,,
average,0.1941,crop50,0.9416666626930237,0.30000001192092896,1.0
average,0.1941,crop50_blur,0.9322222471237183,0.18333333730697632,1.0
average,0.1941,crop50_jpeg,0.6416666507720947,0.0,0.9416666626930237
average,0.1941,macro_average,0.8385185201962789,,
average,0.19419999999999998,crop50,0.9416666626930237,0.30000001192092896,1.0
average,0.19419999999999998,crop50_blur,0.9322222471237183,0.18333333730697632,1.0
average,0.19419999999999998,crop50_jpeg,0.6416666507720947,0.0,0.9416666626930237
average,0.19419999999999998,macro_average,0.8385185201962789,,
average,0.1943,crop50,0.9416666626930237,0.30000001192092896,1.0
average,0.1943,crop50_blur,0.9322222471237183,0.18333333730697632,1.0
average,0.1943,crop50_jpeg,0.6416666507720947,0.0,0.9416666626930237
average,0.1943,macro_average,0.8385185201962789,,
average,0.19440000000000002,crop50,0.9416666626930237,0.30000001192092896,1.0
average,0.19440000000000002,crop50_blur,0.9322222471237183,0.18333333730697632,1.0
average,0.19440000000000002,crop50_jpeg,0.6416666507720947,0.0,0.9416666626930237
average,0.19440000000000002,macro_average,0.8385185201962789,,
average,0.1945,crop50,0.9416666626930237,0.30000001192092896,1.0
average,0.1945,crop50_blur,0.9322222471237183,0.18333333730697632,1.0
average,0.1945,crop50_jpeg,0.6416666507720947,0.0,0.9416666626930237
average,0.1945,macro_average,0.8385185201962789,,
average,0.1946,crop50,0.9416666626930237,0.30000001192092896,1.0
average,0.1946,crop50_blur,0.9322222471237183,0.18333333730697632,1.0
average,0.1946,crop50_jpeg,0.6416666507720947,0.0,0.9416666626930237
average,0.1946,macro_average,0.8385185201962789,,
average,0.19469999999999998,crop50,0.9416666626930237,0.30000001192092896,1.0
average,0.19469999999999998,crop50_blur,0.9322222471237183,0.18333333730697632,1.0
average,0.19469999999999998,crop50_jpeg,0.6416666507720947,0.0,0.9416666626930237
average,0.19469999999999998,macro_average,0.8385185201962789,,
average,0.1948,crop50,0.9416666626930237,0.30000001192092896,1.0
average,0.1948,crop50_blur,0.9322222471237183,0.18333333730697632,1.0
average,0.1948,crop50_jpeg,0.6416666507720947,0.0,0.9416666626930237
average,0.1948,macro_average,0.8385185201962789,,
average,0.19490000000000002,crop50,0.9416666626930237,0.30000001192092896,1.0
average,0.19490000000000002,crop50_blur,0.9322222471237183,0.18333333730697632,1.0
average,0.19490000000000002,crop50_jpeg,0.6416666507720947,0.0,0.9416666626930237
average,0.19490000000000002,macro_average,0.8385185201962789,,
average,0.195,crop50,0.9416666626930237,0.30000001192092896,1.0
average,0.195,crop50_blur,0.9322222471237183,0.18333333730697632,1.0
average,0.195,crop50_jpeg,0.6416666507720947,0.0,0.9416666626930237
average,0.195,macro_average,0.8385185201962789,,
average,0.1951,crop50,0.9416666626930237,0.30000001192092896,1.0
average,0.1951,crop50_blur,0.9322222471237183,0.18333333730697632,1.0
average,0.1951,crop50_jpeg,0.6416666507720947,0.0,0.9416666626930237
average,0.1951,macro_average,0.8385185201962789,,
average,0.19519999999999998,crop50,0.9416666626930237,0.30000001192092896,1.0
average,0.19519999999999998,crop50_blur,0.9322222471237183,0.18333333730697632,1.0
average,0.19519999999999998,crop50_jpeg,0.6416666507720947,0.0,0.9416666626930237
average,0.19519999999999998,macro_average,0.8385185201962789,,
average,0.1953,crop50,0.9416666626930237,0.30000001192092896,1.0
average,0.1953,crop50_blur,0.9322222471237183,0.18333333730697632,1.0
average,0.1953,crop50_jpeg,0.6416666507720947,0.0,0.9416666626930237
average,0.1953,macro_average,0.8385185201962789,,
average,0.19540000000000002,crop50,0.9416666626930237,0.30000001192092896,1.0
average,0.19540000000000002,crop50_blur,0.9322222471237183,0.18333333730697632,1.0
average,0.19540000000000002,crop50_jpeg,0.6416666507720947,0.0,0.9416666626930237
average,0.19540000000000002,macro_average,0.8385185201962789,,
average,0.1955,crop50,0.9416666626930237,0.30000001192092896,1.0
average,0.1955,crop50_blur,0.9322222471237183,0.18333333730697632,1.0
average,0.1955,crop50_jpeg,0.6416666507720947,0.0,0.9416666626930237
average,0.1955,macro_average,0.8385185201962789,,
average,0.1956,crop50,0.9416666626930237,0.30000001192092896,1.0
average,0.1956,crop50_blur,0.9322222471237183,0.18333333730697632,1.0
average,0.1956,crop50_jpeg,0.6416666507720947,0.0,0.9416666626930237
average,0.1956,macro_average,0.8385185201962789,,
average,0.19569999999999999,crop50,0.9416666626930237,0.30000001192092896,1.0
average,0.19569999999999999,crop50_blur,0.9322222471237183,0.18333333730697632,1.0
average,0.19569999999999999,crop50_jpeg,0.6413888931274414,0.0,0.949999988079071
average,0.19569999999999999,macro_average,0.8384259343147278,,
average,0.1958,crop50,0.9416666626930237,0.30000001192092896,1.0
average,0.1958,crop50_blur,0.9322222471237183,0.18333333730697632,1.0
average,0.1958,crop50_jpeg,0.6413888931274414,0.0,0.949999988079071
average,0.1958,macro_average,0.8384259343147278,,
average,0.19590000000000002,crop50,0.9416666626930237,0.30000001192092896,1.0
average,0.19590000000000002,crop50_blur,0.9322222471237183,0.18333333730697632,1.0
average,0.19590000000000002,crop50_jpeg,0.6413888931274414,0.0,0.949999988079071
average,0.19590000000000002,macro_average,0.8384259343147278,,
average,0.196,crop50,0.9416666626930237,0.30000001192092896,1.0
average,0.196,crop50_blur,0.9322222471237183,0.18333333730697632,1.0
average,0.196,crop50_jpeg,0.6413888931274414,0.0,0.949999988079071
average,0.196,macro_average,0.8384259343147278,,
average,0.1961,crop50,0.9416666626930237,0.30000001192092896,1.0
average,0.1961,crop50_blur,0.9322222471237183,0.18333333730697632,1.0
average,0.1961,crop50_jpeg,0.6413888931274414,0.0,0.949999988079071
average,0.1961,macro_average,0.8384259343147278,,
average,0.19619999999999999,crop50,0.9416666626930237,0.30000001192092896,1.0
average,0.19619999999999999,crop50_blur,0.9322222471237183,0.18333333730697632,1.0
average,0.19619999999999999,crop50_jpeg,0.6413888931274414,0.0,0.949999988079071
average,0.19619999999999999,macro_average,0.8384259343147278,,
average,0.1963,crop50,0.9416666626930237,0.30000001192092896,1.0
average,0.1963,crop50_blur,0.9322222471237183,0.18333333730697632,1.0
average,0.1963,crop50_jpeg,0.6413888931274414,0.0,0.949999988079071
average,0.1963,macro_average,0.8384259343147278,,
average,0.19640000000000002,crop50,0.9416666626930237,0.30000001192092896,1.0
average,0.19640000000000002,crop50_blur,0.9322222471237183,0.18333333730697632,1.0
average,0.19640000000000002,crop50_jpeg,0.6413888931274414,0.0,0.949999988079071
average,0.19640000000000002,macro_average,0.8384259343147278,,
average,0.1965,crop50,0.9416666626930237,0.30000001192092896,1.0
average,0.1965,crop50_blur,0.9322222471237183,0.18333333730697632,1.0
average,0.1965,crop50_jpeg,0.6413888931274414,0.0,0.949999988079071
average,0.1965,macro_average,0.8384259343147278,,
average,0.1966,crop50,0.9416666626930237,0.30000001192092896,1.0
average,0.1966,crop50_blur,0.9322222471237183,0.18333333730697632,1.0
average,0.1966,crop50_jpeg,0.6413888931274414,0.0,0.9583333134651184
average,0.1966,macro_average,0.8384259343147278,,
average,0.19669999999999999,crop50,0.9416666626930237,0.30000001192092896,1.0
average,0.19669999999999999,crop50_blur,0.9322222471237183,0.18333333730697632,1.0
average,0.19669999999999999,crop50_jpeg,0.6413888931274414,0.0,0.9583333134651184
average,0.19669999999999999,macro_average,0.8384259343147278,,
average,0.1968,crop50,0.9416666626930237,0.30000001192092896,1.0
average,0.1968,crop50_blur,0.9322222471237183,0.18333333730697632,1.0
average,0.1968,crop50_jpeg,0.6413888931274414,0.0,0.9583333134651184
average,0.1968,macro_average,0.8384259343147278,,
average,0.19690000000000002,crop50,0.9416666626930237,0.30000001192092896,1.0
average,0.19690000000000002,crop50_blur,0.9322222471237183,0.18333333730697632,1.0
average,0.19690000000000002,crop50_jpeg,0.6413888931274414,0.0,0.9583333134651184
average,0.19690000000000002,macro_average,0.8384259343147278,,
average,0.197,crop50,0.9416666626930237,0.30000001192092896,1.0
average,0.197,crop50_blur,0.9322222471237183,0.18333333730697632,1.0
average,0.197,crop50_jpeg,0.6413888931274414,0.0,0.9583333134651184
average,0.197,macro_average,0.8384259343147278,,
average,0.1971,crop50,0.9416666626930237,0.30000001192092896,1.0
average,0.1971,crop50_blur,0.9322222471237183,0.18333333730697632,1.0
average,0.1971,crop50_jpeg,0.6413888931274414,0.0,0.9583333134651184
average,0.1971,macro_average,0.8384259343147278,,
average,0.1972,crop50,0.9416666626930237,0.30000001192092896,1.0
average,0.1972,crop50_blur,0.9322222471237183,0.18333333730697632,1.0
average,0.1972,crop50_jpeg,0.6413888931274414,0.0,0.9583333134651184
average,0.1972,macro_average,0.8384259343147278,,
average,0.1973,crop50,0.9416666626930237,0.30000001192092896,1.0
average,0.1973,crop50_blur,0.9322222471237183,0.18333333730697632,1.0
average,0.1973,crop50_jpeg,0.6413888931274414,0.0,0.9583333134651184
average,0.1973,macro_average,0.8384259343147278,,
average,0.19740000000000002,crop50,0.9416666626930237,0.30000001192092896,1.0
average,0.19740000000000002,crop50_blur,0.9322222471237183,0.18333333730697632,1.0
average,0.19740000000000002,crop50_jpeg,0.6413888931274414,0.0,0.9583333134651184
average,0.19740000000000002,macro_average,0.8384259343147278,,
average,0.1975,crop50,0.9416666626930237,0.30000001192092896,1.0
average,0.1975,crop50_blur,0.9322222471237183,0.18333333730697632,1.0
average,0.1975,crop50_jpeg,0.6413888931274414,0.0,0.9583333134651184
average,0.1975,macro_average,0.8384259343147278,,
average,0.1976,crop50,0.9416666626930237,0.30000001192092896,1.0
average,0.1976,crop50_blur,0.9322222471237183,0.18333333730697632,1.0
average,0.1976,crop50_jpeg,0.6413888931274414,0.0,0.9583333134651184
average,0.1976,macro_average,0.8384259343147278,,
average,0.1977,crop50,0.9416666626930237,0.30000001192092896,1.0
average,0.1977,crop50_blur,0.9322222471237183,0.18333333730697632,1.0
average,0.1977,crop50_jpeg,0.6413888931274414,0.0,0.9583333134651184
average,0.1977,macro_average,0.8384259343147278,,
average,0.1978,crop50,0.9416666626930237,0.30000001192092896,1.0
average,0.1978,crop50_blur,0.9322222471237183,0.18333333730697632,1.0
average,0.1978,crop50_jpeg,0.6413888931274414,0.0,0.9583333134651184
average,0.1978,macro_average,0.8384259343147278,,
average,0.1979,crop50,0.9416666626930237,0.30000001192092896,1.0
average,0.1979,crop50_blur,0.9322222471237183,0.18333333730697632,1.0
average,0.1979,crop50_jpeg,0.6413888931274414,0.0,0.9583333134651184
average,0.1979,macro_average,0.8384259343147278,,
average,0.198,crop50,0.9416666626930237,0.30000001192092896,1.0
average,0.198,crop50_blur,0.9322222471237183,0.18333333730697632,1.0
average,0.198,crop50_jpeg,0.6413888931274414,0.0,0.9583333134651184
average,0.198,macro_average,0.8384259343147278,,
average,0.1981,crop50,0.9416666626930237,0.30000001192092896,1.0
average,0.1981,crop50_blur,0.9322222471237183,0.18333333730697632,1.0
average,0.1981,crop50_jpeg,0.6413888931274414,0.0,0.9583333134651184
average,0.1981,macro_average,0.8384259343147278,,
average,0.1982,crop50,0.9416666626930237,0.30000001192092896,1.0
average,0.1982,crop50_blur,0.9322222471237183,0.18333333730697632,1.0
average,0.1982,crop50_jpeg,0.6413888931274414,0.0,0.9583333134651184
average,0.1982,macro_average,0.8384259343147278,,
average,0.1983,crop50,0.9416666626930237,0.30000001192092896,1.0
average,0.1983,crop50_blur,0.9322222471237183,0.18333333730697632,1.0
average,0.1983,crop50_jpeg,0.6413888931274414,0.0,0.9583333134651184
average,0.1983,macro_average,0.8384259343147278,,
average,0.1984,crop50,0.9416666626930237,0.30000001192092896,1.0
average,0.1984,crop50_blur,0.9322222471237183,0.18333333730697632,1.0
average,0.1984,crop50_jpeg,0.6413888931274414,0.0,0.9583333134651184
average,0.1984,macro_average,0.8384259343147278,,
average,0.1985,crop50,0.9416666626930237,0.30000001192092896,1.0
average,0.1985,crop50_blur,0.9322222471237183,0.18333333730697632,1.0
average,0.1985,crop50_jpeg,0.6413888931274414,0.0,0.9583333134651184
average,0.1985,macro_average,0.8384259343147278,,
average,0.1986,crop50,0.9416666626930237,0.30000001192092896,1.0
average,0.1986,crop50_blur,0.9322222471237183,0.18333333730697632,1.0
average,0.1986,crop50_jpeg,0.6413888931274414,0.0,0.9583333134651184
average,0.1986,macro_average,0.8384259343147278,,
average,0.1987,crop50,0.9416666626930237,0.30000001192092896,1.0
average,0.1987,crop50_blur,0.9322222471237183,0.18333333730697632,1.0
average,0.1987,crop50_jpeg,0.6413888931274414,0.0,0.9583333134651184
average,0.1987,macro_average,0.8384259343147278,,
average,0.1988,crop50,0.9416666626930237,0.30000001192092896,1.0
average,0.1988,crop50_blur,0.9322222471237183,0.18333333730697632,1.0
average,0.1988,crop50_jpeg,0.6413888931274414,0.0,0.9583333134651184
average,0.1988,macro_average,0.8384259343147278,,
average,0.1989,crop50,0.9416666626930237,0.30000001192092896,1.0
average,0.1989,crop50_blur,0.9322222471237183,0.18333333730697632,1.0
average,0.1989,crop50_jpeg,0.6416666507720947,0.0,0.9666666388511658
average,0.1989,macro_average,0.8385185201962789,,
average,0.199,crop50,0.9416666626930237,0.30000001192092896,1.0
average,0.199,crop50_blur,0.9322222471237183,0.18333333730697632,1.0
average,0.199,crop50_jpeg,0.6416666507720947,0.0,0.9666666388511658
average,0.199,macro_average,0.8385185201962789,,
average,0.1991,crop50,0.9416666626930237,0.30000001192092896,1.0
average,0.1991,crop50_blur,0.9322222471237183,0.18333333730697632,1.0
average,0.1991,crop50_jpeg,0.6416666507720947,0.0,0.9666666388511658
average,0.1991,macro_average,0.8385185201962789,,
average,0.1992,crop50,0.9416666626930237,0.30000001192092896,1.0
average,0.1992,crop50_blur,0.9322222471237183,0.18333333730697632,1.0
average,0.1992,crop50_jpeg,0.6416666507720947,0.0,0.9666666388511658
average,0.1992,macro_average,0.8385185201962789,,
average,0.1993,crop50,0.9416666626930237,0.30000001192092896,1.0
average,0.1993,crop50_blur,0.9322222471237183,0.18333333730697632,1.0
average,0.1993,crop50_jpeg,0.6416666507720947,0.0,0.9666666388511658
average,0.1993,macro_average,0.8385185201962789,,
average,0.1994,crop50,0.9416666626930237,0.30000001192092896,1.0
average,0.1994,crop50_blur,0.9322222471237183,0.18333333730697632,1.0
average,0.1994,crop50_jpeg,0.6416666507720947,0.0,0.9666666388511658
average,0.1994,macro_average,0.8385185201962789,,
average,0.1995,crop50,0.9416666626930237,0.30000001192092896,1.0
average,0.1995,crop50_blur,0.9322222471237183,0.18333333730697632,1.0
average,0.1995,crop50_jpeg,0.6416666507720947,0.0,0.9666666388511658
average,0.1995,macro_average,0.8385185201962789,,
average,0.1996,crop50,0.9416666626930237,0.30000001192092896,1.0
average,0.1996,crop50_blur,0.9322222471237183,0.18333333730697632,1.0
average,0.1996,crop50_jpeg,0.6416666507720947,0.0,0.9666666388511658
average,0.1996,macro_average,0.8385185201962789,,
average,0.1997,crop50,0.9416666626930237,0.30000001192092896,1.0
average,0.1997,crop50_blur,0.9322222471237183,0.18333333730697632,1.0
average,0.1997,crop50_jpeg,0.6416666507720947,0.0,0.9666666388511658
average,0.1997,macro_average,0.8385185201962789,,
average,0.1998,crop50,0.9416666626930237,0.30000001192092896,1.0
average,0.1998,crop50_blur,0.9322222471237183,0.18333333730697632,1.0
average,0.1998,crop50_jpeg,0.6416666507720947,0.0,0.9666666388511658
average,0.1998,macro_average,0.8385185201962789,,
average,0.1999,crop50,0.9416666626930237,0.30000001192092896,1.0
average,0.1999,crop50_blur,0.9322222471237183,0.18333333730697632,1.0
average,0.1999,crop50_jpeg,0.6416666507720947,0.0,0.9666666388511658
average,0.1999,macro_average,0.8385185201962789,,
average,0.2,crop50,0.9416666626930237,0.30000001192092896,1.0
average,0.2,crop50_blur,0.9322222471237183,0.18333333730697632,1.0
average,0.2,crop50_jpeg,0.6416666507720947,0.0,0.9666666388511658
average,0.2,macro_average,0.8385185201962789,,
average,0.2001,crop50,0.9416666626930237,0.30000001192092896,1.0
average,0.2001,crop50_blur,0.9322222471237183,0.18333333730697632,1.0
average,0.2001,crop50_jpeg,0.6416666507720947,0.0,0.9666666388511658
average,0.2001,macro_average,0.8385185201962789,,
average,0.2002,crop50,0.9416666626930237,0.30000001192092896,1.0
average,0.2002,crop50_blur,0.9322222471237183,0.18333333730697632,1.0
average,0.2002,crop50_jpeg,0.6416666507720947,0.0,0.9666666388511658
average,0.2002,macro_average,0.8385185201962789,,
average,0.2003,crop50,0.9416666626930237,0.30000001192092896,1.0
average,0.2003,crop50_blur,0.9322222471237183,0.18333333730697632,1.0
average,0.2003,crop50_jpeg,0.6416666507720947,0.0,0.9666666388511658
average,0.2003,macro_average,0.8385185201962789,,
average,0.2004,crop50,0.9416666626930237,0.30000001192092896,1.0
average,0.2004,crop50_blur,0.9322222471237183,0.18333333730697632,1.0
average,0.2004,crop50_jpeg,0.6416666507720947,0.0,0.9666666388511658
average,0.2004,macro_average,0.8385185201962789,,
average,0.2005,crop50,0.9416666626930237,0.30000001192092896,1.0
average,0.2005,crop50_blur,0.9322222471237183,0.18333333730697632,1.0
average,0.2005,crop50_jpeg,0.6416666507720947,0.0,0.9666666388511658
average,0.2005,macro_average,0.8385185201962789,,
average,0.2006,crop50,0.9416666626930237,0.30000001192092896,1.0
average,0.2006,crop50_blur,0.9322222471237183,0.18333333730697632,1.0
average,0.2006,crop50_jpeg,0.6416666507720947,0.0,0.9666666388511658
average,0.2006,macro_average,0.8385185201962789,,
average,0.2007,crop50,0.9416666626930237,0.30000001192092896,1.0
average,0.2007,crop50_blur,0.9322222471237183,0.18333333730697632,1.0
average,0.2007,crop50_jpeg,0.6416666507720947,0.0,0.9666666388511658
average,0.2007,macro_average,0.8385185201962789,,
average,0.2008,crop50,0.9416666626930237,0.30000001192092896,1.0
average,0.2008,crop50_blur,0.9322222471237183,0.18333333730697632,1.0
average,0.2008,crop50_jpeg,0.6416666507720947,0.0,0.9666666388511658
average,0.2008,macro_average,0.8385185201962789,,
average,0.2009,crop50,0.9416666626930237,0.30000001192092896,1.0
average,0.2009,crop50_blur,0.9322222471237183,0.18333333730697632,1.0
average,0.2009,crop50_jpeg,0.6416666507720947,0.0,0.9666666388511658
average,0.2009,macro_average,0.8385185201962789,,
average,0.201,crop50,0.9416666626930237,0.30000001192092896,1.0
average,0.201,crop50_blur,0.9322222471237183,0.18333333730697632,1.0
average,0.201,crop50_jpeg,0.6416666507720947,0.0,0.9666666388511658
average,0.201,macro_average,0.8385185201962789,,
average,0.2011,crop50,0.9416666626930237,0.30000001192092896,1.0
average,0.2011,crop50_blur,0.9322222471237183,0.18333333730697632,1.0
average,0.2011,crop50_jpeg,0.6416666507720947,0.0,0.9666666388511658
average,0.2011,macro_average,0.8385185201962789,,
average,0.2012,crop50,0.9416666626930237,0.30000001192092896,1.0
average,0.2012,crop50_blur,0.9322222471237183,0.18333333730697632,1.0
average,0.2012,crop50_jpeg,0.6416666507720947,0.0,0.9666666388511658
average,0.2012,macro_average,0.8385185201962789,,
average,0.20129999999999998,crop50,0.9416666626930237,0.30000001192092896,1.0
average,0.20129999999999998,crop50_blur,0.9322222471237183,0.18333333730697632,1.0
average,0.20129999999999998,crop50_jpeg,0.6416666507720947,0.0,0.9666666388511658
average,0.20129999999999998,macro_average,0.8385185201962789,,
average,0.2014,crop50,0.9416666626930237,0.30000001192092896,1.0
average,0.2014,crop50_blur,0.9322222471237183,0.18333333730697632,1.0
average,0.2014,crop50_jpeg,0.6416666507720947,0.0,0.9666666388511658
average,0.2014,macro_average,0.8385185201962789,,
average,0.2015,crop50,0.9416666626930237,0.30000001192092896,1.0
average,0.2015,crop50_blur,0.9322222471237183,0.18333333730697632,1.0
average,0.2015,crop50_jpeg,0.6416666507720947,0.0,0.9666666388511658
average,0.2015,macro_average,0.8385185201962789,,
average,0.2016,crop50,0.9416666626930237,0.30000001192092896,1.0
average,0.2016,crop50_blur,0.9322222471237183,0.18333333730697632,1.0
average,0.2016,crop50_jpeg,0.6416666507720947,0.0,0.9666666388511658
average,0.2016,macro_average,0.8385185201962789,,
average,0.2017,crop50,0.9416666626930237,0.30000001192092896,1.0
average,0.2017,crop50_blur,0.9322222471237183,0.18333333730697632,1.0
average,0.2017,crop50_jpeg,0.6416666507720947,0.0,0.9666666388511658
average,0.2017,macro_average,0.8385185201962789,,
average,0.20179999999999998,crop50,0.9416666626930237,0.30000001192092896,1.0
average,0.20179999999999998,crop50_blur,0.9322222471237183,0.18333333730697632,1.0
average,0.20179999999999998,crop50_jpeg,0.6416666507720947,0.0,0.9666666388511658
average,0.20179999999999998,macro_average,0.8385185201962789,,
average,0.2019,crop50,0.9416666626930237,0.30000001192092896,1.0
average,0.2019,crop50_blur,0.9322222471237183,0.18333333730697632,1.0
average,0.2019,crop50_jpeg,0.6416666507720947,0.0,0.9666666388511658
average,0.2019,macro_average,0.8385185201962789,,
average,0.202,crop50,0.9416666626930237,0.30000001192092896,1.0
average,0.202,crop50_blur,0.9322222471237183,0.18333333730697632,1.0
average,0.202,crop50_jpeg,0.6416666507720947,0.0,0.9666666388511658
average,0.202,macro_average,0.8385185201962789,,
average,0.2021,crop50,0.9416666626930237,0.30000001192092896,1.0
average,0.2021,crop50_blur,0.9322222471237183,0.18333333730697632,1.0
average,0.2021,crop50_jpeg,0.6416666507720947,0.0,0.9666666388511658
average,0.2021,macro_average,0.8385185201962789,,
average,0.2022,crop50,0.9416666626930237,0.30000001192092896,1.0
average,0.2022,crop50_blur,0.9322222471237183,0.18333333730697632,1.0
average,0.2022,crop50_jpeg,0.6416666507720947,0.0,0.9666666388511658
average,0.2022,macro_average,0.8385185201962789,,
average,0.20229999999999998,crop50,0.9416666626930237,0.30000001192092896,1.0
average,0.20229999999999998,crop50_blur,0.9322222471237183,0.18333333730697632,1.0
average,0.20229999999999998,crop50_jpeg,0.6416666507720947,0.0,0.9666666388511658
average,0.20229999999999998,macro_average,0.8385185201962789,,
average,0.2024,crop50,0.9416666626930237,0.30000001192092896,1.0
average,0.2024,crop50_blur,0.9322222471237183,0.18333333730697632,1.0
average,0.2024,crop50_jpeg,0.6416666507720947,0.0,0.9666666388511658
average,0.2024,macro_average,0.8385185201962789,,
average,0.2025,crop50,0.9416666626930237,0.30000001192092896,1.0
average,0.2025,crop50_blur,0.9322222471237183,0.18333333730697632,1.0
average,0.2025,crop50_jpeg,0.6416666507720947,0.0,0.9666666388511658
average,0.2025,macro_average,0.8385185201962789,,
average,0.2026,crop50,0.9416666626930237,0.30000001192092896,1.0
average,0.2026,crop50_blur,0.9322222471237183,0.18333333730697632,1.0
average,0.2026,crop50_jpeg,0.6416666507720947,0.0,0.9666666388511658
average,0.2026,macro_average,0.8385185201962789,,
average,0.2027,crop50,0.9416666626930237,0.30000001192092896,1.0
average,0.2027,crop50_blur,0.9322222471237183,0.18333333730697632,1.0
average,0.2027,crop50_jpeg,0.6416666507720947,0.0,0.9666666388511658
average,0.2027,macro_average,0.8385185201962789,,
average,0.20279999999999998,crop50,0.9416666626930237,0.30000001192092896,1.0
average,0.20279999999999998,crop50_blur,0.9322222471237183,0.18333333730697632,1.0
average,0.20279999999999998,crop50_jpeg,0.6416666507720947,0.0,0.9666666388511658
average,0.20279999999999998,macro_average,0.8385185201962789,,
average,0.2029,crop50,0.9416666626930237,0.30000001192092896,1.0
average,0.2029,crop50_blur,0.9322222471237183,0.18333333730697632,1.0
average,0.2029,crop50_jpeg,0.6416666507720947,0.0,0.9666666388511658
average,0.2029,macro_average,0.8385185201962789,,
average,0.203,crop50,0.9416666626930237,0.30000001192092896,1.0
average,0.203,crop50_blur,0.9322222471237183,0.18333333730697632,1.0
average,0.203,crop50_jpeg,0.6416666507720947,0.0,0.9666666388511658
average,0.203,macro_average,0.8385185201962789,,
average,0.2031,crop50,0.9416666626930237,0.30000001192092896,1.0
average,0.2031,crop50_blur,0.9322222471237183,0.18333333730697632,1.0
average,0.2031,crop50_jpeg,0.6416666507720947,0.0,0.9666666388511658
average,0.2031,macro_average,0.8385185201962789,,
average,0.2032,crop50,0.9416666626930237,0.30000001192092896,1.0
average,0.2032,crop50_blur,0.9322222471237183,0.18333333730697632,1.0
average,0.2032,crop50_jpeg,0.6416666507720947,0.0,0.9666666388511658
average,0.2032,macro_average,0.8385185201962789,,
average,0.20329999999999998,crop50,0.9416666626930237,0.30000001192092896,1.0
average,0.20329999999999998,crop50_blur,0.9322222471237183,0.18333333730697632,1.0
average,0.20329999999999998,crop50_jpeg,0.6416666507720947,0.0,0.9666666388511658
average,0.20329999999999998,macro_average,0.8385185201962789,,
average,0.2034,crop50,0.9416666626930237,0.30000001192092896,1.0
average,0.2034,crop50_blur,0.9322222471237183,0.18333333730697632,1.0
average,0.2034,crop50_jpeg,0.6416666507720947,0.0,0.9666666388511658
average,0.2034,macro_average,0.8385185201962789,,
average,0.20350000000000001,crop50,0.9416666626930237,0.30000001192092896,1.0
average,0.20350000000000001,crop50_blur,0.9322222471237183,0.18333333730697632,1.0
average,0.20350000000000001,crop50_jpeg,0.6416666507720947,0.0,0.9666666388511658
average,0.20350000000000001,macro_average,0.8385185201962789,,
average,0.2036,crop50,0.9416666626930237,0.30000001192092896,1.0
average,0.2036,crop50_blur,0.9322222471237183,0.18333333730697632,1.0
average,0.2036,crop50_jpeg,0.6416666507720947,0.0,0.9666666388511658
average,0.2036,macro_average,0.8385185201962789,,
average,0.2037,crop50,0.9416666626930237,0.30000001192092896,1.0
average,0.2037,crop50_blur,0.9322222471237183,0.18333333730697632,1.0
average,0.2037,crop50_jpeg,0.6416666507720947,0.0,0.9666666388511658
average,0.2037,macro_average,0.8385185201962789,,
average,0.20379999999999998,crop50,0.9416666626930237,0.30000001192092896,1.0
average,0.20379999999999998,crop50_blur,0.9322222471237183,0.18333333730697632,1.0
average,0.20379999999999998,crop50_jpeg,0.6416666507720947,0.0,0.9666666388511658
average,0.20379999999999998,macro_average,0.8385185201962789,,
average,0.2039,crop50,0.9416666626930237,0.30000001192092896,1.0
average,0.2039,crop50_blur,0.9322222471237183,0.18333333730697632,1.0
average,0.2039,crop50_jpeg,0.6416666507720947,0.0,0.9666666388511658
average,0.2039,macro_average,0.8385185201962789,,
average,0.20400000000000001,crop50,0.9416666626930237,0.30000001192092896,1.0
average,0.20400000000000001,crop50_blur,0.9322222471237183,0.18333333730697632,1.0
average,0.20400000000000001,crop50_jpeg,0.6416666507720947,0.0,0.9666666388511658
average,0.20400000000000001,macro_average,0.8385185201962789,,
average,0.2041,crop50,0.9416666626930237,0.30000001192092896,1.0
average,0.2041,crop50_blur,0.9322222471237183,0.18333333730697632,1.0
average,0.2041,crop50_jpeg,0.6416666507720947,0.0,0.9666666388511658
average,0.2041,macro_average,0.8385185201962789,,
average,0.2042,crop50,0.9416666626930237,0.30000001192092896,1.0
average,0.2042,crop50_blur,0.9322222471237183,0.18333333730697632,1.0
average,0.2042,crop50_jpeg,0.6416666507720947,0.0,0.9666666388511658
average,0.2042,macro_average,0.8385185201962789,,
average,0.20429999999999998,crop50,0.9416666626930237,0.30000001192092896,1.0
average,0.20429999999999998,crop50_blur,0.9322222471237183,0.18333333730697632,1.0
average,0.20429999999999998,crop50_jpeg,0.6416666507720947,0.0,0.9666666388511658
average,0.20429999999999998,macro_average,0.8385185201962789,,
average,0.2044,crop50,0.9416666626930237,0.30000001192092896,1.0
average,0.2044,crop50_blur,0.9322222471237183,0.18333333730697632,1.0
average,0.2044,crop50_jpeg,0.6416666507720947,0.0,0.9666666388511658
average,0.2044,macro_average,0.8385185201962789,,
average,0.20450000000000002,crop50,0.9416666626930237,0.30000001192092896,1.0
average,0.20450000000000002,crop50_blur,0.9322222471237183,0.18333333730697632,1.0
average,0.20450000000000002,crop50_jpeg,0.6416666507720947,0.0,0.9666666388511658
average,0.20450000000000002,macro_average,0.8385185201962789,,
average,0.2046,crop50,0.9416666626930237,0.30000001192092896,1.0
average,0.2046,crop50_blur,0.9322222471237183,0.18333333730697632,1.0
average,0.2046,crop50_jpeg,0.6416666507720947,0.0,0.9666666388511658
average,0.2046,macro_average,0.8385185201962789,,
average,0.2047,crop50,0.9416666626930237,0.30000001192092896,1.0
average,0.2047,crop50_blur,0.9322222471237183,0.18333333730697632,1.0
average,0.2047,crop50_jpeg,0.6416666507720947,0.0,0.9666666388511658
average,0.2047,macro_average,0.8385185201962789,,
average,0.20479999999999998,crop50,0.9416666626930237,0.30000001192092896,1.0
average,0.20479999999999998,crop50_blur,0.9322222471237183,0.18333333730697632,1.0
average,0.20479999999999998,crop50_jpeg,0.6416666507720947,0.0,0.9666666388511658
average,0.20479999999999998,macro_average,0.8385185201962789,,
average,0.2049,crop50,0.9416666626930237,0.30000001192092896,1.0
average,0.2049,crop50_blur,0.9322222471237183,0.18333333730697632,1.0
average,0.2049,crop50_jpeg,0.6416666507720947,0.0,0.9666666388511658
average,0.2049,macro_average,0.8385185201962789,,
average,0.20500000000000002,crop50,0.9416666626930237,0.30000001192092896,1.0
average,0.20500000000000002,crop50_blur,0.9322222471237183,0.18333333730697632,1.0
average,0.20500000000000002,crop50_jpeg,0.6416666507720947,0.0,0.9666666388511658
average,0.20500000000000002,macro_average,0.8385185201962789,,
average,0.2051,crop50,0.9416666626930237,0.30000001192092896,1.0
average,0.2051,crop50_blur,0.9322222471237183,0.18333333730697632,1.0
average,0.2051,crop50_jpeg,0.6416666507720947,0.0,0.9666666388511658
average,0.2051,macro_average,0.8385185201962789,,
average,0.2052,crop50,0.9416666626930237,0.30000001192092896,1.0
average,0.2052,crop50_blur,0.9322222471237183,0.18333333730697632,1.0
average,0.2052,crop50_jpeg,0.6416666507720947,0.0,0.9666666388511658
average,0.2052,macro_average,0.8385185201962789,,
average,0.20529999999999998,crop50,0.9416666626930237,0.30000001192092896,1.0
average,0.20529999999999998,crop50_blur,0.9322222471237183,0.18333333730697632,1.0
average,0.20529999999999998,crop50_jpeg,0.6416666507720947,0.0,0.9666666388511658
average,0.20529999999999998,macro_average,0.8385185201962789,,
average,0.2054,crop50,0.9416666626930237,0.30000001192092896,1.0
average,0.2054,crop50_blur,0.9322222471237183,0.18333333730697632,1.0
average,0.2054,crop50_jpeg,0.6416666507720947,0.0,0.9666666388511658
average,0.2054,macro_average,0.8385185201962789,,
average,0.20550000000000002,crop50,0.9416666626930237,0.30000001192092896,1.0
average,0.20550000000000002,crop50_blur,0.9322222471237183,0.18333333730697632,1.0
average,0.20550000000000002,crop50_jpeg,0.6416666507720947,0.0,0.9666666388511658
average,0.20550000000000002,macro_average,0.8385185201962789,,
average,0.2056,crop50,0.9416666626930237,0.30000001192092896,1.0
average,0.2056,crop50_blur,0.9322222471237183,0.18333333730697632,1.0
average,0.2056,crop50_jpeg,0.6416666507720947,0.0,0.9666666388511658
average,0.2056,macro_average,0.8385185201962789,,
average,0.2057,crop50,0.9416666626930237,0.30000001192092896,1.0
average,0.2057,crop50_blur,0.9322222471237183,0.18333333730697632,1.0
average,0.2057,crop50_jpeg,0.6416666507720947,0.0,0.9666666388511658
average,0.2057,macro_average,0.8385185201962789,,
average,0.20579999999999998,crop50,0.9416666626930237,0.30000001192092896,1.0
average,0.20579999999999998,crop50_blur,0.9322222471237183,0.18333333730697632,1.0
average,0.20579999999999998,crop50_jpeg,0.6416666507720947,0.0,0.9666666388511658
average,0.20579999999999998,macro_average,0.8385185201962789,,
average,0.2059,crop50,0.9416666626930237,0.30000001192092896,1.0
average,0.2059,crop50_blur,0.9322222471237183,0.18333333730697632,1.0
average,0.2059,crop50_jpeg,0.6416666507720947,0.0,0.9666666388511658
average,0.2059,macro_average,0.8385185201962789,,
average,0.20600000000000002,crop50,0.9416666626930237,0.30000001192092896,1.0
average,0.20600000000000002,crop50_blur,0.9322222471237183,0.18333333730697632,1.0
average,0.20600000000000002,crop50_jpeg,0.6416666507720947,0.0,0.9666666388511658
average,0.20600000000000002,macro_average,0.8385185201962789,,
average,0.2061,crop50,0.9416666626930237,0.30000001192092896,1.0
average,0.2061,crop50_blur,0.9322222471237183,0.18333333730697632,1.0
average,0.2061,crop50_jpeg,0.6416666507720947,0.0,0.9666666388511658
average,0.2061,macro_average,0.8385185201962789,,
average,0.2062,crop50,0.9416666626930237,0.30000001192092896,1.0
average,0.2062,crop50_blur,0.9322222471237183,0.18333333730697632,1.0
average,0.2062,crop50_jpeg,0.6416666507720947,0.0,0.9666666388511658
average,0.2062,macro_average,0.8385185201962789,,
average,0.20629999999999998,crop50,0.9416666626930237,0.30000001192092896,1.0
average,0.20629999999999998,crop50_blur,0.9322222471237183,0.18333333730697632,1.0
average,0.20629999999999998,crop50_jpeg,0.6416666507720947,0.0,0.9666666388511658
average,0.20629999999999998,macro_average,0.8385185201962789,,
average,0.2064,crop50,0.9416666626930237,0.30000001192092896,1.0
average,0.2064,crop50_blur,0.9322222471237183,0.18333333730697632,1.0
average,0.2064,crop50_jpeg,0.6416666507720947,0.0,0.9666666388511658
average,0.2064,macro_average,0.8385185201962789,,
average,0.20650000000000002,crop50,0.9416666626930237,0.30000001192092896,1.0
average,0.20650000000000002,crop50_blur,0.9322222471237183,0.18333333730697632,1.0
average,0.20650000000000002,crop50_jpeg,0.6416666507720947,0.0,0.9666666388511658
average,0.20650000000000002,macro_average,0.8385185201962789,,
average,0.2066,crop50,0.9416666626930237,0.30000001192092896,1.0
average,0.2066,crop50_blur,0.9322222471237183,0.18333333730697632,1.0
average,0.2066,crop50_jpeg,0.6411111354827881,0.0,0.9750000238418579
average,0.2066,macro_average,0.8383333484331766,,
average,0.2067,crop50,0.9416666626930237,0.30000001192092896,1.0
average,0.2067,crop50_blur,0.9322222471237183,0.18333333730697632,1.0
average,0.2067,crop50_jpeg,0.6411111354827881,0.0,0.9750000238418579
average,0.2067,macro_average,0.8383333484331766,,
average,0.20679999999999998,crop50,0.9416666626930237,0.30000001192092896,1.0
average,0.20679999999999998,crop50_blur,0.9322222471237183,0.18333333730697632,1.0
average,0.20679999999999998,crop50_jpeg,0.6411111354827881,0.0,0.9750000238418579
average,0.20679999999999998,macro_average,0.8383333484331766,,
average,0.2069,crop50,0.9416666626930237,0.30000001192092896,1.0
average,0.2069,crop50_blur,0.9322222471237183,0.18333333730697632,1.0
average,0.2069,crop50_jpeg,0.6411111354827881,0.0,0.9750000238418579
average,0.2069,macro_average,0.8383333484331766,,
average,0.20700000000000002,crop50,0.9416666626930237,0.30000001192092896,1.0
average,0.20700000000000002,crop50_blur,0.9322222471237183,0.18333333730697632,1.0
average,0.20700000000000002,crop50_jpeg,0.6411111354827881,0.0,0.9750000238418579
average,0.20700000000000002,macro_average,0.8383333484331766,,
average,0.2071,crop50,0.9416666626930237,0.30000001192092896,1.0
average,0.2071,crop50_blur,0.9322222471237183,0.18333333730697632,1.0
average,0.2071,crop50_jpeg,0.6411111354827881,0.0,0.9750000238418579
average,0.2071,macro_average,0.8383333484331766,,
average,0.2072,crop50,0.9416666626930237,0.30000001192092896,1.0
average,0.2072,crop50_blur,0.9322222471237183,0.18333333730697632,1.0
average,0.2072,crop50_jpeg,0.6411111354827881,0.0,0.9750000238418579
average,0.2072,macro_average,0.8383333484331766,,
average,0.20729999999999998,crop50,0.9416666626930237,0.30000001192092896,1.0
average,0.20729999999999998,crop50_blur,0.9322222471237183,0.18333333730697632,1.0
average,0.20729999999999998,crop50_jpeg,0.6411111354827881,0.0,0.9750000238418579
average,0.20729999999999998,macro_average,0.8383333484331766,,
average,0.2074,crop50,0.9416666626930237,0.30000001192092896,1.0
average,0.2074,crop50_blur,0.9322222471237183,0.18333333730697632,1.0
average,0.2074,crop50_jpeg,0.6411111354827881,0.0,0.9750000238418579
average,0.2074,macro_average,0.8383333484331766,,
average,0.20750000000000002,crop50,0.9416666626930237,0.30000001192092896,1.0
average,0.20750000000000002,crop50_blur,0.9322222471237183,0.18333333730697632,1.0
average,0.20750000000000002,crop50_jpeg,0.6411111354827881,0.0,0.9750000238418579
average,0.20750000000000002,macro_average,0.8383333484331766,,
average,0.2076,crop50,0.9416666626930237,0.30000001192092896,1.0
average,0.2076,crop50_blur,0.9322222471237183,0.18333333730697632,1.0
average,0.2076,crop50_jpeg,0.6413888931274414,0.0,0.9833333492279053
average,0.2076,macro_average,0.8384259343147278,,
average,0.2077,crop50,0.9416666626930237,0.30000001192092896,1.0
average,0.2077,crop50_blur,0.9322222471237183,0.18333333730697632,1.0
average,0.2077,crop50_jpeg,0.6413888931274414,0.0,0.9833333492279053
average,0.2077,macro_average,0.8384259343147278,,
average,0.20779999999999998,crop50,0.9416666626930237,0.30000001192092896,1.0
average,0.20779999999999998,crop50_blur,0.9322222471237183,0.18333333730697632,1.0
average,0.20779999999999998,crop50_jpeg,0.6413888931274414,0.0,0.9833333492279053
average,0.20779999999999998,macro_average,0.8384259343147278,,
average,0.2079,crop50,0.9416666626930237,0.30000001192092896,1.0
average,0.2079,crop50_blur,0.9322222471237183,0.18333333730697632,1.0
average,0.2079,crop50_jpeg,0.6413888931274414,0.0,0.9833333492279053
average,0.2079,macro_average,0.8384259343147278,,
average,0.20800000000000002,crop50,0.9416666626930237,0.30000001192092896,1.0
average,0.20800000000000002,crop50_blur,0.9322222471237183,0.18333333730697632,1.0
average,0.20800000000000002,crop50_jpeg,0.6413888931274414,0.0,0.9833333492279053
average,0.20800000000000002,macro_average,0.8384259343147278,,
average,0.2081,crop50,0.9416666626930237,0.30000001192092896,1.0
average,0.2081,crop50_blur,0.9322222471237183,0.18333333730697632,1.0
average,0.2081,crop50_jpeg,0.6413888931274414,0.0,0.9833333492279053
average,0.2081,macro_average,0.8384259343147278,,
average,0.2082,crop50,0.9416666626930237,0.30000001192092896,1.0
average,0.2082,crop50_blur,0.9322222471237183,0.18333333730697632,1.0
average,0.2082,crop50_jpeg,0.6416666507720947,0.0,0.9916666746139526
average,0.2082,macro_average,0.8385185201962789,,
average,0.20829999999999999,crop50,0.9416666626930237,0.30000001192092896,1.0
average,0.20829999999999999,crop50_blur,0.9322222471237183,0.18333333730697632,1.0
average,0.20829999999999999,crop50_jpeg,0.6416666507720947,0.0,0.9916666746139526
average,0.20829999999999999,macro_average,0.8385185201962789,,
average,0.2084,crop50,0.9416666626930237,0.30000001192092896,1.0
average,0.2084,crop50_blur,0.9322222471237183,0.18333333730697632,1.0
average,0.2084,crop50_jpeg,0.6416666507720947,0.0,0.9916666746139526
average,0.2084,macro_average,0.8385185201962789,,
average,0.20850000000000002,crop50,0.9416666626930237,0.30000001192092896,1.0
average,0.20850000000000002,crop50_blur,0.9322222471237183,0.18333333730697632,1.0
average,0.20850000000000002,crop50_jpeg,0.6416666507720947,0.0,0.9916666746139526
average,0.20850000000000002,macro_average,0.8385185201962789,,
average,0.2086,crop50,0.9416666626930237,0.30000001192092896,1.0
average,0.2086,crop50_blur,0.9322222471237183,0.18333333730697632,1.0
average,0.2086,crop50_jpeg,0.6416666507720947,0.0,0.9916666746139526
average,0.2086,macro_average,0.8385185201962789,,
average,0.2087,crop50,0.9416666626930237,0.30000001192092896,1.0
average,0.2087,crop50_blur,0.9322222471237183,0.18333333730697632,1.0
average,0.2087,crop50_jpeg,0.6416666507720947,0.0,0.9916666746139526
average,0.2087,macro_average,0.8385185201962789,,
average,0.20879999999999999,crop50,0.9416666626930237,0.30000001192092896,1.0
average,0.20879999999999999,crop50_blur,0.9322222471237183,0.18333333730697632,1.0
average,0.20879999999999999,crop50_jpeg,0.6416666507720947,0.0,0.9916666746139526
average,0.20879999999999999,macro_average,0.8385185201962789,,
average,0.2089,crop50,0.9416666626930237,0.30000001192092896,1.0
average,0.2089,crop50_blur,0.9322222471237183,0.18333333730697632,1.0
average,0.2089,crop50_jpeg,0.6416666507720947,0.0,0.9916666746139526
average,0.2089,macro_average,0.8385185201962789,,
average,0.20900000000000002,crop50,0.9416666626930237,0.30000001192092896,1.0
average,0.20900000000000002,crop50_blur,0.9322222471237183,0.18333333730697632,1.0
average,0.20900000000000002,crop50_jpeg,0.6416666507720947,0.0,0.9916666746139526
average,0.20900000000000002,macro_average,0.8385185201962789,,
average,0.2091,crop50,0.9416666626930237,0.30000001192092896,1.0
average,0.2091,crop50_blur,0.9322222471237183,0.18333333730697632,1.0
average,0.2091,crop50_jpeg,0.6416666507720947,0.0,0.9916666746139526
average,0.2091,macro_average,0.8385185201962789,,
average,0.2092,crop50,0.9416666626930237,0.30000001192092896,1.0
average,0.2092,crop50_blur,0.9322222471237183,0.18333333730697632,1.0
average,0.2092,crop50_jpeg,0.6416666507720947,0.0,0.9916666746139526
average,0.2092,macro_average,0.8385185201962789,,
average,0.20929999999999999,crop50,0.9416666626930237,0.30000001192092896,1.0
average,0.20929999999999999,crop50_blur,0.9322222471237183,0.18333333730697632,1.0
average,0.20929999999999999,crop50_jpeg,0.6416666507720947,0.0,0.9916666746139526
average,0.20929999999999999,macro_average,0.8385185201962789,,
average,0.2094,crop50,0.9416666626930237,0.30000001192092896,1.0
average,0.2094,crop50_blur,0.9322222471237183,0.18333333730697632,1.0
average,0.2094,crop50_jpeg,0.6416666507720947,0.0,0.9916666746139526
average,0.2094,macro_average,0.8385185201962789,,
average,0.20950000000000002,crop50,0.9416666626930237,0.30000001192092896,1.0
average,0.20950000000000002,crop50_blur,0.9322222471237183,0.18333333730697632,1.0
average,0.20950000000000002,crop50_jpeg,0.6416666507720947,0.0,0.9916666746139526
average,0.20950000000000002,macro_average,0.8385185201962789,,
average,0.2096,crop50,0.9416666626930237,0.30000001192092896,1.0
average,0.2096,crop50_blur,0.9322222471237183,0.18333333730697632,1.0
average,0.2096,crop50_jpeg,0.6416666507720947,0.0,0.9916666746139526
average,0.2096,macro_average,0.8385185201962789,,
average,0.2097,crop50,0.9416666626930237,0.30000001192092896,1.0
average,0.2097,crop50_blur,0.9322222471237183,0.18333333730697632,1.0
average,0.2097,crop50_jpeg,0.6416666507720947,0.0,0.9916666746139526
average,0.2097,macro_average,0.8385185201962789,,
average,0.2098,crop50,0.9416666626930237,0.30000001192092896,1.0
average,0.2098,crop50_blur,0.9322222471237183,0.18333333730697632,1.0
average,0.2098,crop50_jpeg,0.6416666507720947,0.0,0.9916666746139526
average,0.2098,macro_average,0.8385185201962789,,
average,0.2099,crop50,0.9416666626930237,0.30000001192092896,1.0
average,0.2099,crop50_blur,0.9322222471237183,0.18333333730697632,1.0
average,0.2099,crop50_jpeg,0.6416666507720947,0.0,0.9916666746139526
average,0.2099,macro_average,0.8385185201962789,,
average,0.21000000000000002,crop50,0.9416666626930237,0.30000001192092896,1.0
average,0.21000000000000002,crop50_blur,0.9322222471237183,0.18333333730697632,1.0
average,0.21000000000000002,crop50_jpeg,0.6416666507720947,0.0,0.9916666746139526
average,0.21000000000000002,macro_average,0.8385185201962789,,
average,0.2101,crop50,0.9416666626930237,0.30000001192092896,1.0
average,0.2101,crop50_blur,0.9322222471237183,0.18333333730697632,1.0
average,0.2101,crop50_jpeg,0.6416666507720947,0.0,0.9916666746139526
average,0.2101,macro_average,0.8385185201962789,,
average,0.2102,crop50,0.9416666626930237,0.30000001192092896,1.0
average,0.2102,crop50_blur,0.9322222471237183,0.18333333730697632,1.0
average,0.2102,crop50_jpeg,0.6416666507720947,0.0,0.9916666746139526
average,0.2102,macro_average,0.8385185201962789,,
average,0.2103,crop50,0.9416666626930237,0.30000001192092896,1.0
average,0.2103,crop50_blur,0.9322222471237183,0.18333333730697632,1.0
average,0.2103,crop50_jpeg,0.6416666507720947,0.0,0.9916666746139526
average,0.2103,macro_average,0.8385185201962789,,
average,0.2104,crop50,0.9416666626930237,0.30000001192092896,1.0
average,0.2104,crop50_blur,0.9322222471237183,0.18333333730697632,1.0
average,0.2104,crop50_jpeg,0.6416666507720947,0.0,0.9916666746139526
average,0.2104,macro_average,0.8385185201962789,,
average,0.21050000000000002,crop50,0.9416666626930237,0.30000001192092896,1.0
average,0.21050000000000002,crop50_blur,0.9322222471237183,0.18333333730697632,1.0
average,0.21050000000000002,crop50_jpeg,0.6416666507720947,0.0,0.9916666746139526
average,0.21050000000000002,macro_average,0.8385185201962789,,
average,0.2106,crop50,0.9416666626930237,0.30000001192092896,1.0
average,0.2106,crop50_blur,0.9322222471237183,0.18333333730697632,1.0
average,0.2106,crop50_jpeg,0.6416666507720947,0.0,0.9916666746139526
average,0.2106,macro_average,0.8385185201962789,,
average,0.2107,crop50,0.9416666626930237,0.30000001192092896,1.0
average,0.2107,crop50_blur,0.9322222471237183,0.18333333730697632,1.0
average,0.2107,crop50_jpeg,0.6416666507720947,0.0,0.9916666746139526
average,0.2107,macro_average,0.8385185201962789,,
average,0.2108,crop50,0.9416666626930237,0.30000001192092896,1.0
average,0.2108,crop50_blur,0.9322222471237183,0.18333333730697632,1.0
average,0.2108,crop50_jpeg,0.6416666507720947,0.0,0.9916666746139526
average,0.2108,macro_average,0.8385185201962789,,
average,0.2109,crop50,0.9416666626930237,0.30000001192092896,1.0
average,0.2109,crop50_blur,0.9322222471237183,0.18333333730697632,1.0
average,0.2109,crop50_jpeg,0.6416666507720947,0.0,0.9916666746139526
average,0.2109,macro_average,0.8385185201962789,,
average,0.211,crop50,0.9416666626930237,0.30000001192092896,1.0
average,0.211,crop50_blur,0.9322222471237183,0.18333333730697632,1.0
average,0.211,crop50_jpeg,0.6416666507720947,0.0,0.9916666746139526
average,0.211,macro_average,0.8385185201962789,,
average,0.2111,crop50,0.9416666626930237,0.30000001192092896,1.0
average,0.2111,crop50_blur,0.9322222471237183,0.18333333730697632,1.0
average,0.2111,crop50_jpeg,0.6416666507720947,0.0,0.9916666746139526
average,0.2111,macro_average,0.8385185201962789,,
average,0.2112,crop50,0.9416666626930237,0.30000001192092896,1.0
average,0.2112,crop50_blur,0.9322222471237183,0.18333333730697632,1.0
average,0.2112,crop50_jpeg,0.6416666507720947,0.0,0.9916666746139526
average,0.2112,macro_average,0.8385185201962789,,
average,0.2113,crop50,0.9416666626930237,0.30000001192092896,1.0
average,0.2113,crop50_blur,0.9322222471237183,0.18333333730697632,1.0
average,0.2113,crop50_jpeg,0.6416666507720947,0.0,0.9916666746139526
average,0.2113,macro_average,0.8385185201962789,,
average,0.2114,crop50,0.9416666626930237,0.30000001192092896,1.0
average,0.2114,crop50_blur,0.9322222471237183,0.18333333730697632,1.0
average,0.2114,crop50_jpeg,0.6416666507720947,0.0,0.9916666746139526
average,0.2114,macro_average,0.8385185201962789,,
average,0.2115,crop50,0.9416666626930237,0.30000001192092896,1.0
average,0.2115,crop50_blur,0.9322222471237183,0.18333333730697632,1.0
average,0.2115,crop50_jpeg,0.6416666507720947,0.0,0.9916666746139526
average,0.2115,macro_average,0.8385185201962789,,
average,0.2116,crop50,0.9416666626930237,0.30000001192092896,1.0
average,0.2116,crop50_blur,0.9322222471237183,0.18333333730697632,1.0
average,0.2116,crop50_jpeg,0.6416666507720947,0.0,0.9916666746139526
average,0.2116,macro_average,0.8385185201962789,,
average,0.2117,crop50,0.9416666626930237,0.30000001192092896,1.0
average,0.2117,crop50_blur,0.9322222471237183,0.18333333730697632,1.0
average,0.2117,crop50_jpeg,0.6416666507720947,0.0,0.9916666746139526
average,0.2117,macro_average,0.8385185201962789,,
average,0.2118,crop50,0.9416666626930237,0.30000001192092896,1.0
average,0.2118,crop50_blur,0.9322222471237183,0.18333333730697632,1.0
average,0.2118,crop50_jpeg,0.6416666507720947,0.0,0.9916666746139526
average,0.2118,macro_average,0.8385185201962789,,
average,0.2119,crop50,0.9416666626930237,0.30000001192092896,1.0
average,0.2119,crop50_blur,0.9322222471237183,0.18333333730697632,1.0
average,0.2119,crop50_jpeg,0.6416666507720947,0.0,0.9916666746139526
average,0.2119,macro_average,0.8385185201962789,,
average,0.212,crop50,0.9416666626930237,0.30000001192092896,1.0
average,0.212,crop50_blur,0.9322222471237183,0.18333333730697632,1.0
average,0.212,crop50_jpeg,0.6416666507720947,0.0,0.9916666746139526
average,0.212,macro_average,0.8385185201962789,,
average,0.2121,crop50,0.9416666626930237,0.30000001192092896,1.0
average,0.2121,crop50_blur,0.9322222471237183,0.18333333730697632,1.0
average,0.2121,crop50_jpeg,0.6416666507720947,0.0,0.9916666746139526
average,0.2121,macro_average,0.8385185201962789,,
average,0.2122,crop50,0.9416666626930237,0.30000001192092896,1.0
average,0.2122,crop50_blur,0.9322222471237183,0.18333333730697632,1.0
average,0.2122,crop50_jpeg,0.6416666507720947,0.0,0.9916666746139526
average,0.2122,macro_average,0.8385185201962789,,
average,0.2123,crop50,0.9416666626930237,0.30000001192092896,1.0
average,0.2123,crop50_blur,0.9322222471237183,0.18333333730697632,1.0
average,0.2123,crop50_jpeg,0.6416666507720947,0.0,0.9916666746139526
average,0.2123,macro_average,0.8385185201962789,,
average,0.2124,crop50,0.9416666626930237,0.30000001192092896,1.0
average,0.2124,crop50_blur,0.9322222471237183,0.18333333730697632,1.0
average,0.2124,crop50_jpeg,0.6416666507720947,0.0,0.9916666746139526
average,0.2124,macro_average,0.8385185201962789,,
average,0.2125,crop50,0.9416666626930237,0.30000001192092896,1.0
average,0.2125,crop50_blur,0.9322222471237183,0.18333333730697632,1.0
average,0.2125,crop50_jpeg,0.6416666507720947,0.0,0.9916666746139526
average,0.2125,macro_average,0.8385185201962789,,
average,0.2126,crop50,0.9416666626930237,0.30000001192092896,1.0
average,0.2126,crop50_blur,0.9322222471237183,0.18333333730697632,1.0
average,0.2126,crop50_jpeg,0.6416666507720947,0.0,0.9916666746139526
average,0.2126,macro_average,0.8385185201962789,,
average,0.2127,crop50,0.9416666626930237,0.30000001192092896,1.0
average,0.2127,crop50_blur,0.9322222471237183,0.18333333730697632,1.0
average,0.2127,crop50_jpeg,0.6416666507720947,0.0,0.9916666746139526
average,0.2127,macro_average,0.8385185201962789,,
average,0.2128,crop50,0.9416666626930237,0.30000001192092896,1.0
average,0.2128,crop50_blur,0.9322222471237183,0.18333333730697632,1.0
average,0.2128,crop50_jpeg,0.6416666507720947,0.0,0.9916666746139526
average,0.2128,macro_average,0.8385185201962789,,
average,0.2129,crop50,0.9416666626930237,0.30000001192092896,1.0
average,0.2129,crop50_blur,0.9322222471237183,0.18333333730697632,1.0
average,0.2129,crop50_jpeg,0.6416666507720947,0.0,0.9916666746139526
average,0.2129,macro_average,0.8385185201962789,,
average,0.213,crop50,0.9416666626930237,0.30000001192092896,1.0
average,0.213,crop50_blur,0.9322222471237183,0.18333333730697632,1.0
average,0.213,crop50_jpeg,0.6436111330986023,0.0,1.0
average,0.213,macro_average,0.8391666809717814,,
average,0.2131,crop50,0.9416666626930237,0.30000001192092896,1.0
average,0.2131,crop50_blur,0.9322222471237183,0.18333333730697632,1.0
average,0.2131,crop50_jpeg,0.6436111330986023,0.0,1.0
average,0.2131,macro_average,0.8391666809717814,,
average,0.2132,crop50,0.9416666626930237,0.30000001192092896,1.0
average,0.2132,crop50_blur,0.9322222471237183,0.18333333730697632,1.0
average,0.2132,crop50_jpeg,0.6436111330986023,0.0,1.0
average,0.2132,macro_average,0.8391666809717814,,
average,0.2133,crop50,0.9416666626930237,0.30000001192092896,1.0
average,0.2133,crop50_blur,0.9322222471237183,0.18333333730697632,1.0
average,0.2133,crop50_jpeg,0.6436111330986023,0.0,1.0
average,0.2133,macro_average,0.8391666809717814,,
average,0.2134,crop50,0.9416666626930237,0.30000001192092896,1.0
average,0.2134,crop50_blur,0.9322222471237183,0.18333333730697632,1.0
average,0.2134,crop50_jpeg,0.6436111330986023,0.0,1.0
average,0.2134,macro_average,0.8391666809717814,,
average,0.2135,crop50,0.9416666626930237,0.30000001192092896,1.0
average,0.2135,crop50_blur,0.9322222471237183,0.18333333730697632,1.0
average,0.2135,crop50_jpeg,0.6436111330986023,0.0,1.0
average,0.2135,macro_average,0.8391666809717814,,
average,0.2136,crop50,0.9416666626930237,0.30000001192092896,1.0
average,0.2136,crop50_blur,0.9322222471237183,0.18333333730697632,1.0
average,0.2136,crop50_jpeg,0.6436111330986023,0.0,1.0
average,0.2136,macro_average,0.8391666809717814,,
average,0.2137,crop50,0.9416666626930237,0.30000001192092896,1.0
average,0.2137,crop50_blur,0.9322222471237183,0.18333333730697632,1.0
average,0.2137,crop50_jpeg,0.6436111330986023,0.0,1.0
average,0.2137,macro_average,0.8391666809717814,,
average,0.2138,crop50,0.9416666626930237,0.30000001192092896,1.0
average,0.2138,crop50_blur,0.9322222471237183,0.18333333730697632,1.0
average,0.2138,crop50_jpeg,0.6436111330986023,0.0,1.0
average,0.2138,macro_average,0.8391666809717814,,
average,0.2139,crop50,0.9416666626930237,0.30000001192092896,1.0
average,0.2139,crop50_blur,0.9322222471237183,0.18333333730697632,1.0
average,0.2139,crop50_jpeg,0.6436111330986023,0.0,1.0
average,0.2139,macro_average,0.8391666809717814,,
average,0.214,crop50,0.9416666626930237,0.30000001192092896,1.0
average,0.214,crop50_blur,0.9322222471237183,0.18333333730697632,1.0
average,0.214,crop50_jpeg,0.6436111330986023,0.0,1.0
average,0.214,macro_average,0.8391666809717814,,
average,0.2141,crop50,0.9416666626930237,0.30000001192092896,1.0
average,0.2141,crop50_blur,0.9322222471237183,0.18333333730697632,1.0
average,0.2141,crop50_jpeg,0.6436111330986023,0.0,1.0
average,0.2141,macro_average,0.8391666809717814,,
average,0.2142,crop50,0.9416666626930237,0.30000001192092896,1.0
average,0.2142,crop50_blur,0.9322222471237183,0.18333333730697632,1.0
average,0.2142,crop50_jpeg,0.6436111330986023,0.0,1.0
average,0.2142,macro_average,0.8391666809717814,,
average,0.2143,crop50,0.9416666626930237,0.30000001192092896,1.0
average,0.2143,crop50_blur,0.9322222471237183,0.18333333730697632,1.0
average,0.2143,crop50_jpeg,0.6436111330986023,0.0,1.0
average,0.2143,macro_average,0.8391666809717814,,
average,0.21439999999999998,crop50,0.9416666626930237,0.30000001192092896,1.0
average,0.21439999999999998,crop50_blur,0.9322222471237183,0.18333333730697632,1.0
average,0.21439999999999998,crop50_jpeg,0.6436111330986023,0.0,1.0
average,0.21439999999999998,macro_average,0.8391666809717814,,
average,0.2145,crop50,0.9416666626930237,0.30000001192092896,1.0
average,0.2145,crop50_blur,0.9322222471237183,0.18333333730697632,1.0
average,0.2145,crop50_jpeg,0.6436111330986023,0.0,1.0
average,0.2145,macro_average,0.8391666809717814,,
average,0.2146,crop50,0.9416666626930237,0.30000001192092896,1.0
average,0.2146,crop50_blur,0.9322222471237183,0.18333333730697632,1.0
average,0.2146,crop50_jpeg,0.6436111330986023,0.0,1.0
average,0.2146,macro_average,0.8391666809717814,,
average,0.2147,crop50,0.9416666626930237,0.30000001192092896,1.0
average,0.2147,crop50_blur,0.9322222471237183,0.18333333730697632,1.0
average,0.2147,crop50_jpeg,0.6436111330986023,0.0,1.0
average,0.2147,macro_average,0.8391666809717814,,
average,0.2148,crop50,0.9416666626930237,0.30000001192092896,1.0
average,0.2148,crop50_blur,0.9322222471237183,0.18333333730697632,1.0
average,0.2148,crop50_jpeg,0.6436111330986023,0.0,1.0
average,0.2148,macro_average,0.8391666809717814,,
average,0.21489999999999998,crop50,0.9416666626930237,0.30000001192092896,1.0
average,0.21489999999999998,crop50_blur,0.9322222471237183,0.18333333730697632,1.0
average,0.21489999999999998,crop50_jpeg,0.6436111330986023,0.0,1.0
average,0.21489999999999998,macro_average,0.8391666809717814,,
average,0.215,crop50,0.9416666626930237,0.30000001192092896,1.0
average,0.215,crop50_blur,0.9322222471237183,0.18333333730697632,1.0
average,0.215,crop50_jpeg,0.6436111330986023,0.0,1.0
average,0.215,macro_average,0.8391666809717814,,
average,0.2151,crop50,0.9416666626930237,0.30000001192092896,1.0
average,0.2151,crop50_blur,0.9322222471237183,0.18333333730697632,1.0
average,0.2151,crop50_jpeg,0.6436111330986023,0.0,1.0
average,0.2151,macro_average,0.8391666809717814,,
average,0.2152,crop50,0.9416666626930237,0.30000001192092896,1.0
average,0.2152,crop50_blur,0.9322222471237183,0.18333333730697632,1.0
average,0.2152,crop50_jpeg,0.6436111330986023,0.0,1.0
average,0.2152,macro_average,0.8391666809717814,,
average,0.2153,crop50,0.9416666626930237,0.30000001192092896,1.0
average,0.2153,crop50_blur,0.9322222471237183,0.18333333730697632,1.0
average,0.2153,crop50_jpeg,0.6436111330986023,0.0,1.0
average,0.2153,macro_average,0.8391666809717814,,
average,0.21539999999999998,crop50,0.9416666626930237,0.30000001192092896,1.0
average,0.21539999999999998,crop50_blur,0.9322222471237183,0.18333333730697632,1.0
average,0.21539999999999998,crop50_jpeg,0.6436111330986023,0.0,1.0
average,0.21539999999999998,macro_average,0.8391666809717814,,
average,0.2155,crop50,0.9416666626930237,0.30000001192092896,1.0
average,0.2155,crop50_blur,0.9322222471237183,0.18333333730697632,1.0
average,0.2155,crop50_jpeg,0.6436111330986023,0.0,1.0
average,0.2155,macro_average,0.8391666809717814,,
average,0.2156,crop50,0.9416666626930237,0.30000001192092896,1.0
average,0.2156,crop50_blur,0.9322222471237183,0.18333333730697632,1.0
average,0.2156,crop50_jpeg,0.6436111330986023,0.0,1.0
average,0.2156,macro_average,0.8391666809717814,,
average,0.2157,crop50,0.9416666626930237,0.30000001192092896,1.0
average,0.2157,crop50_blur,0.9322222471237183,0.18333333730697632,1.0
average,0.2157,crop50_jpeg,0.6436111330986023,0.0,1.0
average,0.2157,macro_average,0.8391666809717814,,
average,0.2158,crop50,0.9416666626930237,0.30000001192092896,1.0
average,0.2158,crop50_blur,0.9322222471237183,0.18333333730697632,1.0
average,0.2158,crop50_jpeg,0.6436111330986023,0.0,1.0
average,0.2158,macro_average,0.8391666809717814,,
average,0.21589999999999998,crop50,0.9416666626930237,0.30000001192092896,1.0
average,0.21589999999999998,crop50_blur,0.9322222471237183,0.18333333730697632,1.0
average,0.21589999999999998,crop50_jpeg,0.6436111330986023,0.0,1.0
average,0.21589999999999998,macro_average,0.8391666809717814,,
average,0.216,crop50,0.9416666626930237,0.30000001192092896,1.0
average,0.216,crop50_blur,0.9322222471237183,0.18333333730697632,1.0
average,0.216,crop50_jpeg,0.6436111330986023,0.0,1.0
average,0.216,macro_average,0.8391666809717814,,
average,0.21610000000000001,crop50,0.9416666626930237,0.30000001192092896,1.0
average,0.21610000000000001,crop50_blur,0.9322222471237183,0.18333333730697632,1.0
average,0.21610000000000001,crop50_jpeg,0.6436111330986023,0.0,1.0
average,0.21610000000000001,macro_average,0.8391666809717814,,
average,0.2162,crop50,0.9416666626930237,0.30000001192092896,1.0
average,0.2162,crop50_blur,0.9322222471237183,0.18333333730697632,1.0
average,0.2162,crop50_jpeg,0.6436111330986023,0.0,1.0
average,0.2162,macro_average,0.8391666809717814,,
average,0.2163,crop50,0.9416666626930237,0.30000001192092896,1.0
average,0.2163,crop50_blur,0.9322222471237183,0.18333333730697632,1.0
average,0.2163,crop50_jpeg,0.6436111330986023,0.0,1.0
average,0.2163,macro_average,0.8391666809717814,,
average,0.21639999999999998,crop50,0.9416666626930237,0.30000001192092896,1.0
average,0.21639999999999998,crop50_blur,0.9322222471237183,0.18333333730697632,1.0
average,0.21639999999999998,crop50_jpeg,0.6436111330986023,0.0,1.0
average,0.21639999999999998,macro_average,0.8391666809717814,,
average,0.2165,crop50,0.9416666626930237,0.30000001192092896,1.0
average,0.2165,crop50_blur,0.9322222471237183,0.18333333730697632,1.0
average,0.2165,crop50_jpeg,0.6436111330986023,0.0,1.0
average,0.2165,macro_average,0.8391666809717814,,
average,0.21660000000000001,crop50,0.9416666626930237,0.30000001192092896,1.0
average,0.21660000000000001,crop50_blur,0.9322222471237183,0.18333333730697632,1.0
average,0.21660000000000001,crop50_jpeg,0.6436111330986023,0.0,1.0
average,0.21660000000000001,macro_average,0.8391666809717814,,
average,0.2167,crop50,0.9416666626930237,0.30000001192092896,1.0
average,0.2167,crop50_blur,0.9322222471237183,0.18333333730697632,1.0
average,0.2167,crop50_jpeg,0.6436111330986023,0.0,1.0
average,0.2167,macro_average,0.8391666809717814,,
average,0.2168,crop50,0.9416666626930237,0.30000001192092896,1.0
average,0.2168,crop50_blur,0.9322222471237183,0.18333333730697632,1.0
average,0.2168,crop50_jpeg,0.6436111330986023,0.0,1.0
average,0.2168,macro_average,0.8391666809717814,,
average,0.21689999999999998,crop50,0.9416666626930237,0.30000001192092896,1.0
average,0.21689999999999998,crop50_blur,0.9322222471237183,0.18333333730697632,1.0
average,0.21689999999999998,crop50_jpeg,0.6436111330986023,0.0,1.0
average,0.21689999999999998,macro_average,0.8391666809717814,,
average,0.217,crop50,0.9416666626930237,0.30000001192092896,1.0
average,0.217,crop50_blur,0.9322222471237183,0.18333333730697632,1.0
average,0.217,crop50_jpeg,0.6436111330986023,0.0,1.0
average,0.217,macro_average,0.8391666809717814,,
average,0.21710000000000002,crop50,0.9416666626930237,0.30000001192092896,1.0
average,0.21710000000000002,crop50_blur,0.9322222471237183,0.18333333730697632,1.0
average,0.21710000000000002,crop50_jpeg,0.6436111330986023,0.0,1.0
average,0.21710000000000002,macro_average,0.8391666809717814,,
average,0.2172,crop50,0.9416666626930237,0.30000001192092896,1.0
average,0.2172,crop50_blur,0.9322222471237183,0.18333333730697632,1.0
average,0.2172,crop50_jpeg,0.6436111330986023,0.0,1.0
average,0.2172,macro_average,0.8391666809717814,,
average,0.2173,crop50,0.9416666626930237,0.30000001192092896,1.0
average,0.2173,crop50_blur,0.9322222471237183,0.18333333730697632,1.0
average,0.2173,crop50_jpeg,0.6436111330986023,0.0,1.0
average,0.2173,macro_average,0.8391666809717814,,
average,0.21739999999999998,crop50,0.9416666626930237,0.30000001192092896,1.0
average,0.21739999999999998,crop50_blur,0.9322222471237183,0.18333333730697632,1.0
average,0.21739999999999998,crop50_jpeg,0.6436111330986023,0.0,1.0
average,0.21739999999999998,macro_average,0.8391666809717814,,
average,0.2175,crop50,0.9416666626930237,0.30000001192092896,1.0
average,0.2175,crop50_blur,0.9322222471237183,0.18333333730697632,1.0
average,0.2175,crop50_jpeg,0.6436111330986023,0.0,1.0
average,0.2175,macro_average,0.8391666809717814,,
average,0.21760000000000002,crop50,0.9416666626930237,0.30000001192092896,1.0
average,0.21760000000000002,crop50_blur,0.9322222471237183,0.18333333730697632,1.0
average,0.21760000000000002,crop50_jpeg,0.6436111330986023,0.0,1.0
average,0.21760000000000002,macro_average,0.8391666809717814,,
average,0.2177,crop50,0.9416666626930237,0.30000001192092896,1.0
average,0.2177,crop50_blur,0.9322222471237183,0.18333333730697632,1.0
average,0.2177,crop50_jpeg,0.6436111330986023,0.0,1.0
average,0.2177,macro_average,0.8391666809717814,,
average,0.2178,crop50,0.9416666626930237,0.30000001192092896,1.0
average,0.2178,crop50_blur,0.9322222471237183,0.18333333730697632,1.0
average,0.2178,crop50_jpeg,0.6436111330986023,0.0,1.0
average,0.2178,macro_average,0.8391666809717814,,
average,0.21789999999999998,crop50,0.9416666626930237,0.30000001192092896,1.0
average,0.21789999999999998,crop50_blur,0.9322222471237183,0.18333333730697632,1.0
average,0.21789999999999998,crop50_jpeg,0.6436111330986023,0.0,1.0
average,0.21789999999999998,macro_average,0.8391666809717814,,
average,0.218,crop50,0.9416666626930237,0.30000001192092896,1.0
average,0.218,crop50_blur,0.9322222471237183,0.18333333730697632,1.0
average,0.218,crop50_jpeg,0.6436111330986023,0.0,1.0
average,0.218,macro_average,0.8391666809717814,,
average,0.21810000000000002,crop50,0.9416666626930237,0.30000001192092896,1.0
average,0.21810000000000002,crop50_blur,0.9322222471237183,0.18333333730697632,1.0
average,0.21810000000000002,crop50_jpeg,0.6436111330986023,0.0,1.0
average,0.21810000000000002,macro_average,0.8391666809717814,,
average,0.2182,crop50,0.9416666626930237,0.30000001192092896,1.0
average,0.2182,crop50_blur,0.9322222471237183,0.18333333730697632,1.0
average,0.2182,crop50_jpeg,0.6436111330986023,0.0,1.0
average,0.2182,macro_average,0.8391666809717814,,
average,0.2183,crop50,0.9416666626930237,0.30000001192092896,1.0
average,0.2183,crop50_blur,0.9322222471237183,0.18333333730697632,1.0
average,0.2183,crop50_jpeg,0.6436111330986023,0.0,1.0
average,0.2183,macro_average,0.8391666809717814,,
average,0.21839999999999998,crop50,0.9416666626930237,0.30000001192092896,1.0
average,0.21839999999999998,crop50_blur,0.9322222471237183,0.18333333730697632,1.0
average,0.21839999999999998,crop50_jpeg,0.6436111330986023,0.0,1.0
average,0.21839999999999998,macro_average,0.8391666809717814,,
average,0.2185,crop50,0.9416666626930237,0.30000001192092896,1.0
average,0.2185,crop50_blur,0.9322222471237183,0.18333333730697632,1.0
average,0.2185,crop50_jpeg,0.6436111330986023,0.0,1.0
average,0.2185,macro_average,0.8391666809717814,,
average,0.21860000000000002,crop50,0.9416666626930237,0.30000001192092896,1.0
average,0.21860000000000002,crop50_blur,0.9322222471237183,0.18333333730697632,1.0
average,0.21860000000000002,crop50_jpeg,0.6436111330986023,0.0,1.0
average,0.21860000000000002,macro_average,0.8391666809717814,,
average,0.2187,crop50,0.9416666626930237,0.30000001192092896,1.0
average,0.2187,crop50_blur,0.9322222471237183,0.18333333730697632,1.0
average,0.2187,crop50_jpeg,0.6436111330986023,0.0,1.0
average,0.2187,macro_average,0.8391666809717814,,
average,0.2188,crop50,0.9416666626930237,0.30000001192092896,1.0
average,0.2188,crop50_blur,0.9322222471237183,0.18333333730697632,1.0
average,0.2188,crop50_jpeg,0.6436111330986023,0.0,1.0
average,0.2188,macro_average,0.8391666809717814,,
average,0.21889999999999998,crop50,0.9416666626930237,0.30000001192092896,1.0
average,0.21889999999999998,crop50_blur,0.9322222471237183,0.18333333730697632,1.0
average,0.21889999999999998,crop50_jpeg,0.6436111330986023,0.0,1.0
average,0.21889999999999998,macro_average,0.8391666809717814,,
average,0.219,crop50,0.9416666626930237,0.30000001192092896,1.0
average,0.219,crop50_blur,0.9322222471237183,0.18333333730697632,1.0
average,0.219,crop50_jpeg,0.6436111330986023,0.0,1.0
average,0.219,macro_average,0.8391666809717814,,
average,0.21910000000000002,crop50,0.9416666626930237,0.30000001192092896,1.0
average,0.21910000000000002,crop50_blur,0.9322222471237183,0.18333333730697632,1.0
average,0.21910000000000002,crop50_jpeg,0.6436111330986023,0.0,1.0
average,0.21910000000000002,macro_average,0.8391666809717814,,
average,0.2192,crop50,0.9416666626930237,0.30000001192092896,1.0
average,0.2192,crop50_blur,0.9322222471237183,0.18333333730697632,1.0
average,0.2192,crop50_jpeg,0.6436111330986023,0.0,1.0
average,0.2192,macro_average,0.8391666809717814,,
average,0.2193,crop50,0.9416666626930237,0.30000001192092896,1.0
average,0.2193,crop50_blur,0.9322222471237183,0.18333333730697632,1.0
average,0.2193,crop50_jpeg,0.6436111330986023,0.0,1.0
average,0.2193,macro_average,0.8391666809717814,,
average,0.21939999999999998,crop50,0.9416666626930237,0.30000001192092896,1.0
average,0.21939999999999998,crop50_blur,0.9322222471237183,0.18333333730697632,1.0
average,0.21939999999999998,crop50_jpeg,0.6436111330986023,0.0,1.0
average,0.21939999999999998,macro_average,0.8391666809717814,,
average,0.2195,crop50,0.9416666626930237,0.30000001192092896,1.0
average,0.2195,crop50_blur,0.9322222471237183,0.18333333730697632,1.0
average,0.2195,crop50_jpeg,0.6436111330986023,0.0,1.0
average,0.2195,macro_average,0.8391666809717814,,
average,0.21960000000000002,crop50,0.9416666626930237,0.30000001192092896,1.0
average,0.21960000000000002,crop50_blur,0.9322222471237183,0.18333333730697632,1.0
average,0.21960000000000002,crop50_jpeg,0.6436111330986023,0.0,1.0
average,0.21960000000000002,macro_average,0.8391666809717814,,
average,0.2197,crop50,0.9416666626930237,0.30000001192092896,1.0
average,0.2197,crop50_blur,0.9322222471237183,0.18333333730697632,1.0
average,0.2197,crop50_jpeg,0.6436111330986023,0.0,1.0
average,0.2197,macro_average,0.8391666809717814,,
average,0.2198,crop50,0.9416666626930237,0.30000001192092896,1.0
average,0.2198,crop50_blur,0.9322222471237183,0.18333333730697632,1.0
average,0.2198,crop50_jpeg,0.6436111330986023,0.0,1.0
average,0.2198,macro_average,0.8391666809717814,,
average,0.21989999999999998,crop50,0.9416666626930237,0.30000001192092896,1.0
average,0.21989999999999998,crop50_blur,0.9322222471237183,0.18333333730697632,1.0
average,0.21989999999999998,crop50_jpeg,0.6436111330986023,0.0,1.0
average,0.21989999999999998,macro_average,0.8391666809717814,,
average,0.22,crop50,0.9416666626930237,0.30000001192092896,1.0
average,0.22,crop50_blur,0.9322222471237183,0.18333333730697632,1.0
average,0.22,crop50_jpeg,0.6436111330986023,0.0,1.0
average,0.22,macro_average,0.8391666809717814,,
first,0.12,crop50,0.8694444298744202,0.21666666865348816,0.0
first,0.12,crop50_blur,0.8575000166893005,0.10000000149011612,0.0
first,0.12,crop50_jpeg,0.6575000286102295,0.0,0.0
first,0.12,macro_average,0.7948148250579834,,
first,0.1201,crop50,0.8694444298744202,0.21666666865348816,0.0
first,0.1201,crop50_blur,0.8575000166893005,0.10000000149011612,0.0
first,0.1201,crop50_jpeg,0.6575000286102295,0.0,0.0
first,0.1201,macro_average,0.7948148250579834,,
first,0.1202,crop50,0.8694444298744202,0.21666666865348816,0.0
first,0.1202,crop50_blur,0.8575000166893005,0.10000000149011612,0.0
first,0.1202,crop50_jpeg,0.6575000286102295,0.0,0.0
first,0.1202,macro_average,0.7948148250579834,,
first,0.12029999999999999,crop50,0.8694444298744202,0.21666666865348816,0.0
first,0.12029999999999999,crop50_blur,0.8575000166893005,0.10000000149011612,0.0
first,0.12029999999999999,crop50_jpeg,0.6575000286102295,0.0,0.0
first,0.12029999999999999,macro_average,0.7948148250579834,,
first,0.1204,crop50,0.8694444298744202,0.21666666865348816,0.0
first,0.1204,crop50_blur,0.8575000166893005,0.10000000149011612,0.0
first,0.1204,crop50_jpeg,0.6575000286102295,0.0,0.0
first,0.1204,macro_average,0.7948148250579834,,
first,0.1205,crop50,0.8694444298744202,0.21666666865348816,0.0
first,0.1205,crop50_blur,0.8575000166893005,0.10000000149011612,0.0
first,0.1205,crop50_jpeg,0.6575000286102295,0.0,0.0
first,0.1205,macro_average,0.7948148250579834,,
first,0.1206,crop50,0.8694444298744202,0.21666666865348816,0.0
first,0.1206,crop50_blur,0.8575000166893005,0.10000000149011612,0.0
first,0.1206,crop50_jpeg,0.6575000286102295,0.0,0.0
first,0.1206,macro_average,0.7948148250579834,,
first,0.1207,crop50,0.8694444298744202,0.21666666865348816,0.0
first,0.1207,crop50_blur,0.8575000166893005,0.10000000149011612,0.0
first,0.1207,crop50_jpeg,0.6575000286102295,0.0,0.0
first,0.1207,macro_average,0.7948148250579834,,
first,0.12079999999999999,crop50,0.8694444298744202,0.21666666865348816,0.0
first,0.12079999999999999,crop50_blur,0.8575000166893005,0.10000000149011612,0.0
first,0.12079999999999999,crop50_jpeg,0.6575000286102295,0.0,0.0
first,0.12079999999999999,macro_average,0.7948148250579834,,
first,0.1209,crop50,0.8694444298744202,0.21666666865348816,0.0
first,0.1209,crop50_blur,0.8575000166893005,0.10000000149011612,0.0
first,0.1209,crop50_jpeg,0.6575000286102295,0.0,0.0
first,0.1209,macro_average,0.7948148250579834,,
first,0.121,crop50,0.8694444298744202,0.21666666865348816,0.0
first,0.121,crop50_blur,0.8575000166893005,0.10000000149011612,0.0
first,0.121,crop50_jpeg,0.6575000286102295,0.0,0.0
first,0.121,macro_average,0.7948148250579834,,
first,0.1211,crop50,0.8694444298744202,0.21666666865348816,0.0
first,0.1211,crop50_blur,0.8575000166893005,0.10000000149011612,0.0
first,0.1211,crop50_jpeg,0.6575000286102295,0.0,0.0
first,0.1211,macro_average,0.7948148250579834,,
first,0.1212,crop50,0.8694444298744202,0.21666666865348816,0.0
first,0.1212,crop50_blur,0.8575000166893005,0.10000000149011612,0.0
first,0.1212,crop50_jpeg,0.6575000286102295,0.0,0.0
first,0.1212,macro_average,0.7948148250579834,,
first,0.12129999999999999,crop50,0.8694444298744202,0.21666666865348816,0.0
first,0.12129999999999999,crop50_blur,0.8575000166893005,0.10000000149011612,0.0
first,0.12129999999999999,crop50_jpeg,0.6575000286102295,0.0,0.0
first,0.12129999999999999,macro_average,0.7948148250579834,,
first,0.1214,crop50,0.8694444298744202,0.21666666865348816,0.0
first,0.1214,crop50_blur,0.8575000166893005,0.10000000149011612,0.0
first,0.1214,crop50_jpeg,0.6575000286102295,0.0,0.0
first,0.1214,macro_average,0.7948148250579834,,
first,0.1215,crop50,0.8694444298744202,0.21666666865348816,0.0
first,0.1215,crop50_blur,0.8575000166893005,0.10000000149011612,0.0
first,0.1215,crop50_jpeg,0.6575000286102295,0.0,0.0
first,0.1215,macro_average,0.7948148250579834,,
first,0.1216,crop50,0.8694444298744202,0.21666666865348816,0.0
first,0.1216,crop50_blur,0.8575000166893005,0.10000000149011612,0.0
first,0.1216,crop50_jpeg,0.6575000286102295,0.0,0.0
first,0.1216,macro_average,0.7948148250579834,,
first,0.1217,crop50,0.8694444298744202,0.21666666865348816,0.0
first,0.1217,crop50_blur,0.8575000166893005,0.10000000149011612,0.0
first,0.1217,crop50_jpeg,0.6575000286102295,0.0,0.0
first,0.1217,macro_average,0.7948148250579834,,
first,0.12179999999999999,crop50,0.8694444298744202,0.21666666865348816,0.0
first,0.12179999999999999,crop50_blur,0.8575000166893005,0.10000000149011612,0.0
first,0.12179999999999999,crop50_jpeg,0.6575000286102295,0.0,0.0
first,0.12179999999999999,macro_average,0.7948148250579834,,
first,0.1219,crop50,0.8694444298744202,0.21666666865348816,0.0
first,0.1219,crop50_blur,0.8575000166893005,0.10000000149011612,0.0
first,0.1219,crop50_jpeg,0.6575000286102295,0.0,0.0
first,0.1219,macro_average,0.7948148250579834,,
first,0.122,crop50,0.8694444298744202,0.21666666865348816,0.0
first,0.122,crop50_blur,0.8575000166893005,0.10000000149011612,0.0
first,0.122,crop50_jpeg,0.6575000286102295,0.0,0.0
first,0.122,macro_average,0.7948148250579834,,
first,0.1221,crop50,0.8694444298744202,0.21666666865348816,0.0
first,0.1221,crop50_blur,0.8575000166893005,0.10000000149011612,0.0
first,0.1221,crop50_jpeg,0.6575000286102295,0.0,0.0
first,0.1221,macro_average,0.7948148250579834,,
first,0.12219999999999999,crop50,0.8694444298744202,0.21666666865348816,0.0
first,0.12219999999999999,crop50_blur,0.8575000166893005,0.10000000149011612,0.0
first,0.12219999999999999,crop50_jpeg,0.6575000286102295,0.0,0.0
first,0.12219999999999999,macro_average,0.7948148250579834,,
first,0.12229999999999999,crop50,0.8694444298744202,0.21666666865348816,0.0
first,0.12229999999999999,crop50_blur,0.8575000166893005,0.10000000149011612,0.0
first,0.12229999999999999,crop50_jpeg,0.6575000286102295,0.0,0.0
first,0.12229999999999999,macro_average,0.7948148250579834,,
first,0.1224,crop50,0.8694444298744202,0.21666666865348816,0.0
first,0.1224,crop50_blur,0.8575000166893005,0.10000000149011612,0.0
first,0.1224,crop50_jpeg,0.6575000286102295,0.0,0.0
first,0.1224,macro_average,0.7948148250579834,,
first,0.1225,crop50,0.8694444298744202,0.21666666865348816,0.0
first,0.1225,crop50_blur,0.8575000166893005,0.10000000149011612,0.0
first,0.1225,crop50_jpeg,0.6575000286102295,0.0,0.0
first,0.1225,macro_average,0.7948148250579834,,
first,0.1226,crop50,0.8694444298744202,0.21666666865348816,0.0
first,0.1226,crop50_blur,0.8575000166893005,0.10000000149011612,0.0
first,0.1226,crop50_jpeg,0.6575000286102295,0.0,0.0
first,0.1226,macro_average,0.7948148250579834,,
first,0.12269999999999999,crop50,0.8694444298744202,0.21666666865348816,0.0
first,0.12269999999999999,crop50_blur,0.8575000166893005,0.10000000149011612,0.0
first,0.12269999999999999,crop50_jpeg,0.6575000286102295,0.0,0.0
first,0.12269999999999999,macro_average,0.7948148250579834,,
first,0.12279999999999999,crop50,0.8694444298744202,0.21666666865348816,0.0
first,0.12279999999999999,crop50_blur,0.8575000166893005,0.10000000149011612,0.0
first,0.12279999999999999,crop50_jpeg,0.6575000286102295,0.0,0.0
first,0.12279999999999999,macro_average,0.7948148250579834,,
first,0.1229,crop50,0.8694444298744202,0.21666666865348816,0.0
first,0.1229,crop50_blur,0.8575000166893005,0.10000000149011612,0.0
first,0.1229,crop50_jpeg,0.6575000286102295,0.0,0.0
first,0.1229,macro_average,0.7948148250579834,,
first,0.123,crop50,0.8694444298744202,0.21666666865348816,0.0
first,0.123,crop50_blur,0.8575000166893005,0.10000000149011612,0.0
first,0.123,crop50_jpeg,0.6575000286102295,0.0,0.0
first,0.123,macro_average,0.7948148250579834,,
first,0.1231,crop50,0.8694444298744202,0.21666666865348816,0.0
first,0.1231,crop50_blur,0.8575000166893005,0.10000000149011612,0.0
first,0.1231,crop50_jpeg,0.6575000286102295,0.0,0.0
first,0.1231,macro_average,0.7948148250579834,,
first,0.12319999999999999,crop50,0.8694444298744202,0.21666666865348816,0.0
first,0.12319999999999999,crop50_blur,0.8575000166893005,0.10000000149011612,0.0
first,0.12319999999999999,crop50_jpeg,0.6575000286102295,0.0,0.0
first,0.12319999999999999,macro_average,0.7948148250579834,,
first,0.12329999999999999,crop50,0.8694444298744202,0.21666666865348816,0.0
first,0.12329999999999999,crop50_blur,0.8575000166893005,0.10000000149011612,0.0
first,0.12329999999999999,crop50_jpeg,0.6575000286102295,0.0,0.0
first,0.12329999999999999,macro_average,0.7948148250579834,,
first,0.1234,crop50,0.8694444298744202,0.21666666865348816,0.0
first,0.1234,crop50_blur,0.8575000166893005,0.10000000149011612,0.0
first,0.1234,crop50_jpeg,0.6575000286102295,0.0,0.0
first,0.1234,macro_average,0.7948148250579834,,
first,0.1235,crop50,0.8694444298744202,0.21666666865348816,0.0
first,0.1235,crop50_blur,0.8575000166893005,0.10000000149011612,0.0
first,0.1235,crop50_jpeg,0.6575000286102295,0.0,0.0
first,0.1235,macro_average,0.7948148250579834,,
first,0.1236,crop50,0.8694444298744202,0.21666666865348816,0.0
first,0.1236,crop50_blur,0.8575000166893005,0.10000000149011612,0.0
first,0.1236,crop50_jpeg,0.6575000286102295,0.0,0.0
first,0.1236,macro_average,0.7948148250579834,,
first,0.12369999999999999,crop50,0.8694444298744202,0.21666666865348816,0.0
first,0.12369999999999999,crop50_blur,0.8575000166893005,0.10000000149011612,0.0
first,0.12369999999999999,crop50_jpeg,0.6575000286102295,0.0,0.0
first,0.12369999999999999,macro_average,0.7948148250579834,,
first,0.1238,crop50,0.8694444298744202,0.21666666865348816,0.0
first,0.1238,crop50_blur,0.8575000166893005,0.10000000149011612,0.0
first,0.1238,crop50_jpeg,0.6575000286102295,0.0,0.0
first,0.1238,macro_average,0.7948148250579834,,
first,0.1239,crop50,0.8694444298744202,0.21666666865348816,0.0
first,0.1239,crop50_blur,0.8575000166893005,0.10000000149011612,0.0
first,0.1239,crop50_jpeg,0.6575000286102295,0.0,0.0
first,0.1239,macro_average,0.7948148250579834,,
first,0.124,crop50,0.8694444298744202,0.21666666865348816,0.0
first,0.124,crop50_blur,0.8575000166893005,0.10000000149011612,0.0
first,0.124,crop50_jpeg,0.6575000286102295,0.0,0.0
first,0.124,macro_average,0.7948148250579834,,
first,0.1241,crop50,0.8694444298744202,0.21666666865348816,0.0
first,0.1241,crop50_blur,0.8575000166893005,0.10000000149011612,0.0
first,0.1241,crop50_jpeg,0.6575000286102295,0.0,0.0
first,0.1241,macro_average,0.7948148250579834,,
first,0.12419999999999999,crop50,0.8694444298744202,0.21666666865348816,0.0
first,0.12419999999999999,crop50_blur,0.8575000166893005,0.10000000149011612,0.0
first,0.12419999999999999,crop50_jpeg,0.6575000286102295,0.0,0.0
first,0.12419999999999999,macro_average,0.7948148250579834,,
first,0.1243,crop50,0.8694444298744202,0.21666666865348816,0.0
first,0.1243,crop50_blur,0.8575000166893005,0.10000000149011612,0.0
first,0.1243,crop50_jpeg,0.6575000286102295,0.0,0.0
first,0.1243,macro_average,0.7948148250579834,,
first,0.1244,crop50,0.8694444298744202,0.21666666865348816,0.0
first,0.1244,crop50_blur,0.8575000166893005,0.10000000149011612,0.0
first,0.1244,crop50_jpeg,0.6575000286102295,0.0,0.0
first,0.1244,macro_average,0.7948148250579834,,
first,0.1245,crop50,0.8694444298744202,0.21666666865348816,0.0
first,0.1245,crop50_blur,0.8575000166893005,0.10000000149011612,0.0
first,0.1245,crop50_jpeg,0.6575000286102295,0.0,0.0
first,0.1245,macro_average,0.7948148250579834,,
first,0.12459999999999999,crop50,0.8694444298744202,0.21666666865348816,0.0
first,0.12459999999999999,crop50_blur,0.8575000166893005,0.10000000149011612,0.0
first,0.12459999999999999,crop50_jpeg,0.6575000286102295,0.0,0.0
first,0.12459999999999999,macro_average,0.7948148250579834,,
first,0.12469999999999999,crop50,0.8694444298744202,0.21666666865348816,0.0
first,0.12469999999999999,crop50_blur,0.8575000166893005,0.10000000149011612,0.0
first,0.12469999999999999,crop50_jpeg,0.6575000286102295,0.0,0.0
first,0.12469999999999999,macro_average,0.7948148250579834,,
first,0.1248,crop50,0.8694444298744202,0.21666666865348816,0.0
first,0.1248,crop50_blur,0.8575000166893005,0.10000000149011612,0.0
first,0.1248,crop50_jpeg,0.6575000286102295,0.0,0.0
first,0.1248,macro_average,0.7948148250579834,,
first,0.1249,crop50,0.8694444298744202,0.21666666865348816,0.0
first,0.1249,crop50_blur,0.8575000166893005,0.10000000149011612,0.0
first,0.1249,crop50_jpeg,0.6575000286102295,0.0,0.0
first,0.1249,macro_average,0.7948148250579834,,
first,0.125,crop50,0.8694444298744202,0.21666666865348816,0.0
first,0.125,crop50_blur,0.8575000166893005,0.10000000149011612,0.0
first,0.125,crop50_jpeg,0.6575000286102295,0.0,0.0
first,0.125,macro_average,0.7948148250579834,,
first,0.1251,crop50,0.8694444298744202,0.21666666865348816,0.0
first,0.1251,crop50_blur,0.8575000166893005,0.10000000149011612,0.0
first,0.1251,crop50_jpeg,0.6575000286102295,0.0,0.0
first,0.1251,macro_average,0.7948148250579834,,
first,0.1252,crop50,0.8694444298744202,0.21666666865348816,0.0
first,0.1252,crop50_blur,0.8575000166893005,0.10000000149011612,0.0
first,0.1252,crop50_jpeg,0.6575000286102295,0.0,0.0
first,0.1252,macro_average,0.7948148250579834,,
first,0.1253,crop50,0.8694444298744202,0.21666666865348816,0.0
first,0.1253,crop50_blur,0.8575000166893005,0.10000000149011612,0.0
first,0.1253,crop50_jpeg,0.6575000286102295,0.0,0.0
first,0.1253,macro_average,0.7948148250579834,,
first,0.12539999999999998,crop50,0.8694444298744202,0.21666666865348816,0.0
first,0.12539999999999998,crop50_blur,0.8575000166893005,0.10000000149011612,0.0
first,0.12539999999999998,crop50_jpeg,0.6575000286102295,0.0,0.0
first,0.12539999999999998,macro_average,0.7948148250579834,,
first,0.1255,crop50,0.8694444298744202,0.21666666865348816,0.0
first,0.1255,crop50_blur,0.8575000166893005,0.10000000149011612,0.0
first,0.1255,crop50_jpeg,0.6575000286102295,0.0,0.0
first,0.1255,macro_average,0.7948148250579834,,
first,0.1256,crop50,0.8694444298744202,0.21666666865348816,0.0
first,0.1256,crop50_blur,0.8575000166893005,0.10000000149011612,0.0
first,0.1256,crop50_jpeg,0.6575000286102295,0.0,0.0
first,0.1256,macro_average,0.7948148250579834,,
first,0.1257,crop50,0.8694444298744202,0.21666666865348816,0.0
first,0.1257,crop50_blur,0.8575000166893005,0.10000000149011612,0.0
first,0.1257,crop50_jpeg,0.6575000286102295,0.0,0.0
first,0.1257,macro_average,0.7948148250579834,,
first,0.1258,crop50,0.8694444298744202,0.21666666865348816,0.0
first,0.1258,crop50_blur,0.8575000166893005,0.10000000149011612,0.0
first,0.1258,crop50_jpeg,0.6575000286102295,0.0,0.0
first,0.1258,macro_average,0.7948148250579834,,
first,0.12589999999999998,crop50,0.8694444298744202,0.21666666865348816,0.0
first,0.12589999999999998,crop50_blur,0.8575000166893005,0.10000000149011612,0.0
first,0.12589999999999998,crop50_jpeg,0.6575000286102295,0.0,0.0
first,0.12589999999999998,macro_average,0.7948148250579834,,
first,0.126,crop50,0.8694444298744202,0.21666666865348816,0.0
first,0.126,crop50_blur,0.8575000166893005,0.10000000149011612,0.0
first,0.126,crop50_jpeg,0.6575000286102295,0.0,0.0
first,0.126,macro_average,0.7948148250579834,,
first,0.1261,crop50,0.8694444298744202,0.21666666865348816,0.0
first,0.1261,crop50_blur,0.8575000166893005,0.10000000149011612,0.0
first,0.1261,crop50_jpeg,0.6575000286102295,0.0,0.0
first,0.1261,macro_average,0.7948148250579834,,
first,0.1262,crop50,0.8694444298744202,0.21666666865348816,0.0
first,0.1262,crop50_blur,0.8575000166893005,0.10000000149011612,0.0
first,0.1262,crop50_jpeg,0.6575000286102295,0.0,0.0
first,0.1262,macro_average,0.7948148250579834,,
first,0.1263,crop50,0.8694444298744202,0.21666666865348816,0.0
first,0.1263,crop50_blur,0.8575000166893005,0.10000000149011612,0.0
first,0.1263,crop50_jpeg,0.6575000286102295,0.0,0.0
first,0.1263,macro_average,0.7948148250579834,,
first,0.12639999999999998,crop50,0.8694444298744202,0.21666666865348816,0.0
first,0.12639999999999998,crop50_blur,0.8575000166893005,0.10000000149011612,0.0
first,0.12639999999999998,crop50_jpeg,0.6575000286102295,0.0,0.0
first,0.12639999999999998,macro_average,0.7948148250579834,,
first,0.1265,crop50,0.8694444298744202,0.21666666865348816,0.0
first,0.1265,crop50_blur,0.8575000166893005,0.10000000149011612,0.0
first,0.1265,crop50_jpeg,0.6575000286102295,0.0,0.0
first,0.1265,macro_average,0.7948148250579834,,
first,0.1266,crop50,0.8694444298744202,0.21666666865348816,0.0
first,0.1266,crop50_blur,0.8575000166893005,0.10000000149011612,0.0
first,0.1266,crop50_jpeg,0.6575000286102295,0.0,0.0
first,0.1266,macro_average,0.7948148250579834,,
first,0.1267,crop50,0.8694444298744202,0.21666666865348816,0.0
first,0.1267,crop50_blur,0.8575000166893005,0.10000000149011612,0.0
first,0.1267,crop50_jpeg,0.6575000286102295,0.0,0.0
first,0.1267,macro_average,0.7948148250579834,,
first,0.1268,crop50,0.8694444298744202,0.21666666865348816,0.0
first,0.1268,crop50_blur,0.8575000166893005,0.10000000149011612,0.0
first,0.1268,crop50_jpeg,0.6575000286102295,0.0,0.0
first,0.1268,macro_average,0.7948148250579834,,
first,0.12689999999999999,crop50,0.8694444298744202,0.21666666865348816,0.0
first,0.12689999999999999,crop50_blur,0.8575000166893005,0.10000000149011612,0.0
first,0.12689999999999999,crop50_jpeg,0.6575000286102295,0.0,0.0
first,0.12689999999999999,macro_average,0.7948148250579834,,
first,0.127,crop50,0.8694444298744202,0.21666666865348816,0.0
first,0.127,crop50_blur,0.8575000166893005,0.10000000149011612,0.0
first,0.127,crop50_jpeg,0.6575000286102295,0.0,0.0
first,0.127,macro_average,0.7948148250579834,,
first,0.1271,crop50,0.8694444298744202,0.21666666865348816,0.0
first,0.1271,crop50_blur,0.8575000166893005,0.10000000149011612,0.0
first,0.1271,crop50_jpeg,0.6575000286102295,0.0,0.0
first,0.1271,macro_average,0.7948148250579834,,
first,0.1272,crop50,0.8694444298744202,0.21666666865348816,0.0
first,0.1272,crop50_blur,0.8575000166893005,0.10000000149011612,0.0
first,0.1272,crop50_jpeg,0.6575000286102295,0.0,0.0
first,0.1272,macro_average,0.7948148250579834,,
first,0.1273,crop50,0.8694444298744202,0.21666666865348816,0.0
first,0.1273,crop50_blur,0.8575000166893005,0.10000000149011612,0.0
first,0.1273,crop50_jpeg,0.6575000286102295,0.0,0.0
first,0.1273,macro_average,0.7948148250579834,,
first,0.12739999999999999,crop50,0.8694444298744202,0.21666666865348816,0.0
first,0.12739999999999999,crop50_blur,0.8575000166893005,0.10000000149011612,0.0
first,0.12739999999999999,crop50_jpeg,0.6575000286102295,0.0,0.0
first,0.12739999999999999,macro_average,0.7948148250579834,,
first,0.1275,crop50,0.8694444298744202,0.21666666865348816,0.0
first,0.1275,crop50_blur,0.8575000166893005,0.10000000149011612,0.0
first,0.1275,crop50_jpeg,0.6575000286102295,0.0,0.0
first,0.1275,macro_average,0.7948148250579834,,
first,0.1276,crop50,0.8694444298744202,0.21666666865348816,0.0
first,0.1276,crop50_blur,0.8575000166893005,0.10000000149011612,0.0
first,0.1276,crop50_jpeg,0.6575000286102295,0.0,0.0
first,0.1276,macro_average,0.7948148250579834,,
first,0.1277,crop50,0.8694444298744202,0.21666666865348816,0.0
first,0.1277,crop50_blur,0.8575000166893005,0.10000000149011612,0.0
first,0.1277,crop50_jpeg,0.6575000286102295,0.0,0.0
first,0.1277,macro_average,0.7948148250579834,,
first,0.1278,crop50,0.8694444298744202,0.21666666865348816,0.0
first,0.1278,crop50_blur,0.8575000166893005,0.10000000149011612,0.0
first,0.1278,crop50_jpeg,0.6575000286102295,0.0,0.0
first,0.1278,macro_average,0.7948148250579834,,
first,0.12789999999999999,crop50,0.8694444298744202,0.21666666865348816,0.0
first,0.12789999999999999,crop50_blur,0.8575000166893005,0.10000000149011612,0.0
first,0.12789999999999999,crop50_jpeg,0.6575000286102295,0.0,0.0
first,0.12789999999999999,macro_average,0.7948148250579834,,
first,0.128,crop50,0.8694444298744202,0.21666666865348816,0.0
first,0.128,crop50_blur,0.8575000166893005,0.10000000149011612,0.0
first,0.128,crop50_jpeg,0.6575000286102295,0.0,0.0
first,0.128,macro_average,0.7948148250579834,,
first,0.1281,crop50,0.8694444298744202,0.21666666865348816,0.0
first,0.1281,crop50_blur,0.8575000166893005,0.10000000149011612,0.0
first,0.1281,crop50_jpeg,0.6575000286102295,0.0,0.0
first,0.1281,macro_average,0.7948148250579834,,
first,0.1282,crop50,0.8694444298744202,0.21666666865348816,0.0
first,0.1282,crop50_blur,0.8575000166893005,0.10000000149011612,0.0
first,0.1282,crop50_jpeg,0.6575000286102295,0.0,0.0
first,0.1282,macro_average,0.7948148250579834,,
first,0.1283,crop50,0.8694444298744202,0.21666666865348816,0.0
first,0.1283,crop50_blur,0.8575000166893005,0.10000000149011612,0.0
first,0.1283,crop50_jpeg,0.6575000286102295,0.0,0.0
first,0.1283,macro_average,0.7948148250579834,,
first,0.1284,crop50,0.8694444298744202,0.21666666865348816,0.0
first,0.1284,crop50_blur,0.8575000166893005,0.10000000149011612,0.0
first,0.1284,crop50_jpeg,0.6575000286102295,0.0,0.0
first,0.1284,macro_average,0.7948148250579834,,
first,0.1285,crop50,0.8694444298744202,0.21666666865348816,0.008333333767950535
first,0.1285,crop50_blur,0.8575000166893005,0.10000000149011612,0.0
first,0.1285,crop50_jpeg,0.6575000286102295,0.0,0.0
first,0.1285,macro_average,0.7948148250579834,,
first,0.1286,crop50,0.8694444298744202,0.21666666865348816,0.008333333767950535
first,0.1286,crop50_blur,0.8575000166893005,0.10000000149011612,0.0
first,0.1286,crop50_jpeg,0.6575000286102295,0.0,0.0
first,0.1286,macro_average,0.7948148250579834,,
first,0.1287,crop50,0.8694444298744202,0.21666666865348816,0.008333333767950535
first,0.1287,crop50_blur,0.8575000166893005,0.10000000149011612,0.0
first,0.1287,crop50_jpeg,0.6575000286102295,0.0,0.0
first,0.1287,macro_average,0.7948148250579834,,
first,0.1288,crop50,0.8694444298744202,0.21666666865348816,0.008333333767950535
first,0.1288,crop50_blur,0.8575000166893005,0.10000000149011612,0.0
first,0.1288,crop50_jpeg,0.6575000286102295,0.0,0.0
first,0.1288,macro_average,0.7948148250579834,,
first,0.1289,crop50,0.8694444298744202,0.21666666865348816,0.008333333767950535
first,0.1289,crop50_blur,0.8575000166893005,0.10000000149011612,0.0
first,0.1289,crop50_jpeg,0.6575000286102295,0.0,0.0
first,0.1289,macro_average,0.7948148250579834,,
first,0.129,crop50,0.8694444298744202,0.21666666865348816,0.008333333767950535
first,0.129,crop50_blur,0.8575000166893005,0.10000000149011612,0.0
first,0.129,crop50_jpeg,0.6575000286102295,0.0,0.0
first,0.129,macro_average,0.7948148250579834,,
first,0.1291,crop50,0.8694444298744202,0.21666666865348816,0.008333333767950535
first,0.1291,crop50_blur,0.8575000166893005,0.10000000149011612,0.0
first,0.1291,crop50_jpeg,0.6575000286102295,0.0,0.0
first,0.1291,macro_average,0.7948148250579834,,
first,0.12919999999999998,crop50,0.8694444298744202,0.21666666865348816,0.008333333767950535
first,0.12919999999999998,crop50_blur,0.8575000166893005,0.10000000149011612,0.0
first,0.12919999999999998,crop50_jpeg,0.6575000286102295,0.0,0.0
first,0.12919999999999998,macro_average,0.7948148250579834,,
first,0.1293,crop50,0.8694444298744202,0.21666666865348816,0.008333333767950535
first,0.1293,crop50_blur,0.8575000166893005,0.10000000149011612,0.0
first,0.1293,crop50_jpeg,0.6575000286102295,0.0,0.0
first,0.1293,macro_average,0.7948148250579834,,
first,0.1294,crop50,0.8694444298744202,0.21666666865348816,0.008333333767950535
first,0.1294,crop50_blur,0.8575000166893005,0.10000000149011612,0.0
first,0.1294,crop50_jpeg,0.6575000286102295,0.0,0.0
first,0.1294,macro_average,0.7948148250579834,,
first,0.1295,crop50,0.8694444298744202,0.21666666865348816,0.008333333767950535
first,0.1295,crop50_blur,0.8575000166893005,0.10000000149011612,0.0
first,0.1295,crop50_jpeg,0.6575000286102295,0.0,0.0
first,0.1295,macro_average,0.7948148250579834,,
first,0.1296,crop50,0.8694444298744202,0.21666666865348816,0.008333333767950535
first,0.1296,crop50_blur,0.8575000166893005,0.10000000149011612,0.0
first,0.1296,crop50_jpeg,0.6575000286102295,0.0,0.0
first,0.1296,macro_average,0.7948148250579834,,
first,0.12969999999999998,crop50,0.8694444298744202,0.21666666865348816,0.008333333767950535
first,0.12969999999999998,crop50_blur,0.8575000166893005,0.10000000149011612,0.0
first,0.12969999999999998,crop50_jpeg,0.6575000286102295,0.0,0.0
first,0.12969999999999998,macro_average,0.7948148250579834,,
first,0.1298,crop50,0.8694444298744202,0.21666666865348816,0.008333333767950535
first,0.1298,crop50_blur,0.8575000166893005,0.10000000149011612,0.0
first,0.1298,crop50_jpeg,0.6575000286102295,0.0,0.0
first,0.1298,macro_average,0.7948148250579834,,
first,0.1299,crop50,0.8694444298744202,0.21666666865348816,0.008333333767950535
first,0.1299,crop50_blur,0.8575000166893005,0.10000000149011612,0.0
first,0.1299,crop50_jpeg,0.6575000286102295,0.0,0.0
first,0.1299,macro_average,0.7948148250579834,,
first,0.13,crop50,0.8694444298744202,0.21666666865348816,0.008333333767950535
first,0.13,crop50_blur,0.8575000166893005,0.10000000149011612,0.0
first,0.13,crop50_jpeg,0.6575000286102295,0.0,0.0
first,0.13,macro_average,0.7948148250579834,,
first,0.1301,crop50,0.8694444298744202,0.21666666865348816,0.008333333767950535
first,0.1301,crop50_blur,0.8575000166893005,0.10000000149011612,0.0
first,0.1301,crop50_jpeg,0.6575000286102295,0.0,0.0
first,0.1301,macro_average,0.7948148250579834,,
first,0.13019999999999998,crop50,0.8727777600288391,0.22499999403953552,0.01666666753590107
first,0.13019999999999998,crop50_blur,0.8575000166893005,0.10000000149011612,0.0
first,0.13019999999999998,crop50_jpeg,0.6575000286102295,0.0,0.0
first,0.13019999999999998,macro_average,0.7959259351094564,,
first,0.1303,crop50,0.8727777600288391,0.22499999403953552,0.01666666753590107
first,0.1303,crop50_blur,0.8575000166893005,0.10000000149011612,0.0
first,0.1303,crop50_jpeg,0.6575000286102295,0.0,0.0
first,0.1303,macro_average,0.7959259351094564,,
first,0.1304,crop50,0.8727777600288391,0.22499999403953552,0.01666666753590107
first,0.1304,crop50_blur,0.8575000166893005,0.10000000149011612,0.0
first,0.1304,crop50_jpeg,0.6575000286102295,0.0,0.0
first,0.1304,macro_average,0.7959259351094564,,
first,0.1305,crop50,0.8727777600288391,0.22499999403953552,0.01666666753590107
first,0.1305,crop50_blur,0.8575000166893005,0.10000000149011612,0.0
first,0.1305,crop50_jpeg,0.6575000286102295,0.0,0.0
first,0.1305,macro_average,0.7959259351094564,,
first,0.1306,crop50,0.8727777600288391,0.22499999403953552,0.01666666753590107
first,0.1306,crop50_blur,0.8575000166893005,0.10000000149011612,0.0
first,0.1306,crop50_jpeg,0.6575000286102295,0.0,0.0
first,0.1306,macro_average,0.7959259351094564,,
first,0.13069999999999998,crop50,0.8727777600288391,0.22499999403953552,0.01666666753590107
first,0.13069999999999998,crop50_blur,0.8575000166893005,0.10000000149011612,0.0
first,0.13069999999999998,crop50_jpeg,0.6575000286102295,0.0,0.0
first,0.13069999999999998,macro_average,0.7959259351094564,,
first,0.1308,crop50,0.8727777600288391,0.22499999403953552,0.01666666753590107
first,0.1308,crop50_blur,0.8575000166893005,0.10000000149011612,0.0
first,0.1308,crop50_jpeg,0.6575000286102295,0.0,0.0
first,0.1308,macro_average,0.7959259351094564,,
first,0.1309,crop50,0.8727777600288391,0.22499999403953552,0.01666666753590107
first,0.1309,crop50_blur,0.8575000166893005,0.10000000149011612,0.0
first,0.1309,crop50_jpeg,0.6575000286102295,0.0,0.0
first,0.1309,macro_average,0.7959259351094564,,
first,0.131,crop50,0.8727777600288391,0.22499999403953552,0.01666666753590107
first,0.131,crop50_blur,0.8575000166893005,0.10000000149011612,0.0
first,0.131,crop50_jpeg,0.6575000286102295,0.0,0.0
first,0.131,macro_average,0.7959259351094564,,
first,0.1311,crop50,0.8727777600288391,0.22499999403953552,0.01666666753590107
first,0.1311,crop50_blur,0.8575000166893005,0.10000000149011612,0.0
first,0.1311,crop50_jpeg,0.6575000286102295,0.0,0.0
first,0.1311,macro_average,0.7959259351094564,,
first,0.13119999999999998,crop50,0.8727777600288391,0.22499999403953552,0.01666666753590107
first,0.13119999999999998,crop50_blur,0.8575000166893005,0.10000000149011612,0.0
first,0.13119999999999998,crop50_jpeg,0.6575000286102295,0.0,0.0
first,0.13119999999999998,macro_average,0.7959259351094564,,
first,0.1313,crop50,0.8727777600288391,0.22499999403953552,0.01666666753590107
first,0.1313,crop50_blur,0.8575000166893005,0.10000000149011612,0.0
first,0.1313,crop50_jpeg,0.6575000286102295,0.0,0.0
first,0.1313,macro_average,0.7959259351094564,,
first,0.1314,crop50,0.8727777600288391,0.22499999403953552,0.01666666753590107
first,0.1314,crop50_blur,0.8575000166893005,0.10000000149011612,0.0
first,0.1314,crop50_jpeg,0.6575000286102295,0.0,0.0
first,0.1314,macro_average,0.7959259351094564,,
first,0.1315,crop50,0.8727777600288391,0.22499999403953552,0.01666666753590107
first,0.1315,crop50_blur,0.8575000166893005,0.10000000149011612,0.0
first,0.1315,crop50_jpeg,0.6575000286102295,0.0,0.0
first,0.1315,macro_average,0.7959259351094564,,
first,0.1316,crop50,0.8727777600288391,0.22499999403953552,0.01666666753590107
first,0.1316,crop50_blur,0.8575000166893005,0.10000000149011612,0.0
first,0.1316,crop50_jpeg,0.6575000286102295,0.0,0.0
first,0.1316,macro_average,0.7959259351094564,,
first,0.13169999999999998,crop50,0.8727777600288391,0.22499999403953552,0.02500000037252903
first,0.13169999999999998,crop50_blur,0.8575000166893005,0.10000000149011612,0.0
first,0.13169999999999998,crop50_jpeg,0.6575000286102295,0.0,0.0
first,0.13169999999999998,macro_average,0.7959259351094564,,
first,0.1318,crop50,0.8727777600288391,0.22499999403953552,0.02500000037252903
first,0.1318,crop50_blur,0.8575000166893005,0.10000000149011612,0.0
first,0.1318,crop50_jpeg,0.6575000286102295,0.0,0.0
first,0.1318,macro_average,0.7959259351094564,,
first,0.1319,crop50,0.8727777600288391,0.22499999403953552,0.02500000037252903
first,0.1319,crop50_blur,0.8575000166893005,0.10000000149011612,0.0
first,0.1319,crop50_jpeg,0.6575000286102295,0.0,0.0
first,0.1319,macro_average,0.7959259351094564,,
first,0.132,crop50,0.8727777600288391,0.22499999403953552,0.02500000037252903
first,0.132,crop50_blur,0.8575000166893005,0.10000000149011612,0.0
first,0.132,crop50_jpeg,0.6575000286102295,0.0,0.0
first,0.132,macro_average,0.7959259351094564,,
first,0.1321,crop50,0.8727777600288391,0.22499999403953552,0.02500000037252903
first,0.1321,crop50_blur,0.8575000166893005,0.10000000149011612,0.0
first,0.1321,crop50_jpeg,0.6575000286102295,0.0,0.0
first,0.1321,macro_average,0.7959259351094564,,
first,0.13219999999999998,crop50,0.8727777600288391,0.22499999403953552,0.02500000037252903
first,0.13219999999999998,crop50_blur,0.8575000166893005,0.10000000149011612,0.0
first,0.13219999999999998,crop50_jpeg,0.6575000286102295,0.0,0.0
first,0.13219999999999998,macro_average,0.7959259351094564,,
first,0.1323,crop50,0.8727777600288391,0.22499999403953552,0.02500000037252903
first,0.1323,crop50_blur,0.8575000166893005,0.10000000149011612,0.0
first,0.1323,crop50_jpeg,0.6575000286102295,0.0,0.0
first,0.1323,macro_average,0.7959259351094564,,
first,0.1324,crop50,0.8727777600288391,0.22499999403953552,0.02500000037252903
first,0.1324,crop50_blur,0.8575000166893005,0.10000000149011612,0.0
first,0.1324,crop50_jpeg,0.6575000286102295,0.0,0.0
first,0.1324,macro_average,0.7959259351094564,,
first,0.1325,crop50,0.8727777600288391,0.22499999403953552,0.02500000037252903
first,0.1325,crop50_blur,0.8575000166893005,0.10000000149011612,0.0
first,0.1325,crop50_jpeg,0.6575000286102295,0.0,0.0
first,0.1325,macro_average,0.7959259351094564,,
first,0.1326,crop50,0.8727777600288391,0.22499999403953552,0.02500000037252903
first,0.1326,crop50_blur,0.8575000166893005,0.10000000149011612,0.0
first,0.1326,crop50_jpeg,0.6575000286102295,0.0,0.0
first,0.1326,macro_average,0.7959259351094564,,
first,0.13269999999999998,crop50,0.8727777600288391,0.22499999403953552,0.02500000037252903
first,0.13269999999999998,crop50_blur,0.8575000166893005,0.10000000149011612,0.0
first,0.13269999999999998,crop50_jpeg,0.6575000286102295,0.0,0.0
first,0.13269999999999998,macro_average,0.7959259351094564,,
first,0.1328,crop50,0.8727777600288391,0.22499999403953552,0.02500000037252903
first,0.1328,crop50_blur,0.8575000166893005,0.10000000149011612,0.0
first,0.1328,crop50_jpeg,0.6575000286102295,0.0,0.0
first,0.1328,macro_average,0.7959259351094564,,
first,0.1329,crop50,0.8727777600288391,0.22499999403953552,0.02500000037252903
first,0.1329,crop50_blur,0.8575000166893005,0.10000000149011612,0.0
first,0.1329,crop50_jpeg,0.6575000286102295,0.0,0.0
first,0.1329,macro_average,0.7959259351094564,,
first,0.133,crop50,0.8727777600288391,0.22499999403953552,0.02500000037252903
first,0.133,crop50_blur,0.8575000166893005,0.10000000149011612,0.0
first,0.133,crop50_jpeg,0.6575000286102295,0.0,0.0
first,0.133,macro_average,0.7959259351094564,,
first,0.1331,crop50,0.8727777600288391,0.22499999403953552,0.02500000037252903
first,0.1331,crop50_blur,0.8575000166893005,0.10000000149011612,0.0
first,0.1331,crop50_jpeg,0.6575000286102295,0.0,0.0
first,0.1331,macro_average,0.7959259351094564,,
first,0.13319999999999999,crop50,0.8727777600288391,0.22499999403953552,0.02500000037252903
first,0.13319999999999999,crop50_blur,0.8575000166893005,0.10000000149011612,0.0
first,0.13319999999999999,crop50_jpeg,0.6575000286102295,0.0,0.0
first,0.13319999999999999,macro_average,0.7959259351094564,,
first,0.1333,crop50,0.8727777600288391,0.22499999403953552,0.02500000037252903
first,0.1333,crop50_blur,0.8575000166893005,0.10000000149011612,0.0
first,0.1333,crop50_jpeg,0.6575000286102295,0.0,0.0
first,0.1333,macro_average,0.7959259351094564,,
first,0.1334,crop50,0.8727777600288391,0.22499999403953552,0.02500000037252903
first,0.1334,crop50_blur,0.8575000166893005,0.10000000149011612,0.0
first,0.1334,crop50_jpeg,0.6575000286102295,0.0,0.0
first,0.1334,macro_average,0.7959259351094564,,
first,0.1335,crop50,0.8727777600288391,0.22499999403953552,0.02500000037252903
first,0.1335,crop50_blur,0.8575000166893005,0.10000000149011612,0.0
first,0.1335,crop50_jpeg,0.6575000286102295,0.0,0.0
first,0.1335,macro_average,0.7959259351094564,,
first,0.1336,crop50,0.8727777600288391,0.22499999403953552,0.02500000037252903
first,0.1336,crop50_blur,0.8575000166893005,0.10000000149011612,0.0
first,0.1336,crop50_jpeg,0.6575000286102295,0.0,0.0
first,0.1336,macro_average,0.7959259351094564,,
first,0.13369999999999999,crop50,0.8727777600288391,0.22499999403953552,0.02500000037252903
first,0.13369999999999999,crop50_blur,0.8575000166893005,0.10000000149011612,0.0
first,0.13369999999999999,crop50_jpeg,0.6575000286102295,0.0,0.0
first,0.13369999999999999,macro_average,0.7959259351094564,,
first,0.1338,crop50,0.8727777600288391,0.22499999403953552,0.02500000037252903
first,0.1338,crop50_blur,0.8575000166893005,0.10000000149011612,0.0
first,0.1338,crop50_jpeg,0.6575000286102295,0.0,0.0
first,0.1338,macro_average,0.7959259351094564,,
first,0.1339,crop50,0.8727777600288391,0.22499999403953552,0.02500000037252903
first,0.1339,crop50_blur,0.8575000166893005,0.10000000149011612,0.0
first,0.1339,crop50_jpeg,0.6575000286102295,0.0,0.0
first,0.1339,macro_average,0.7959259351094564,,
first,0.134,crop50,0.8727777600288391,0.22499999403953552,0.02500000037252903
first,0.134,crop50_blur,0.8575000166893005,0.10000000149011612,0.0
first,0.134,crop50_jpeg,0.6575000286102295,0.0,0.0
first,0.134,macro_average,0.7959259351094564,,
first,0.1341,crop50,0.8730555772781372,0.22499999403953552,0.03333333507180214
first,0.1341,crop50_blur,0.8575000166893005,0.10000000149011612,0.0
first,0.1341,crop50_jpeg,0.6575000286102295,0.0,0.0
first,0.1341,macro_average,0.7960185408592224,,
first,0.13419999999999999,crop50,0.8730555772781372,0.22499999403953552,0.03333333507180214
first,0.13419999999999999,crop50_blur,0.8575000166893005,0.10000000149011612,0.0
first,0.13419999999999999,crop50_jpeg,0.6575000286102295,0.0,0.0
first,0.13419999999999999,macro_average,0.7960185408592224,,
first,0.1343,crop50,0.8730555772781372,0.22499999403953552,0.03333333507180214
first,0.1343,crop50_blur,0.8575000166893005,0.10000000149011612,0.0
first,0.1343,crop50_jpeg,0.6575000286102295,0.0,0.0
first,0.1343,macro_average,0.7960185408592224,,
first,0.1344,crop50,0.8730555772781372,0.22499999403953552,0.03333333507180214
first,0.1344,crop50_blur,0.8575000166893005,0.10000000149011612,0.0
first,0.1344,crop50_jpeg,0.6575000286102295,0.0,0.0
first,0.1344,macro_average,0.7960185408592224,,
first,0.1345,crop50,0.8730555772781372,0.22499999403953552,0.03333333507180214
first,0.1345,crop50_blur,0.8575000166893005,0.10000000149011612,0.0
first,0.1345,crop50_jpeg,0.6575000286102295,0.0,0.0
first,0.1345,macro_average,0.7960185408592224,,
first,0.1346,crop50,0.8730555772781372,0.22499999403953552,0.03333333507180214
first,0.1346,crop50_blur,0.8575000166893005,0.10000000149011612,0.0
first,0.1346,crop50_jpeg,0.6575000286102295,0.0,0.0
first,0.1346,macro_average,0.7960185408592224,,
first,0.1347,crop50,0.8730555772781372,0.22499999403953552,0.03333333507180214
first,0.1347,crop50_blur,0.8575000166893005,0.10000000149011612,0.0
first,0.1347,crop50_jpeg,0.6575000286102295,0.0,0.0
first,0.1347,macro_average,0.7960185408592224,,
first,0.1348,crop50,0.8730555772781372,0.22499999403953552,0.03333333507180214
first,0.1348,crop50_blur,0.8575000166893005,0.10000000149011612,0.0
first,0.1348,crop50_jpeg,0.6575000286102295,0.0,0.0
first,0.1348,macro_average,0.7960185408592224,,
first,0.1349,crop50,0.8730555772781372,0.22499999403953552,0.03333333507180214
first,0.1349,crop50_blur,0.8575000166893005,0.10000000149011612,0.0
first,0.1349,crop50_jpeg,0.6575000286102295,0.0,0.0
first,0.1349,macro_average,0.7960185408592224,,
first,0.135,crop50,0.8730555772781372,0.22499999403953552,0.03333333507180214
first,0.135,crop50_blur,0.8575000166893005,0.10000000149011612,0.0
first,0.135,crop50_jpeg,0.6575000286102295,0.0,0.0
first,0.135,macro_average,0.7960185408592224,,
first,0.1351,crop50,0.8730555772781372,0.22499999403953552,0.03333333507180214
first,0.1351,crop50_blur,0.8575000166893005,0.10000000149011612,0.0
first,0.1351,crop50_jpeg,0.6575000286102295,0.0,0.0
first,0.1351,macro_average,0.7960185408592224,,
first,0.1352,crop50,0.8730555772781372,0.22499999403953552,0.03333333507180214
first,0.1352,crop50_blur,0.8575000166893005,0.10000000149011612,0.0
first,0.1352,crop50_jpeg,0.6575000286102295,0.0,0.0
first,0.1352,macro_average,0.7960185408592224,,
first,0.1353,crop50,0.8730555772781372,0.22499999403953552,0.03333333507180214
first,0.1353,crop50_blur,0.8575000166893005,0.10000000149011612,0.0
first,0.1353,crop50_jpeg,0.6575000286102295,0.0,0.0
first,0.1353,macro_average,0.7960185408592224,,
first,0.1354,crop50,0.8730555772781372,0.22499999403953552,0.0416666679084301
first,0.1354,crop50_blur,0.8575000166893005,0.10000000149011612,0.0
first,0.1354,crop50_jpeg,0.6575000286102295,0.0,0.0
first,0.1354,macro_average,0.7960185408592224,,
first,0.1355,crop50,0.8730555772781372,0.22499999403953552,0.0416666679084301
first,0.1355,crop50_blur,0.8575000166893005,0.10000000149011612,0.008333333767950535
first,0.1355,crop50_jpeg,0.6575000286102295,0.0,0.0
first,0.1355,macro_average,0.7960185408592224,,
first,0.1356,crop50,0.8736110925674438,0.23333333432674408,0.05000000074505806
first,0.1356,crop50_blur,0.8575000166893005,0.10000000149011612,0.008333333767950535
first,0.1356,crop50_jpeg,0.6575000286102295,0.0,0.0
first,0.1356,macro_average,0.7962037126223246,,
first,0.1357,crop50,0.8736110925674438,0.23333333432674408,0.05000000074505806
first,0.1357,crop50_blur,0.8575000166893005,0.10000000149011612,0.008333333767950535
first,0.1357,crop50_jpeg,0.6575000286102295,0.0,0.0
first,0.1357,macro_average,0.7962037126223246,,
first,0.1358,crop50,0.8736110925674438,0.23333333432674408,0.06666667014360428
first,0.1358,crop50_blur,0.8575000166893005,0.10000000149011612,0.008333333767950535
first,0.1358,crop50_jpeg,0.6575000286102295,0.0,0.0
first,0.1358,macro_average,0.7962037126223246,,
first,0.1359,crop50,0.8741666674613953,0.24166665971279144,0.0833333358168602
first,0.1359,crop50_blur,0.8577777743339539,0.10833333432674408,0.01666666753590107
first,0.1359,crop50_jpeg,0.6575000286102295,0.0,0.0
first,0.1359,macro_average,0.7964814901351929,,
first,0.136,crop50,0.8741666674613953,0.24166665971279144,0.0833333358168602
first,0.136,crop50_blur,0.8577777743339539,0.10833333432674408,0.01666666753590107
first,0.136,crop50_jpeg,0.6575000286102295,0.0,0.0
first,0.136,macro_average,0.7964814901351929,,
first,0.1361,crop50,0.8741666674613953,0.24166665971279144,0.0833333358168602
first,0.1361,crop50_blur,0.8577777743339539,0.10833333432674408,0.01666666753590107
first,0.1361,crop50_jpeg,0.6575000286102295,0.0,0.0
first,0.1361,macro_average,0.7964814901351929,,
first,0.1362,crop50,0.8741666674613953,0.24166665971279144,0.09166666865348816
first,0.1362,crop50_blur,0.8577777743339539,0.10833333432674408,0.01666666753590107
first,0.1362,crop50_jpeg,0.6575000286102295,0.0,0.0
first,0.1362,macro_average,0.7964814901351929,,
first,0.1363,crop50,0.8738889098167419,0.23333333432674408,0.10000000149011612
first,0.1363,crop50_blur,0.8577777743339539,0.10833333432674408,0.01666666753590107
first,0.1363,crop50_jpeg,0.6575000286102295,0.0,0.0
first,0.1363,macro_average,0.7963889042536417,,
first,0.1364,crop50,0.8738889098167419,0.23333333432674408,0.10000000149011612
first,0.1364,crop50_blur,0.8577777743339539,0.10833333432674408,0.01666666753590107
first,0.1364,crop50_jpeg,0.6575000286102295,0.0,0.0
first,0.1364,macro_average,0.7963889042536417,,
first,0.1365,crop50,0.8738889098167419,0.23333333432674408,0.10833333432674408
first,0.1365,crop50_blur,0.8577777743339539,0.10833333432674408,0.01666666753590107
first,0.1365,crop50_jpeg,0.6575000286102295,0.0,0.0
first,0.1365,macro_average,0.7963889042536417,,
first,0.1366,crop50,0.8741666674613953,0.24166665971279144,0.11666666716337204
first,0.1366,crop50_blur,0.8577777743339539,0.10833333432674408,0.01666666753590107
first,0.1366,crop50_jpeg,0.6575000286102295,0.0,0.0
first,0.1366,macro_average,0.7964814901351929,,
first,0.1367,crop50,0.8741666674613953,0.24166665971279144,0.11666666716337204
first,0.1367,crop50_blur,0.8583333492279053,0.10833333432674408,0.02500000037252903
first,0.1367,crop50_jpeg,0.6575000286102295,0.0,0.0
first,0.1367,macro_average,0.79666668176651,,
first,0.1368,crop50,0.8741666674613953,0.24166665971279144,0.125
first,0.1368,crop50_blur,0.8583333492279053,0.10833333432674408,0.02500000037252903
first,0.1368,crop50_jpeg,0.6575000286102295,0.0,0.0
first,0.1368,macro_average,0.79666668176651,,
first,0.1369,crop50,0.8741666674613953,0.24166665971279144,0.125
first,0.1369,crop50_blur,0.8583333492279053,0.10833333432674408,0.02500000037252903
first,0.1369,crop50_jpeg,0.6575000286102295,0.0,0.0
first,0.1369,macro_average,0.79666668176651,,
first,0.137,crop50,0.8741666674613953,0.24166665971279144,0.125
first,0.137,crop50_blur,0.8583333492279053,0.10833333432674408,0.02500000037252903
first,0.137,crop50_jpeg,0.6575000286102295,0.0,0.0
first,0.137,macro_average,0.79666668176651,,
first,0.1371,crop50,0.8741666674613953,0.24166665971279144,0.125
first,0.1371,crop50_blur,0.8583333492279053,0.10833333432674408,0.02500000037252903
first,0.1371,crop50_jpeg,0.6575000286102295,0.0,0.0
first,0.1371,macro_average,0.79666668176651,,
first,0.1372,crop50,0.875,0.25,0.13333334028720856
first,0.1372,crop50_blur,0.8583333492279053,0.10833333432674408,0.02500000037252903
first,0.1372,crop50_jpeg,0.6575000286102295,0.0,0.0
first,0.1372,macro_average,0.7969444592793783,,
first,0.1373,crop50,0.875,0.25,0.13333334028720856
first,0.1373,crop50_blur,0.8583333492279053,0.10833333432674408,0.02500000037252903
first,0.1373,crop50_jpeg,0.6575000286102295,0.0,0.0
first,0.1373,macro_average,0.7969444592793783,,
first,0.1374,crop50,0.875,0.25,0.13333334028720856
first,0.1374,crop50_blur,0.8583333492279053,0.10833333432674408,0.02500000037252903
first,0.1374,crop50_jpeg,0.6575000286102295,0.0,0.0
first,0.1374,macro_average,0.7969444592793783,,
first,0.1375,crop50,0.875,0.25,0.13333334028720856
first,0.1375,crop50_blur,0.8588888645172119,0.11666666716337204,0.03333333507180214
first,0.1375,crop50_jpeg,0.6575000286102295,0.0,0.0
first,0.1375,macro_average,0.7971296310424805,,
first,0.1376,crop50,0.875,0.25,0.13333334028720856
first,0.1376,crop50_blur,0.8588888645172119,0.11666666716337204,0.03333333507180214
first,0.1376,crop50_jpeg,0.6575000286102295,0.0,0.0
first,0.1376,macro_average,0.7971296310424805,,
first,0.1377,crop50,0.875,0.25,0.13333334028720856
first,0.1377,crop50_blur,0.8588888645172119,0.11666666716337204,0.03333333507180214
first,0.1377,crop50_jpeg,0.6575000286102295,0.0,0.0
first,0.1377,macro_average,0.7971296310424805,,
first,0.1378,crop50,0.875,0.25,0.13333334028720856
first,0.1378,crop50_blur,0.8588888645172119,0.11666666716337204,0.0416666679084301
first,0.1378,crop50_jpeg,0.6575000286102295,0.0,0.0
first,0.1378,macro_average,0.7971296310424805,,
first,0.1379,crop50,0.875,0.25,0.13333334028720856
first,0.1379,crop50_blur,0.8627777695655823,0.125,0.05000000074505806
first,0.1379,crop50_jpeg,0.6575000286102295,0.0,0.0
first,0.1379,macro_average,0.7984259327252706,,
first,0.138,crop50,0.875,0.25,0.13333334028720856
first,0.138,crop50_blur,0.8627777695655823,0.125,0.05000000074505806
first,0.138,crop50_jpeg,0.6575000286102295,0.0,0.0
first,0.138,macro_average,0.7984259327252706,,
first,0.1381,crop50,0.875,0.25,0.13333334028720856
first,0.1381,crop50_blur,0.8627777695655823,0.125,0.05000000074505806
first,0.1381,crop50_jpeg,0.6575000286102295,0.0,0.0
first,0.1381,macro_average,0.7984259327252706,,
first,0.1382,crop50,0.875,0.25,0.13333334028720856
first,0.1382,crop50_blur,0.8627777695655823,0.125,0.05000000074505806
first,0.1382,crop50_jpeg,0.6575000286102295,0.0,0.0
first,0.1382,macro_average,0.7984259327252706,,
first,0.1383,crop50,0.875,0.25,0.13333334028720856
first,0.1383,crop50_blur,0.8627777695655823,0.125,0.05000000074505806
first,0.1383,crop50_jpeg,0.6575000286102295,0.0,0.0
first,0.1383,macro_average,0.7984259327252706,,
first,0.1384,crop50,0.875,0.25,0.13333334028720856
first,0.1384,crop50_blur,0.8627777695655823,0.125,0.05000000074505806
first,0.1384,crop50_jpeg,0.6575000286102295,0.0,0.0
first,0.1384,macro_average,0.7984259327252706,,
first,0.1385,crop50,0.8755555748939514,0.25833332538604736,0.14166666567325592
first,0.1385,crop50_blur,0.8627777695655823,0.125,0.05000000074505806
first,0.1385,crop50_jpeg,0.6575000286102295,0.0,0.0
first,0.1385,macro_average,0.7986111243565878,,
first,0.1386,crop50,0.8755555748939514,0.25833332538604736,0.14166666567325592
first,0.1386,crop50_blur,0.8627777695655823,0.125,0.05000000074505806
first,0.1386,crop50_jpeg,0.6575000286102295,0.0,0.0
first,0.1386,macro_average,0.7986111243565878,,
first,0.1387,crop50,0.8755555748939514,0.25833332538604736,0.14166666567325592
first,0.1387,crop50_blur,0.8627777695655823,0.125,0.05000000074505806
first,0.1387,crop50_jpeg,0.6575000286102295,0.0,0.0
first,0.1387,macro_average,0.7986111243565878,,
first,0.1388,crop50,0.8755555748939514,0.25833332538604736,0.14166666567325592
first,0.1388,crop50_blur,0.8627777695655823,0.125,0.05000000074505806
first,0.1388,crop50_jpeg,0.6575000286102295,0.0,0.0
first,0.1388,macro_average,0.7986111243565878,,
first,0.1389,crop50,0.8755555748939514,0.25833332538604736,0.14166666567325592
first,0.1389,crop50_blur,0.8627777695655823,0.125,0.05000000074505806
first,0.1389,crop50_jpeg,0.6575000286102295,0.0,0.0
first,0.1389,macro_average,0.7986111243565878,,
first,0.13899999999999998,crop50,0.8755555748939514,0.25833332538604736,0.14166666567325592
first,0.13899999999999998,crop50_blur,0.8627777695655823,0.125,0.05000000074505806
first,0.13899999999999998,crop50_jpeg,0.6575000286102295,0.0,0.0
first,0.13899999999999998,macro_average,0.7986111243565878,,
first,0.1391,crop50,0.8791666626930237,0.2666666805744171,0.15000000596046448
first,0.1391,crop50_blur,0.8627777695655823,0.125,0.05000000074505806
first,0.1391,crop50_jpeg,0.6575000286102295,0.0,0.0
first,0.1391,macro_average,0.7998148202896118,,
first,0.1392,crop50,0.8791666626930237,0.2666666805744171,0.15000000596046448
first,0.1392,crop50_blur,0.8627777695655823,0.125,0.05000000074505806
first,0.1392,crop50_jpeg,0.6575000286102295,0.0,0.0
first,0.1392,macro_average,0.7998148202896118,,
first,0.1393,crop50,0.8791666626930237,0.2666666805744171,0.15000000596046448
first,0.1393,crop50_blur,0.8627777695655823,0.125,0.05000000074505806
first,0.1393,crop50_jpeg,0.6575000286102295,0.0,0.0
first,0.1393,macro_average,0.7998148202896118,,
first,0.1394,crop50,0.8791666626930237,0.2666666805744171,0.15000000596046448
first,0.1394,crop50_blur,0.8627777695655823,0.125,0.05000000074505806
first,0.1394,crop50_jpeg,0.6575000286102295,0.0,0.0
first,0.1394,macro_average,0.7998148202896118,,
first,0.13949999999999999,crop50,0.8791666626930237,0.2666666805744171,0.15833333134651184
first,0.13949999999999999,crop50_blur,0.8627777695655823,0.125,0.05000000074505806
first,0.13949999999999999,crop50_jpeg,0.6575000286102295,0.0,0.0
first,0.13949999999999999,macro_average,0.7998148202896118,,
first,0.1396,crop50,0.8791666626930237,0.2666666805744171,0.15833333134651184
first,0.1396,crop50_blur,0.8627777695655823,0.125,0.05000000074505806
first,0.1396,crop50_jpeg,0.6575000286102295,0.0,0.0
first,0.1396,macro_average,0.7998148202896118,,
first,0.1397,crop50,0.8791666626930237,0.2666666805744171,0.15833333134651184
first,0.1397,crop50_blur,0.8627777695655823,0.125,0.05000000074505806
first,0.1397,crop50_jpeg,0.6575000286102295,0.0,0.0
first,0.1397,macro_average,0.7998148202896118,,
first,0.1398,crop50,0.8791666626930237,0.2666666805744171,0.15833333134651184
first,0.1398,crop50_blur,0.8627777695655823,0.125,0.05000000074505806
first,0.1398,crop50_jpeg,0.6575000286102295,0.0,0.0
first,0.1398,macro_average,0.7998148202896118,,
first,0.1399,crop50,0.8791666626930237,0.2666666805744171,0.15833333134651184
first,0.1399,crop50_blur,0.8627777695655823,0.125,0.05000000074505806
first,0.1399,crop50_jpeg,0.6575000286102295,0.0,0.0
first,0.1399,macro_average,0.7998148202896118,,
first,0.13999999999999999,crop50,0.8791666626930237,0.2666666805744171,0.15833333134651184
first,0.13999999999999999,crop50_blur,0.8627777695655823,0.125,0.05000000074505806
first,0.13999999999999999,crop50_jpeg,0.6575000286102295,0.0,0.0
first,0.13999999999999999,macro_average,0.7998148202896118,,
first,0.1401,crop50,0.8791666626930237,0.2666666805744171,0.15833333134651184
first,0.1401,crop50_blur,0.8627777695655823,0.125,0.05833333358168602
first,0.1401,crop50_jpeg,0.6575000286102295,0.0,0.0
first,0.1401,macro_average,0.7998148202896118,,
first,0.1402,crop50,0.8791666626930237,0.2666666805744171,0.15833333134651184
first,0.1402,crop50_blur,0.8627777695655823,0.125,0.05833333358168602
first,0.1402,crop50_jpeg,0.6575000286102295,0.0,0.0
first,0.1402,macro_average,0.7998148202896118,,
first,0.1403,crop50,0.8791666626930237,0.2666666805744171,0.15833333134651184
first,0.1403,crop50_blur,0.8627777695655823,0.125,0.05833333358168602
first,0.1403,crop50_jpeg,0.6575000286102295,0.0,0.0
first,0.1403,macro_average,0.7998148202896118,,
first,0.1404,crop50,0.8849999904632568,0.2666666805744171,0.17499999701976776
first,0.1404,crop50_blur,0.8627777695655823,0.125,0.05833333358168602
first,0.1404,crop50_jpeg,0.6575000286102295,0.0,0.0
first,0.1404,macro_average,0.8017592628796896,,
first,0.14049999999999999,crop50,0.8849999904632568,0.2666666805744171,0.17499999701976776
first,0.14049999999999999,crop50_blur,0.8627777695655823,0.125,0.05833333358168602
first,0.14049999999999999,crop50_jpeg,0.6575000286102295,0.0,0.0
first,0.14049999999999999,macro_average,0.8017592628796896,,
first,0.1406,crop50,0.8849999904632568,0.2666666805744171,0.18333333730697632
first,0.1406,crop50_blur,0.8627777695655823,0.125,0.05833333358168602
first,0.1406,crop50_jpeg,0.6575000286102295,0.0,0.0
first,0.1406,macro_average,0.8017592628796896,,
first,0.1407,crop50,0.8849999904632568,0.2666666805744171,0.19166666269302368
first,0.1407,crop50_blur,0.8627777695655823,0.125,0.05833333358168602
first,0.1407,crop50_jpeg,0.6575000286102295,0.0,0.0
first,0.1407,macro_average,0.8017592628796896,,
first,0.1408,crop50,0.8849999904632568,0.2666666805744171,0.19166666269302368
first,0.1408,crop50_blur,0.8627777695655823,0.125,0.05833333358168602
first,0.1408,crop50_jpeg,0.6575000286102295,0.0,0.0
first,0.1408,macro_average,0.8017592628796896,,
first,0.1409,crop50,0.8847222328186035,0.2666666805744171,0.20000000298023224
first,0.1409,crop50_blur,0.8627777695655823,0.125,0.05833333358168602
first,0.1409,crop50_jpeg,0.6575000286102295,0.0,0.0
first,0.1409,macro_average,0.8016666769981384,,
first,0.141,crop50,0.8847222328186035,0.2666666805744171,0.20000000298023224
first,0.141,crop50_blur,0.8630555272102356,0.13333334028720856,0.06666667014360428
first,0.141,crop50_jpeg,0.6575000286102295,0.0,0.0
first,0.141,macro_average,0.8017592628796896,,
first,0.1411,crop50,0.8847222328186035,0.2666666805744171,0.20000000298023224
first,0.1411,crop50_blur,0.8630555272102356,0.13333334028720856,0.06666667014360428
first,0.1411,crop50_jpeg,0.6575000286102295,0.0,0.0
first,0.1411,macro_average,0.8017592628796896,,
first,0.1412,crop50,0.8847222328186035,0.2666666805744171,0.20000000298023224
first,0.1412,crop50_blur,0.8630555272102356,0.13333334028720856,0.06666667014360428
first,0.1412,crop50_jpeg,0.6575000286102295,0.0,0.0
first,0.1412,macro_average,0.8017592628796896,,
first,0.14129999999999998,crop50,0.8847222328186035,0.2666666805744171,0.20000000298023224
first,0.14129999999999998,crop50_blur,0.8630555272102356,0.13333334028720856,0.06666667014360428
first,0.14129999999999998,crop50_jpeg,0.6575000286102295,0.0,0.0
first,0.14129999999999998,macro_average,0.8017592628796896,,
first,0.1414,crop50,0.8847222328186035,0.2666666805744171,0.20000000298023224
first,0.1414,crop50_blur,0.8630555272102356,0.13333334028720856,0.06666667014360428
first,0.1414,crop50_jpeg,0.6575000286102295,0.0,0.0
first,0.1414,macro_average,0.8017592628796896,,
first,0.1415,crop50,0.8847222328186035,0.2666666805744171,0.20000000298023224
first,0.1415,crop50_blur,0.8630555272102356,0.13333334028720856,0.06666667014360428
first,0.1415,crop50_jpeg,0.6575000286102295,0.0,0.0
first,0.1415,macro_average,0.8017592628796896,,
first,0.1416,crop50,0.8847222328186035,0.2666666805744171,0.20000000298023224
first,0.1416,crop50_blur,0.8630555272102356,0.13333334028720856,0.06666667014360428
first,0.1416,crop50_jpeg,0.6575000286102295,0.0,0.0
first,0.1416,macro_average,0.8017592628796896,,
first,0.1417,crop50,0.8847222328186035,0.2666666805744171,0.20000000298023224
first,0.1417,crop50_blur,0.8630555272102356,0.13333334028720856,0.06666667014360428
first,0.1417,crop50_jpeg,0.6575000286102295,0.0,0.0
first,0.1417,macro_average,0.8017592628796896,,
first,0.14179999999999998,crop50,0.8847222328186035,0.2666666805744171,0.20000000298023224
first,0.14179999999999998,crop50_blur,0.8630555272102356,0.13333334028720856,0.06666667014360428
first,0.14179999999999998,crop50_jpeg,0.6575000286102295,0.0,0.0
first,0.14179999999999998,macro_average,0.8017592628796896,,
first,0.1419,crop50,0.8847222328186035,0.2666666805744171,0.2083333283662796
first,0.1419,crop50_blur,0.8630555272102356,0.13333334028720856,0.06666667014360428
first,0.1419,crop50_jpeg,0.6575000286102295,0.0,0.0
first,0.1419,macro_average,0.8017592628796896,,
first,0.142,crop50,0.8847222328186035,0.2666666805744171,0.2083333283662796
first,0.142,crop50_blur,0.8630555272102356,0.13333334028720856,0.06666667014360428
first,0.142,crop50_jpeg,0.6575000286102295,0.0,0.0
first,0.142,macro_average,0.8017592628796896,,
first,0.1421,crop50,0.8847222328186035,0.2666666805744171,0.2083333283662796
first,0.1421,crop50_blur,0.8630555272102356,0.13333334028720856,0.06666667014360428
first,0.1421,crop50_jpeg,0.6575000286102295,0.0,0.0
first,0.1421,macro_average,0.8017592628796896,,
first,0.1422,crop50,0.8847222328186035,0.2666666805744171,0.2083333283662796
first,0.1422,crop50_blur,0.8630555272102356,0.13333334028720856,0.07500000298023224
first,0.1422,crop50_jpeg,0.6575000286102295,0.0,0.0
first,0.1422,macro_average,0.8017592628796896,,
first,0.14229999999999998,crop50,0.8847222328186035,0.2666666805744171,0.2083333283662796
first,0.14229999999999998,crop50_blur,0.8630555272102356,0.13333334028720856,0.07500000298023224
first,0.14229999999999998,crop50_jpeg,0.6575000286102295,0.0,0.0
first,0.14229999999999998,macro_average,0.8017592628796896,,
first,0.1424,crop50,0.8847222328186035,0.2666666805744171,0.2083333283662796
first,0.1424,crop50_blur,0.8630555272102356,0.13333334028720856,0.07500000298023224
first,0.1424,crop50_jpeg,0.6575000286102295,0.0,0.0
first,0.1424,macro_average,0.8017592628796896,,
first,0.1425,crop50,0.8847222328186035,0.2666666805744171,0.2083333283662796
first,0.1425,crop50_blur,0.8630555272102356,0.13333334028720856,0.07500000298023224
first,0.1425,crop50_jpeg,0.6575000286102295,0.0,0.0
first,0.1425,macro_average,0.8017592628796896,,
first,0.1426,crop50,0.8847222328186035,0.2666666805744171,0.2083333283662796
first,0.1426,crop50_blur,0.8630555272102356,0.13333334028720856,0.07500000298023224
first,0.1426,crop50_jpeg,0.6575000286102295,0.0,0.0
first,0.1426,macro_average,0.8017592628796896,,
first,0.1427,crop50,0.8847222328186035,0.2666666805744171,0.2083333283662796
first,0.1427,crop50_blur,0.8630555272102356,0.13333334028720856,0.07500000298023224
first,0.1427,crop50_jpeg,0.6575000286102295,0.0,0.0
first,0.1427,macro_average,0.8017592628796896,,
first,0.14279999999999998,crop50,0.8844444155693054,0.25833332538604736,0.21666666865348816
first,0.14279999999999998,crop50_blur,0.8630555272102356,0.13333334028720856,0.07500000298023224
first,0.14279999999999998,crop50_jpeg,0.6575000286102295,0.0,0.0
first,0.14279999999999998,macro_average,0.8016666571299235,,
first,0.1429,crop50,0.8844444155693054,0.25833332538604736,0.22499999403953552
first,0.1429,crop50_blur,0.8630555272102356,0.13333334028720856,0.07500000298023224
first,0.1429,crop50_jpeg,0.6575000286102295,0.0,0.0
first,0.1429,macro_average,0.8016666571299235,,
first,0.143,crop50,0.8844444155693054,0.25833332538604736,0.22499999403953552
first,0.143,crop50_blur,0.8627777695655823,0.125,0.0833333358168602
first,0.143,crop50_jpeg,0.6575000286102295,0.0,0.0
first,0.143,macro_average,0.8015740712483724,,
first,0.1431,crop50,0.8844444155693054,0.25833332538604736,0.22499999403953552
first,0.1431,crop50_blur,0.8630555272102356,0.125,0.09166666865348816
first,0.1431,crop50_jpeg,0.6575000286102295,0.0,0.0
first,0.1431,macro_average,0.8016666571299235,,
first,0.1432,crop50,0.8844444155693054,0.25833332538604736,0.22499999403953552
first,0.1432,crop50_blur,0.8630555272102356,0.125,0.10000000149011612
first,0.1432,crop50_jpeg,0.6575000286102295,0.0,0.0
first,0.1432,macro_average,0.8016666571299235,,
first,0.14329999999999998,crop50,0.8844444155693054,0.25833332538604736,0.23333333432674408
first,0.14329999999999998,crop50_blur,0.8630555272102356,0.125,0.10833333432674408
first,0.14329999999999998,crop50_jpeg,0.6575000286102295,0.0,0.0
first,0.14329999999999998,macro_average,0.8016666571299235,,
first,0.1434,crop50,0.8844444155693054,0.25833332538604736,0.23333333432674408
first,0.1434,crop50_blur,0.8630555272102356,0.125,0.10833333432674408
first,0.1434,crop50_jpeg,0.6575000286102295,0.0,0.0
first,0.1434,macro_average,0.8016666571299235,,
first,0.1435,crop50,0.8844444155693054,0.25833332538604736,0.23333333432674408
first,0.1435,crop50_blur,0.8630555272102356,0.125,0.10833333432674408
first,0.1435,crop50_jpeg,0.6575000286102295,0.0,0.0
first,0.1435,macro_average,0.8016666571299235,,
first,0.1436,crop50,0.8844444155693054,0.25833332538604736,0.23333333432674408
first,0.1436,crop50_blur,0.8630555272102356,0.125,0.10833333432674408
first,0.1436,crop50_jpeg,0.6575000286102295,0.0,0.0
first,0.1436,macro_average,0.8016666571299235,,
first,0.1437,crop50,0.8844444155693054,0.25833332538604736,0.23333333432674408
first,0.1437,crop50_blur,0.8630555272102356,0.125,0.10833333432674408
first,0.1437,crop50_jpeg,0.6575000286102295,0.0,0.0
first,0.1437,macro_average,0.8016666571299235,,
first,0.14379999999999998,crop50,0.8844444155693054,0.25833332538604736,0.23333333432674408
first,0.14379999999999998,crop50_blur,0.8630555272102356,0.125,0.11666666716337204
first,0.14379999999999998,crop50_jpeg,0.6575000286102295,0.0,0.0
first,0.14379999999999998,macro_average,0.8016666571299235,,
first,0.1439,crop50,0.8841666579246521,0.25,0.24166665971279144
first,0.1439,crop50_blur,0.8677777647972107,0.125,0.13333334028720856
first,0.1439,crop50_jpeg,0.6575000286102295,0.0,0.0
first,0.1439,macro_average,0.8031481504440308,,
first,0.144,crop50,0.8841666579246521,0.25,0.24166665971279144
first,0.144,crop50_blur,0.8677777647972107,0.125,0.13333334028720856
first,0.144,crop50_jpeg,0.6575000286102295,0.0,0.0
first,0.144,macro_average,0.8031481504440308,,
first,0.1441,crop50,0.8844444155693054,0.25833332538604736,0.2666666805744171
first,0.1441,crop50_blur,0.8677777647972107,0.125,0.13333334028720856
first,0.1441,crop50_jpeg,0.6575000286102295,0.0,0.0
first,0.1441,macro_average,0.8032407363255819,,
first,0.1442,crop50,0.8844444155693054,0.25833332538604736,0.2666666805744171
first,0.1442,crop50_blur,0.8677777647972107,0.125,0.14166666567325592
first,0.1442,crop50_jpeg,0.6575000286102295,0.0,0.0
first,0.1442,macro_average,0.8032407363255819,,
first,0.14429999999999998,crop50,0.8844444155693054,0.25833332538604736,0.2666666805744171
first,0.14429999999999998,crop50_blur,0.8677777647972107,0.125,0.14166666567325592
first,0.14429999999999998,crop50_jpeg,0.6575000286102295,0.0,0.0
first,0.14429999999999998,macro_average,0.8032407363255819,,
first,0.1444,crop50,0.8844444155693054,0.25833332538604736,0.2666666805744171
first,0.1444,crop50_blur,0.8677777647972107,0.125,0.14166666567325592
first,0.1444,crop50_jpeg,0.6575000286102295,0.0,0.0
first,0.1444,macro_average,0.8032407363255819,,
first,0.1445,crop50,0.8844444155693054,0.25833332538604736,0.2666666805744171
first,0.1445,crop50_blur,0.8677777647972107,0.125,0.14166666567325592
first,0.1445,crop50_jpeg,0.6575000286102295,0.0,0.0
first,0.1445,macro_average,0.8032407363255819,,
first,0.1446,crop50,0.8844444155693054,0.25833332538604736,0.2666666805744171
first,0.1446,crop50_blur,0.8677777647972107,0.125,0.14166666567325592
first,0.1446,crop50_jpeg,0.6575000286102295,0.0,0.0
first,0.1446,macro_average,0.8032407363255819,,
first,0.1447,crop50,0.8844444155693054,0.25833332538604736,0.2750000059604645
first,0.1447,crop50_blur,0.8677777647972107,0.125,0.15000000596046448
first,0.1447,crop50_jpeg,0.6575000286102295,0.0,0.0
first,0.1447,macro_average,0.8032407363255819,,
first,0.14479999999999998,crop50,0.8844444155693054,0.25833332538604736,0.28333333134651184
first,0.14479999999999998,crop50_blur,0.8677777647972107,0.125,0.15000000596046448
first,0.14479999999999998,crop50_jpeg,0.6575000286102295,0.0,0.0
first,0.14479999999999998,macro_average,0.8032407363255819,,
first,0.1449,crop50,0.8844444155693054,0.25833332538604736,0.28333333134651184
first,0.1449,crop50_blur,0.8680555820465088,0.13333334028720856,0.15833333134651184
first,0.1449,crop50_jpeg,0.6575000286102295,0.0,0.0
first,0.1449,macro_average,0.8033333420753479,,
first,0.145,crop50,0.8844444155693054,0.25833332538604736,0.28333333134651184
first,0.145,crop50_blur,0.8680555820465088,0.13333334028720856,0.15833333134651184
first,0.145,crop50_jpeg,0.6575000286102295,0.0,0.0
first,0.145,macro_average,0.8033333420753479,,
first,0.1451,crop50,0.8858333230018616,0.25,0.30000001192092896
first,0.1451,crop50_blur,0.8680555820465088,0.13333334028720856,0.15833333134651184
first,0.1451,crop50_jpeg,0.6575000286102295,0.0,0.0
first,0.1451,macro_average,0.8037963112195333,,
first,0.1452,crop50,0.8858333230018616,0.25,0.30000001192092896
first,0.1452,crop50_blur,0.8683333396911621,0.13333334028720856,0.1666666716337204
first,0.1452,crop50_jpeg,0.6575000286102295,0.0,0.0
first,0.1452,macro_average,0.8038888971010844,,
first,0.14529999999999998,crop50,0.8858333230018616,0.25,0.30000001192092896
first,0.14529999999999998,crop50_blur,0.8677777647972107,0.13333334028720856,0.17499999701976776
first,0.14529999999999998,crop50_jpeg,0.6575000286102295,0.0,0.0
first,0.14529999999999998,macro_average,0.8037037054697672,,
first,0.1454,crop50,0.8858333230018616,0.25,0.30000001192092896
first,0.1454,crop50_blur,0.8677777647972107,0.13333334028720856,0.17499999701976776
first,0.1454,crop50_jpeg,0.6575000286102295,0.0,0.0
first,0.1454,macro_average,0.8037037054697672,,
first,0.1455,crop50,0.8858333230018616,0.25,0.30000001192092896
first,0.1455,crop50_blur,0.8686110973358154,0.13333334028720856,0.18333333730697632
first,0.1455,crop50_jpeg,0.6575000286102295,0.0,0.0
first,0.1455,macro_average,0.8039814829826355,,
first,0.1456,crop50,0.8858333230018616,0.25,0.30000001192092896
first,0.1456,crop50_blur,0.8686110973358154,0.13333334028720856,0.18333333730697632
first,0.1456,crop50_jpeg,0.6575000286102295,0.0,0.0
first,0.1456,macro_average,0.8039814829826355,,
first,0.1457,crop50,0.8858333230018616,0.25,0.30000001192092896
first,0.1457,crop50_blur,0.8686110973358154,0.13333334028720856,0.19166666269302368
first,0.1457,crop50_jpeg,0.6575000286102295,0.0,0.0
first,0.1457,macro_average,0.8039814829826355,,
first,0.14579999999999999,crop50,0.8858333230018616,0.25,0.30000001192092896
first,0.14579999999999999,crop50_blur,0.8686110973358154,0.13333334028720856,0.20000000298023224
first,0.14579999999999999,crop50_jpeg,0.6575000286102295,0.0,0.0
first,0.14579999999999999,macro_average,0.8039814829826355,,
first,0.1459,crop50,0.8861111402511597,0.25833332538604736,0.3083333373069763
first,0.1459,crop50_blur,0.8686110973358154,0.13333334028720856,0.20000000298023224
first,0.1459,crop50_jpeg,0.6575000286102295,0.0,0.0
first,0.1459,macro_average,0.8040740887324015,,
first,0.146,crop50,0.8861111402511597,0.25833332538604736,0.3083333373069763
first,0.146,crop50_blur,0.8686110973358154,0.13333334028720856,0.20000000298023224
first,0.146,crop50_jpeg,0.6575000286102295,0.0,0.0
first,0.146,macro_average,0.8040740887324015,,
first,0.1461,crop50,0.8861111402511597,0.25833332538604736,0.3083333373069763
first,0.1461,crop50_blur,0.8686110973358154,0.13333334028720856,0.20000000298023224
first,0.1461,crop50_jpeg,0.6575000286102295,0.0,0.0
first,0.1461,macro_average,0.8040740887324015,,
first,0.1462,crop50,0.8861111402511597,0.25833332538604736,0.3083333373069763
first,0.1462,crop50_blur,0.8686110973358154,0.13333334028720856,0.20000000298023224
first,0.1462,crop50_jpeg,0.6575000286102295,0.0,0.0
first,0.1462,macro_average,0.8040740887324015,,
first,0.14629999999999999,crop50,0.8861111402511597,0.25833332538604736,0.3083333373069763
first,0.14629999999999999,crop50_blur,0.8686110973358154,0.13333334028720856,0.20000000298023224
first,0.14629999999999999,crop50_jpeg,0.6575000286102295,0.0,0.0
first,0.14629999999999999,macro_average,0.8040740887324015,,
first,0.1464,crop50,0.8861111402511597,0.25833332538604736,0.3166666626930237
first,0.1464,crop50_blur,0.8686110973358154,0.13333334028720856,0.20000000298023224
first,0.1464,crop50_jpeg,0.6575000286102295,0.0,0.0
first,0.1464,macro_average,0.8040740887324015,,
first,0.1465,crop50,0.8861111402511597,0.25833332538604736,0.3166666626930237
first,0.1465,crop50_blur,0.8683333396911621,0.13333334028720856,0.2083333283662796
first,0.1465,crop50_jpeg,0.6575000286102295,0.0,0.0
first,0.1465,macro_average,0.8039815028508505,,
first,0.1466,crop50,0.8861111402511597,0.25833332538604736,0.3166666626930237
first,0.1466,crop50_blur,0.8683333396911621,0.13333334028720856,0.2083333283662796
first,0.1466,crop50_jpeg,0.6575000286102295,0.0,0.0
first,0.1466,macro_average,0.8039815028508505,,
first,0.1467,crop50,0.8861111402511597,0.25833332538604736,0.3166666626930237
first,0.1467,crop50_blur,0.8686110973358154,0.13333334028720856,0.21666666865348816
first,0.1467,crop50_jpeg,0.6575000286102295,0.0,0.0
first,0.1467,macro_average,0.8040740887324015,,
first,0.14679999999999999,crop50,0.8861111402511597,0.25833332538604736,0.3166666626930237
first,0.14679999999999999,crop50_blur,0.8700000047683716,0.13333334028720856,0.22499999403953552
first,0.14679999999999999,crop50_jpeg,0.6575000286102295,0.0,0.0
first,0.14679999999999999,macro_average,0.8045370578765869,,
first,0.1469,crop50,0.8861111402511597,0.25833332538604736,0.3166666626930237
first,0.1469,crop50_blur,0.8700000047683716,0.13333334028720856,0.22499999403953552
first,0.1469,crop50_jpeg,0.6575000286102295,0.0,0.0
first,0.1469,macro_average,0.8045370578765869,,
first,0.147,crop50,0.8861111402511597,0.25833332538604736,0.3166666626930237
first,0.147,crop50_blur,0.8700000047683716,0.13333334028720856,0.22499999403953552
first,0.147,crop50_jpeg,0.6575000286102295,0.0,0.0
first,0.147,macro_average,0.8045370578765869,,
first,0.1471,crop50,0.8861111402511597,0.25833332538604736,0.32499998807907104
first,0.1471,crop50_blur,0.8700000047683716,0.13333334028720856,0.22499999403953552
first,0.1471,crop50_jpeg,0.6575000286102295,0.0,0.0
first,0.1471,macro_average,0.8045370578765869,,
first,0.1472,crop50,0.8861111402511597,0.25833332538604736,0.32499998807907104
first,0.1472,crop50_blur,0.8763889074325562,0.13333334028720856,0.23333333432674408
first,0.1472,crop50_jpeg,0.6575000286102295,0.0,0.0
first,0.1472,macro_average,0.8066666920979818,,
first,0.1473,crop50,0.8861111402511597,0.25833332538604736,0.32499998807907104
first,0.1473,crop50_blur,0.8763889074325562,0.13333334028720856,0.23333333432674408
first,0.1473,crop50_jpeg,0.6575000286102295,0.0,0.0
first,0.1473,macro_average,0.8066666920979818,,
first,0.1474,crop50,0.8861111402511597,0.25833332538604736,0.32499998807907104
first,0.1474,crop50_blur,0.8763889074325562,0.13333334028720856,0.23333333432674408
first,0.1474,crop50_jpeg,0.6575000286102295,0.0,0.0
first,0.1474,macro_average,0.8066666920979818,,
first,0.1475,crop50,0.8888888955116272,0.25833332538604736,0.34166666865348816
first,0.1475,crop50_blur,0.8763889074325562,0.13333334028720856,0.23333333432674408
first,0.1475,crop50_jpeg,0.6575000286102295,0.0,0.0
first,0.1475,macro_average,0.8075926105181376,,
first,0.1476,crop50,0.8913888931274414,0.25833332538604736,0.3583333194255829
first,0.1476,crop50_blur,0.8763889074325562,0.13333334028720856,0.23333333432674408
first,0.1476,crop50_jpeg,0.6575000286102295,0.0,0.0
first,0.1476,macro_average,0.8084259430567423,,
first,0.1477,crop50,0.8916666507720947,0.2666666805744171,0.36666667461395264
first,0.1477,crop50_blur,0.8763889074325562,0.13333334028720856,0.23333333432674408
first,0.1477,crop50_jpeg,0.6575000286102295,0.0,0.0
first,0.1477,macro_average,0.8085185289382935,,
first,0.1478,crop50,0.8916666507720947,0.2666666805744171,0.36666667461395264
first,0.1478,crop50_blur,0.8763889074325562,0.13333334028720856,0.23333333432674408
first,0.1478,crop50_jpeg,0.6575000286102295,0.0,0.0
first,0.1478,macro_average,0.8085185289382935,,
first,0.1479,crop50,0.8916666507720947,0.2666666805744171,0.36666667461395264
first,0.1479,crop50_blur,0.8763889074325562,0.13333334028720856,0.23333333432674408
first,0.1479,crop50_jpeg,0.6586111187934875,0.0,0.008333333767950535
first,0.1479,macro_average,0.8088888923327128,,
first,0.148,crop50,0.8916666507720947,0.2666666805744171,0.36666667461395264
first,0.148,crop50_blur,0.8763889074325562,0.13333334028720856,0.23333333432674408
first,0.148,crop50_jpeg,0.6586111187934875,0.0,0.008333333767950535
first,0.148,macro_average,0.8088888923327128,,
first,0.1481,crop50,0.8916666507720947,0.2666666805744171,0.36666667461395264
first,0.1481,crop50_blur,0.8763889074325562,0.13333334028720856,0.23333333432674408
first,0.1481,crop50_jpeg,0.6586111187934875,0.0,0.008333333767950535
first,0.1481,macro_average,0.8088888923327128,,
first,0.1482,crop50,0.8916666507720947,0.2666666805744171,0.36666667461395264
first,0.1482,crop50_blur,0.8763889074325562,0.13333334028720856,0.24166665971279144
first,0.1482,crop50_jpeg,0.6580555438995361,0.0,0.01666666753590107
first,0.1482,macro_average,0.8087037007013956,,
first,0.1483,crop50,0.8913888931274414,0.2666666805744171,0.375
first,0.1483,crop50_blur,0.8763889074325562,0.13333334028720856,0.24166665971279144
first,0.1483,crop50_jpeg,0.6580555438995361,0.0,0.01666666753590107
first,0.1483,macro_average,0.8086111148198446,,
first,0.1484,crop50,0.8913888931274414,0.2666666805744171,0.375
first,0.1484,crop50_blur,0.8761110901832581,0.13333334028720856,0.25
first,0.1484,crop50_jpeg,0.6580555438995361,0.0,0.01666666753590107
first,0.1484,macro_average,0.8085185090700785,,
first,0.1485,crop50,0.8911111354827881,0.25833332538604736,0.38333332538604736
first,0.1485,crop50_blur,0.8774999976158142,0.14166666567325592,0.2666666805744171
first,0.1485,crop50_jpeg,0.6580555438995361,0.0,0.01666666753590107
first,0.1485,macro_average,0.8088888923327128,,
first,0.1486,crop50,0.8911111354827881,0.25833332538604736,0.38333332538604736
first,0.1486,crop50_blur,0.8772222399711609,0.14166666567325592,0.2750000059604645
first,0.1486,crop50_jpeg,0.6580555438995361,0.0,0.01666666753590107
first,0.1486,macro_average,0.8087963064511617,,
first,0.1487,crop50,0.8913888931274414,0.2666666805744171,0.3916666805744171
first,0.1487,crop50_blur,0.8772222399711609,0.14166666567325592,0.2750000059604645
first,0.1487,crop50_jpeg,0.6580555438995361,0.0,0.01666666753590107
first,0.1487,macro_average,0.8088888923327128,,
first,0.1488,crop50,0.8916666507720947,0.2666666805744171,0.40833333134651184
first,0.1488,crop50_blur,0.8772222399711609,0.14166666567325592,0.2750000059604645
first,0.1488,crop50_jpeg,0.6580555438995361,0.0,0.01666666753590107
first,0.1488,macro_average,0.8089814782142639,,
first,0.1489,crop50,0.8916666507720947,0.2666666805744171,0.40833333134651184
first,0.1489,crop50_blur,0.8772222399711609,0.14166666567325592,0.2750000059604645
first,0.1489,crop50_jpeg,0.6580555438995361,0.0,0.01666666753590107
first,0.1489,macro_average,0.8089814782142639,,
first,0.149,crop50,0.8938888907432556,0.2666666805744171,0.4166666567325592
first,0.149,crop50_blur,0.8772222399711609,0.14166666567325592,0.2750000059604645
first,0.149,crop50_jpeg,0.6580555438995361,0.0,0.01666666753590107
first,0.149,macro_average,0.8097222248713175,,
first,0.1491,crop50,0.8938888907432556,0.2666666805744171,0.4166666567325592
first,0.1491,crop50_blur,0.8772222399711609,0.14166666567325592,0.2750000059604645
first,0.1491,crop50_jpeg,0.6580555438995361,0.0,0.01666666753590107
first,0.1491,macro_average,0.8097222248713175,,
first,0.1492,crop50,0.8938888907432556,0.2666666805744171,0.4166666567325592
first,0.1492,crop50_blur,0.8772222399711609,0.14166666567325592,0.2750000059604645
first,0.1492,crop50_jpeg,0.6580555438995361,0.0,0.01666666753590107
first,0.1492,macro_average,0.8097222248713175,,
first,0.1493,crop50,0.8941666483879089,0.2750000059604645,0.42500001192092896
first,0.1493,crop50_blur,0.8772222399711609,0.14166666567325592,0.2750000059604645
first,0.1493,crop50_jpeg,0.6580555438995361,0.0,0.01666666753590107
first,0.1493,macro_average,0.8098148107528687,,
first,0.1494,crop50,0.8941666483879089,0.2750000059604645,0.42500001192092896
first,0.1494,crop50_blur,0.8772222399711609,0.14166666567325592,0.2750000059604645
first,0.1494,crop50_jpeg,0.6580555438995361,0.0,0.01666666753590107
first,0.1494,macro_average,0.8098148107528687,,
first,0.1495,crop50,0.8938888907432556,0.2750000059604645,0.4333333373069763
first,0.1495,crop50_blur,0.8772222399711609,0.14166666567325592,0.2750000059604645
first,0.1495,crop50_jpeg,0.6580555438995361,0.0,0.01666666753590107
first,0.1495,macro_average,0.8097222248713175,,
first,0.1496,crop50,0.8938888907432556,0.2750000059604645,0.4333333373069763
first,0.1496,crop50_blur,0.8772222399711609,0.14166666567325592,0.2750000059604645
first,0.1496,crop50_jpeg,0.6580555438995361,0.0,0.01666666753590107
first,0.1496,macro_average,0.8097222248713175,,
first,0.1497,crop50,0.8938888907432556,0.2750000059604645,0.4333333373069763
first,0.1497,crop50_blur,0.8772222399711609,0.14166666567325592,0.2750000059604645
first,0.1497,crop50_jpeg,0.6580555438995361,0.0,0.01666666753590107
first,0.1497,macro_average,0.8097222248713175,,
first,0.1498,crop50,0.8969444632530212,0.28333333134651184,0.44999998807907104
first,0.1498,crop50_blur,0.8772222399711609,0.14166666567325592,0.2750000059604645
first,0.1498,crop50_jpeg,0.6580555438995361,0.0,0.01666666753590107
first,0.1498,macro_average,0.8107407490412394,,
first,0.1499,crop50,0.8983333110809326,0.28333333134651184,0.4583333432674408
first,0.1499,crop50_blur,0.8772222399711609,0.14166666567325592,0.2750000059604645
first,0.1499,crop50_jpeg,0.6580555438995361,0.0,0.01666666753590107
first,0.1499,macro_average,0.8112036983172098,,
first,0.15,crop50,0.9044444561004639,0.28333333134651184,0.4749999940395355
first,0.15,crop50_blur,0.8772222399711609,0.14166666567325592,0.2750000059604645
first,0.15,crop50_jpeg,0.6580555438995361,0.0,0.01666666753590107
first,0.15,macro_average,0.8132407466570536,,
first,0.1501,crop50,0.9044444561004639,0.28333333134651184,0.4833333194255829
first,0.1501,crop50_blur,0.8774999976158142,0.14166666567325592,0.28333333134651184
first,0.1501,crop50_jpeg,0.6580555438995361,0.0,0.01666666753590107
first,0.1501,macro_average,0.8133333325386047,,
first,0.1502,crop50,0.9044444561004639,0.28333333134651184,0.49166667461395264
first,0.1502,crop50_blur,0.8774999976158142,0.14166666567325592,0.2916666567325592
first,0.1502,crop50_jpeg,0.6580555438995361,0.0,0.01666666753590107
first,0.1502,macro_average,0.8133333325386047,,
first,0.1503,crop50,0.9044444561004639,0.28333333134651184,0.49166667461395264
first,0.1503,crop50_blur,0.8774999976158142,0.14166666567325592,0.2916666567325592
first,0.1503,crop50_jpeg,0.6580555438995361,0.0,0.01666666753590107
first,0.1503,macro_average,0.8133333325386047,,
first,0.1504,crop50,0.9044444561004639,0.28333333134651184,0.49166667461395264
first,0.1504,crop50_blur,0.8774999976158142,0.14166666567325592,0.2916666567325592
first,0.1504,crop50_jpeg,0.6580555438995361,0.0,0.01666666753590107
first,0.1504,macro_average,0.8133333325386047,,
first,0.1505,crop50,0.9044444561004639,0.28333333134651184,0.49166667461395264
first,0.1505,crop50_blur,0.8774999976158142,0.14166666567325592,0.2916666567325592
first,0.1505,crop50_jpeg,0.6561111211776733,0.0,0.02500000037252903
first,0.1505,macro_average,0.8126851916313171,,
first,0.1506,crop50,0.9044444561004639,0.28333333134651184,0.49166667461395264
first,0.1506,crop50_blur,0.8774999976158142,0.14166666567325592,0.30000001192092896
first,0.1506,crop50_jpeg,0.6561111211776733,0.0,0.02500000037252903
first,0.1506,macro_average,0.8126851916313171,,
first,0.1507,crop50,0.9044444561004639,0.28333333134651184,0.49166667461395264
first,0.1507,crop50_blur,0.8774999976158142,0.14166666567325592,0.30000001192092896
first,0.1507,crop50_jpeg,0.6561111211776733,0.0,0.02500000037252903
first,0.1507,macro_average,0.8126851916313171,,
first,0.1508,crop50,0.9044444561004639,0.28333333134651184,0.49166667461395264
first,0.1508,crop50_blur,0.878333330154419,0.14166666567325592,0.3083333373069763
first,0.1508,crop50_jpeg,0.6561111211776733,0.0,0.02500000037252903
first,0.1508,macro_average,0.8129629691441854,,
first,0.1509,crop50,0.9044444561004639,0.28333333134651184,0.49166667461395264
first,0.1509,crop50_blur,0.878333330154419,0.14166666567325592,0.3166666626930237
first,0.1509,crop50_jpeg,0.6561111211776733,0.0,0.02500000037252903
first,0.1509,macro_average,0.8129629691441854,,
first,0.151,crop50,0.9044444561004639,0.28333333134651184,0.5
first,0.151,crop50_blur,0.8786110877990723,0.14166666567325592,0.32499998807907104
first,0.151,crop50_jpeg,0.6561111211776733,0.0,0.02500000037252903
first,0.151,macro_average,0.8130555550257365,,
first,0.1511,crop50,0.9049999713897705,0.28333333134651184,0.5083333253860474
first,0.1511,crop50_blur,0.8786110877990723,0.14166666567325592,0.32499998807907104
first,0.1511,crop50_jpeg,0.6561111211776733,0.0,0.02500000037252903
first,0.1511,macro_average,0.8132407267888387,,
first,0.1512,crop50,0.9049999713897705,0.28333333134651184,0.5083333253860474
first,0.1512,crop50_blur,0.8786110877990723,0.14166666567325592,0.32499998807907104
first,0.1512,crop50_jpeg,0.6561111211776733,0.0,0.02500000037252903
first,0.1512,macro_average,0.8132407267888387,,
first,0.1513,crop50,0.9049999713897705,0.28333333134651184,0.5083333253860474
first,0.1513,crop50_blur,0.8786110877990723,0.14166666567325592,0.32499998807907104
first,0.1513,crop50_jpeg,0.6561111211776733,0.0,0.02500000037252903
first,0.1513,macro_average,0.8132407267888387,,
first,0.1514,crop50,0.9049999713897705,0.28333333134651184,0.5083333253860474
first,0.1514,crop50_blur,0.8811110854148865,0.14166666567325592,0.3333333432674408
first,0.1514,crop50_jpeg,0.6561111211776733,0.0,0.02500000037252903
first,0.1514,macro_average,0.8140740593274435,,
first,0.1515,crop50,0.9049999713897705,0.28333333134651184,0.5083333253860474
first,0.1515,crop50_blur,0.8813889026641846,0.14166666567325592,0.34166666865348816
first,0.1515,crop50_jpeg,0.6561111211776733,0.0,0.02500000037252903
first,0.1515,macro_average,0.8141666650772095,,
first,0.1516,crop50,0.9049999713897705,0.28333333134651184,0.5083333253860474
first,0.1516,crop50_blur,0.8813889026641846,0.14166666567325592,0.3499999940395355
first,0.1516,crop50_jpeg,0.6561111211776733,0.0,0.02500000037252903
first,0.1516,macro_average,0.8141666650772095,,
first,0.1517,crop50,0.9049999713897705,0.28333333134651184,0.5166666507720947
first,0.1517,crop50_blur,0.8813889026641846,0.14166666567325592,0.3499999940395355
first,0.1517,crop50_jpeg,0.6561111211776733,0.0,0.02500000037252903
first,0.1517,macro_average,0.8141666650772095,,
first,0.1518,crop50,0.9077777862548828,0.28333333134651184,0.5249999761581421
first,0.1518,crop50_blur,0.8813889026641846,0.14166666567325592,0.3499999940395355
first,0.1518,crop50_jpeg,0.6561111211776733,0.0,0.02500000037252903
first,0.1518,macro_average,0.8150926033655802,,
first,0.1519,crop50,0.9077777862548828,0.28333333134651184,0.5249999761581421
first,0.1519,crop50_blur,0.8824999928474426,0.15000000596046448,0.3583333194255829
first,0.1519,crop50_jpeg,0.6561111211776733,0.0,0.02500000037252903
first,0.1519,macro_average,0.8154629667599996,,
first,0.152,crop50,0.9088888764381409,0.2916666567325592,0.5333333611488342
first,0.152,crop50_blur,0.8824999928474426,0.15000000596046448,0.375
first,0.152,crop50_jpeg,0.6561111211776733,0.0,0.02500000037252903
first,0.152,macro_average,0.815833330154419,,
first,0.1521,crop50,0.9088888764381409,0.2916666567325592,0.5333333611488342
first,0.1521,crop50_blur,0.8849999904632568,0.15833333134651184,0.3916666805744171
first,0.1521,crop50_jpeg,0.6561111211776733,0.0,0.02500000037252903
first,0.1521,macro_average,0.8166666626930237,,
first,0.1522,crop50,0.9088888764381409,0.2916666567325592,0.5333333611488342
first,0.1522,crop50_blur,0.8849999904632568,0.15833333134651184,0.3916666805744171
first,0.1522,crop50_jpeg,0.6561111211776733,0.0,0.02500000037252903
first,0.1522,macro_average,0.8166666626930237,,
first,0.1523,crop50,0.9088888764381409,0.2916666567325592,0.5333333611488342
first,0.1523,crop50_blur,0.8849999904632568,0.15833333134651184,0.3916666805744171
first,0.1523,crop50_jpeg,0.6561111211776733,0.0,0.02500000037252903
first,0.1523,macro_average,0.8166666626930237,,
first,0.15239999999999998,crop50,0.9094444513320923,0.2916666567325592,0.5416666865348816
first,0.15239999999999998,crop50_blur,0.8849999904632568,0.15833333134651184,0.3916666805744171
first,0.15239999999999998,crop50_jpeg,0.6588888764381409,0.0,0.03333333507180214
first,0.15239999999999998,macro_average,0.8177777727444967,,
first,0.1525,crop50,0.9094444513320923,0.2916666567325592,0.5416666865348816
first,0.1525,crop50_blur,0.8849999904632568,0.15833333134651184,0.3916666805744171
first,0.1525,crop50_jpeg,0.6588888764381409,0.0,0.03333333507180214
first,0.1525,macro_average,0.8177777727444967,,
first,0.1526,crop50,0.9094444513320923,0.2916666567325592,0.5416666865348816
first,0.1526,crop50_blur,0.8849999904632568,0.15833333134651184,0.3916666805744171
first,0.1526,crop50_jpeg,0.6588888764381409,0.0,0.03333333507180214
first,0.1526,macro_average,0.8177777727444967,,
first,0.1527,crop50,0.9094444513320923,0.2916666567325592,0.5416666865348816
first,0.1527,crop50_blur,0.8855555653572083,0.15833333134651184,0.4000000059604645
first,0.1527,crop50_jpeg,0.6588888764381409,0.0,0.03333333507180214
first,0.1527,macro_average,0.8179629643758138,,
first,0.1528,crop50,0.9094444513320923,0.2916666567325592,0.5416666865348816
first,0.1528,crop50_blur,0.8855555653572083,0.15833333134651184,0.4000000059604645
first,0.1528,crop50_jpeg,0.6588888764381409,0.0,0.03333333507180214
first,0.1528,macro_average,0.8179629643758138,,
first,0.15289999999999998,crop50,0.9097222089767456,0.2916666567325592,0.550000011920929
first,0.15289999999999998,crop50_blur,0.8855555653572083,0.15833333134651184,0.4000000059604645
first,0.15289999999999998,crop50_jpeg,0.6588888764381409,0.0,0.03333333507180214
first,0.15289999999999998,macro_average,0.8180555502573649,,
first,0.153,crop50,0.9105555415153503,0.2916666567325592,0.5583333373069763
first,0.153,crop50_blur,0.8858333230018616,0.1666666716337204,0.40833333134651184
first,0.153,crop50_jpeg,0.6588888764381409,0.0,0.03333333507180214
first,0.153,macro_average,0.8184259136517843,,
first,0.1531,crop50,0.9105555415153503,0.2916666567325592,0.5583333373069763
first,0.1531,crop50_blur,0.886388897895813,0.1666666716337204,0.4166666567325592
first,0.1531,crop50_jpeg,0.6588888764381409,0.0,0.03333333507180214
first,0.1531,macro_average,0.8186111052831014,,
first,0.1532,crop50,0.9100000262260437,0.28333333134651184,0.574999988079071
first,0.1532,crop50_blur,0.8869444727897644,0.1666666716337204,0.42500001192092896
first,0.1532,crop50_jpeg,0.6569444537162781,0.0,0.0416666679084301
first,0.1532,macro_average,0.8179629842440287,,
first,0.1533,crop50,0.9100000262260437,0.28333333134651184,0.574999988079071
first,0.1533,crop50_blur,0.8866666555404663,0.1666666716337204,0.4416666626930237
first,0.1533,crop50_jpeg,0.6569444537162781,0.0,0.0416666679084301
first,0.1533,macro_average,0.8178703784942627,,
first,0.15339999999999998,crop50,0.9100000262260437,0.28333333134651184,0.574999988079071
first,0.15339999999999998,crop50_blur,0.8869444727897644,0.17499999701976776,0.44999998807907104
first,0.15339999999999998,crop50_jpeg,0.6547222137451172,0.0,0.05000000074505806
first,0.15339999999999998,macro_average,0.8172222375869751,,
first,0.1535,crop50,0.9108333587646484,0.28333333134651184,0.5916666388511658
first,0.1535,crop50_blur,0.8872222304344177,0.17499999701976776,0.4583333432674408
first,0.1535,crop50_jpeg,0.6547222137451172,0.0,0.05000000074505806
first,0.1535,macro_average,0.8175926009813944,,
first,0.15360000000000001,crop50,0.9108333587646484,0.28333333134651184,0.5916666388511658
first,0.15360000000000001,crop50_blur,0.8872222304344177,0.17499999701976776,0.4583333432674408
first,0.15360000000000001,crop50_jpeg,0.653333306312561,0.0,0.05833333358168602
first,0.15360000000000001,macro_average,0.8171296318372091,,
first,0.1537,crop50,0.9108333587646484,0.28333333134651184,0.5916666388511658
first,0.1537,crop50_blur,0.8872222304344177,0.17499999701976776,0.46666666865348816
first,0.1537,crop50_jpeg,0.653333306312561,0.0,0.05833333358168602
first,0.1537,macro_average,0.8171296318372091,,
first,0.1538,crop50,0.9108333587646484,0.28333333134651184,0.5916666388511658
first,0.1538,crop50_blur,0.887499988079071,0.17499999701976776,0.4833333194255829
first,0.1538,crop50_jpeg,0.653333306312561,0.0,0.05833333358168602
first,0.1538,macro_average,0.8172222177187601,,
first,0.15389999999999998,crop50,0.9108333587646484,0.28333333134651184,0.5916666388511658
first,0.15389999999999998,crop50_blur,0.887499988079071,0.17499999701976776,0.4833333194255829
first,0.15389999999999998,crop50_jpeg,0.653333306312561,0.0,0.05833333358168602
first,0.15389999999999998,macro_average,0.8172222177187601,,
first,0.154,crop50,0.9105555415153503,0.2750000059604645,0.6000000238418579
first,0.154,crop50_blur,0.887499988079071,0.17499999701976776,0.4833333194255829
first,0.154,crop50_jpeg,0.653333306312561,0.0,0.05833333358168602
first,0.154,macro_average,0.8171296119689941,,
first,0.1541,crop50,0.9105555415153503,0.2750000059604645,0.6000000238418579
first,0.1541,crop50_blur,0.8877778053283691,0.17499999701976776,0.49166667461395264
first,0.1541,crop50_jpeg,0.653333306312561,0.0,0.05833333358168602
first,0.1541,macro_average,0.8172222177187601,,
first,0.1542,crop50,0.9105555415153503,0.2750000059604645,0.6000000238418579
first,0.1542,crop50_blur,0.8877778053283691,0.17499999701976776,0.49166667461395264
first,0.1542,crop50_jpeg,0.653333306312561,0.0,0.05833333358168602
first,0.1542,macro_average,0.8172222177187601,,
first,0.1543,crop50,0.9105555415153503,0.2750000059604645,0.6000000238418579
first,0.1543,crop50_blur,0.8894444704055786,0.17499999701976776,0.5
first,0.1543,crop50_jpeg,0.653333306312561,0.0,0.05833333358168602
first,0.1543,macro_average,0.8177777727444967,,
first,0.15439999999999998,crop50,0.9105555415153503,0.2750000059604645,0.6000000238418579
first,0.15439999999999998,crop50_blur,0.8899999856948853,0.17499999701976776,0.5083333253860474
first,0.15439999999999998,crop50_jpeg,0.653333306312561,0.0,0.05833333358168602
first,0.15439999999999998,macro_average,0.8179629445075989,,
first,0.1545,crop50,0.9105555415153503,0.2750000059604645,0.6000000238418579
first,0.1545,crop50_blur,0.8899999856948853,0.17499999701976776,0.5083333253860474
first,0.1545,crop50_jpeg,0.653333306312561,0.0,0.05833333358168602
first,0.1545,macro_average,0.8179629445075989,,
first,0.1546,crop50,0.9111111164093018,0.2750000059604645,0.6166666746139526
first,0.1546,crop50_blur,0.8899999856948853,0.17499999701976776,0.5083333253860474
first,0.1546,crop50_jpeg,0.653333306312561,0.0,0.05833333358168602
first,0.1546,macro_average,0.818148136138916,,
first,0.1547,crop50,0.9111111164093018,0.2750000059604645,0.6166666746139526
first,0.1547,crop50_blur,0.8919444680213928,0.17499999701976776,0.5166666507720947
first,0.1547,crop50_jpeg,0.653333306312561,0.0,0.05833333358168602
first,0.1547,macro_average,0.8187962969144186,,
first,0.1548,crop50,0.9111111164093018,0.2750000059604645,0.6166666746139526
first,0.1548,crop50_blur,0.8922222256660461,0.17499999701976776,0.5249999761581421
first,0.1548,crop50_jpeg,0.653333306312561,0.0,0.05833333358168602
first,0.1548,macro_average,0.8188888827959696,,
first,0.15489999999999998,crop50,0.9111111164093018,0.2750000059604645,0.6166666746139526
first,0.15489999999999998,crop50_blur,0.894444465637207,0.17499999701976776,0.5416666865348816
first,0.15489999999999998,crop50_jpeg,0.653333306312561,0.0,0.05833333358168602
first,0.15489999999999998,macro_average,0.8196296294530233,,
first,0.155,crop50,0.9111111164093018,0.2750000059604645,0.6166666746139526
first,0.155,crop50_blur,0.894444465637207,0.17499999701976776,0.5416666865348816
first,0.155,crop50_jpeg,0.653333306312561,0.0,0.05833333358168602
first,0.155,macro_average,0.8196296294530233,,
first,0.1551,crop50,0.9111111164093018,0.2750000059604645,0.6333333253860474
first,0.1551,crop50_blur,0.894444465637207,0.17499999701976776,0.5416666865348816
first,0.1551,crop50_jpeg,0.653333306312561,0.0,0.05833333358168602
first,0.1551,macro_average,0.8196296294530233,,
first,0.1552,crop50,0.9111111164093018,0.2750000059604645,0.6333333253860474
first,0.1552,crop50_blur,0.894444465637207,0.17499999701976776,0.5416666865348816
first,0.1552,crop50_jpeg,0.653333306312561,0.0,0.05833333358168602
first,0.1552,macro_average,0.8196296294530233,,
first,0.1553,crop50,0.9111111164093018,0.2750000059604645,0.6416666507720947
first,0.1553,crop50_blur,0.8941666483879089,0.17499999701976776,0.550000011920929
first,0.1553,crop50_jpeg,0.653333306312561,0.0,0.05833333358168602
first,0.1553,macro_average,0.8195370237032572,,
first,0.15539999999999998,crop50,0.9122222065925598,0.2750000059604645,0.6499999761581421
first,0.15539999999999998,crop50_blur,0.8941666483879089,0.17499999701976776,0.550000011920929
first,0.15539999999999998,crop50_jpeg,0.653333306312561,0.0,0.05833333358168602
first,0.15539999999999998,macro_average,0.8199073870976766,,
first,0.1555,crop50,0.9116666913032532,0.2750000059604645,0.6583333611488342
first,0.1555,crop50_blur,0.8941666483879089,0.17499999701976776,0.550000011920929
first,0.1555,crop50_jpeg,0.653333306312561,0.0,0.05833333358168602
first,0.1555,macro_average,0.8197222153345743,,
first,0.1556,crop50,0.9116666913032532,0.2750000059604645,0.6583333611488342
first,0.1556,crop50_blur,0.8941666483879089,0.17499999701976776,0.5583333373069763
first,0.1556,crop50_jpeg,0.6544444561004639,0.0,0.06666667014360428
first,0.1556,macro_average,0.8200925985972086,,
first,0.1557,crop50,0.9116666913032532,0.2750000059604645,0.6583333611488342
first,0.1557,crop50_blur,0.8941666483879089,0.17499999701976776,0.5583333373069763
first,0.1557,crop50_jpeg,0.6544444561004639,0.0,0.06666667014360428
first,0.1557,macro_average,0.8200925985972086,,
first,0.1558,crop50,0.9116666913032532,0.2750000059604645,0.6583333611488342
first,0.1558,crop50_blur,0.8949999809265137,0.17499999701976776,0.5666666626930237
first,0.1558,crop50_jpeg,0.6544444561004639,0.0,0.06666667014360428
first,0.1558,macro_average,0.8203703761100769,,
first,0.15589999999999998,crop50,0.9113888740539551,0.2750000059604645,0.6666666865348816
first,0.15589999999999998,crop50_blur,0.8949999809265137,0.17499999701976776,0.5666666626930237
first,0.15589999999999998,crop50_jpeg,0.6544444561004639,0.0,0.06666667014360428
first,0.15589999999999998,macro_average,0.8202777703603109,,
first,0.156,crop50,0.9113888740539551,0.2750000059604645,0.6666666865348816
first,0.156,crop50_blur,0.8949999809265137,0.17499999701976776,0.5666666626930237
first,0.156,crop50_jpeg,0.6544444561004639,0.0,0.06666667014360428
first,0.156,macro_average,0.8202777703603109,,
first,0.1561,crop50,0.9113888740539551,0.2750000059604645,0.6666666865348816
first,0.1561,crop50_blur,0.8949999809265137,0.17499999701976776,0.5666666626930237
first,0.1561,crop50_jpeg,0.6544444561004639,0.0,0.06666667014360428
first,0.1561,macro_average,0.8202777703603109,,
first,0.1562,crop50,0.9138888716697693,0.2750000059604645,0.675000011920929
first,0.1562,crop50_blur,0.8949999809265137,0.17499999701976776,0.5666666626930237
first,0.1562,crop50_jpeg,0.6544444561004639,0.0,0.06666667014360428
first,0.1562,macro_average,0.8211111028989156,,
first,0.1563,crop50,0.9138888716697693,0.2750000059604645,0.675000011920929
first,0.1563,crop50_blur,0.8986111283302307,0.17499999701976776,0.574999988079071
first,0.1563,crop50_jpeg,0.6544444561004639,0.0,0.06666667014360428
first,0.1563,macro_average,0.8223148187001547,,
first,0.15639999999999998,crop50,0.9138888716697693,0.2750000059604645,0.675000011920929
first,0.15639999999999998,crop50_blur,0.8986111283302307,0.17499999701976776,0.574999988079071
first,0.15639999999999998,crop50_jpeg,0.6544444561004639,0.0,0.06666667014360428
first,0.15639999999999998,macro_average,0.8223148187001547,,
first,0.1565,crop50,0.9138888716697693,0.2750000059604645,0.675000011920929
first,0.1565,crop50_blur,0.8986111283302307,0.17499999701976776,0.574999988079071
first,0.1565,crop50_jpeg,0.6544444561004639,0.0,0.06666667014360428
first,0.1565,macro_average,0.8223148187001547,,
first,0.1566,crop50,0.913611114025116,0.2750000059604645,0.6833333373069763
first,0.1566,crop50_blur,0.9002777934074402,0.18333333730697632,0.5833333134651184
first,0.1566,crop50_jpeg,0.6544444561004639,0.0,0.06666667014360428
first,0.1566,macro_average,0.82277778784434,,
first,0.1567,crop50,0.913611114025116,0.2750000059604645,0.6833333373069763
first,0.1567,crop50_blur,0.9002777934074402,0.18333333730697632,0.5833333134651184
first,0.1567,crop50_jpeg,0.6544444561004639,0.0,0.06666667014360428
first,0.1567,macro_average,0.82277778784434,,
first,0.1568,crop50,0.9130555391311646,0.2750000059604645,0.699999988079071
first,0.1568,crop50_blur,0.9011111259460449,0.19166666269302368,0.6000000238418579
first,0.1568,crop50_jpeg,0.6544444561004639,0.0,0.06666667014360428
first,0.1568,macro_average,0.8228703737258911,,
first,0.15689999999999998,crop50,0.9130555391311646,0.2750000059604645,0.699999988079071
first,0.15689999999999998,crop50_blur,0.9011111259460449,0.19166666269302368,0.6083333492279053
first,0.15689999999999998,crop50_jpeg,0.6544444561004639,0.0,0.06666667014360428
first,0.15689999999999998,macro_average,0.8228703737258911,,
first,0.157,crop50,0.9130555391311646,0.2750000059604645,0.699999988079071
first,0.157,crop50_blur,0.9011111259460449,0.19166666269302368,0.6083333492279053
first,0.157,crop50_jpeg,0.6544444561004639,0.0,0.06666667014360428
first,0.157,macro_average,0.8228703737258911,,
first,0.1571,crop50,0.9130555391311646,0.2750000059604645,0.7083333134651184
first,0.1571,crop50_blur,0.9047222137451172,0.19166666269302368,0.6166666746139526
first,0.1571,crop50_jpeg,0.6544444561004639,0.0,0.06666667014360428
first,0.1571,macro_average,0.8240740696589152,,
first,0.1572,crop50,0.9130555391311646,0.2750000059604645,0.7083333134651184
first,0.1572,crop50_blur,0.9047222137451172,0.19166666269302368,0.6166666746139526
first,0.1572,crop50_jpeg,0.6544444561004639,0.0,0.06666667014360428
first,0.1572,macro_average,0.8240740696589152,,
first,0.1573,crop50,0.9130555391311646,0.2750000059604645,0.7083333134651184
first,0.1573,crop50_blur,0.9072222113609314,0.19166666269302368,0.625
first,0.1573,crop50_jpeg,0.6544444561004639,0.0,0.06666667014360428
first,0.1573,macro_average,0.8249074021975199,,
first,0.15739999999999998,crop50,0.914722204208374,0.28333333134651184,0.7250000238418579
first,0.15739999999999998,crop50_blur,0.9072222113609314,0.19166666269302368,0.625
first,0.15739999999999998,crop50_jpeg,0.6544444561004639,0.0,0.06666667014360428
first,0.15739999999999998,macro_average,0.8254629572232565,,
first,0.1575,crop50,0.914722204208374,0.28333333134651184,0.7250000238418579
first,0.1575,crop50_blur,0.9072222113609314,0.19166666269302368,0.625
first,0.1575,crop50_jpeg,0.6544444561004639,0.0,0.06666667014360428
first,0.1575,macro_average,0.8254629572232565,,
first,0.1576,crop50,0.9150000214576721,0.28333333134651184,0.7333333492279053
first,0.1576,crop50_blur,0.9072222113609314,0.19166666269302368,0.625
first,0.1576,crop50_jpeg,0.6544444561004639,0.0,0.06666667014360428
first,0.1576,macro_average,0.8255555629730225,,
first,0.1577,crop50,0.9150000214576721,0.28333333134651184,0.7333333492279053
first,0.1577,crop50_blur,0.9077777862548828,0.19166666269302368,0.6333333253860474
first,0.1577,crop50_jpeg,0.6544444561004639,0.0,0.06666667014360428
first,0.1577,macro_average,0.8257407546043396,,
first,0.1578,crop50,0.9155555367469788,0.28333333134651184,0.7416666746139526
first,0.1578,crop50_blur,0.9077777862548828,0.19166666269302368,0.6333333253860474
first,0.1578,crop50_jpeg,0.6544444561004639,0.0,0.06666667014360428
first,0.1578,macro_average,0.8259259263674418,,
first,0.15789999999999998,crop50,0.9155555367469788,0.28333333134651184,0.7416666746139526
first,0.15789999999999998,crop50_blur,0.9077777862548828,0.19166666269302368,0.6333333253860474
first,0.15789999999999998,crop50_jpeg,0.6544444561004639,0.0,0.06666667014360428
first,0.15789999999999998,macro_average,0.8259259263674418,,
first,0.158,crop50,0.9163888692855835,0.28333333134651184,0.7583333253860474
first,0.158,crop50_blur,0.9077777862548828,0.19166666269302368,0.6333333253860474
first,0.158,crop50_jpeg,0.6544444561004639,0.0,0.06666667014360428
first,0.158,macro_average,0.8262037038803101,,
first,0.1581,crop50,0.9163888692855835,0.28333333134651184,0.7583333253860474
first,0.1581,crop50_blur,0.9077777862548828,0.19166666269302368,0.6333333253860474
first,0.1581,crop50_jpeg,0.6544444561004639,0.0,0.06666667014360428
first,0.1581,macro_average,0.8262037038803101,,
first,0.1582,crop50,0.9161111116409302,0.28333333134651184,0.7666666507720947
first,0.1582,crop50_blur,0.9077777862548828,0.19166666269302368,0.6333333253860474
first,0.1582,crop50_jpeg,0.6544444561004639,0.0,0.06666667014360428
first,0.1582,macro_average,0.8261111179987589,,
first,0.1583,crop50,0.9161111116409302,0.28333333134651184,0.7666666507720947
first,0.1583,crop50_blur,0.9077777862548828,0.19166666269302368,0.6333333253860474
first,0.1583,crop50_jpeg,0.6538888812065125,0.0,0.07500000298023224
first,0.1583,macro_average,0.8259259263674418,,
first,0.15839999999999999,crop50,0.9186111092567444,0.28333333134651184,0.7833333611488342
first,0.15839999999999999,crop50_blur,0.9077777862548828,0.19166666269302368,0.6333333253860474
first,0.15839999999999999,crop50_jpeg,0.6538888812065125,0.0,0.07500000298023224
first,0.15839999999999999,macro_average,0.8267592589060465,,
first,0.1585,crop50,0.9186111092567444,0.28333333134651184,0.7833333611488342
first,0.1585,crop50_blur,0.9077777862548828,0.19166666269302368,0.6333333253860474
first,0.1585,crop50_jpeg,0.6538888812065125,0.0,0.07500000298023224
first,0.1585,macro_average,0.8267592589060465,,
first,0.1586,crop50,0.9186111092567444,0.28333333134651184,0.7833333611488342
first,0.1586,crop50_blur,0.9077777862548828,0.19166666269302368,0.6333333253860474
first,0.1586,crop50_jpeg,0.6538888812065125,0.0,0.07500000298023224
first,0.1586,macro_average,0.8267592589060465,,
first,0.1587,crop50,0.9186111092567444,0.28333333134651184,0.7833333611488342
first,0.1587,crop50_blur,0.9077777862548828,0.19166666269302368,0.6333333253860474
first,0.1587,crop50_jpeg,0.6544444561004639,0.0,0.0833333358168602
first,0.1587,macro_average,0.8269444505373637,,
first,0.1588,crop50,0.9186111092567444,0.28333333134651184,0.7833333611488342
first,0.1588,crop50_blur,0.9077777862548828,0.19166666269302368,0.6333333253860474
first,0.1588,crop50_jpeg,0.6544444561004639,0.0,0.0833333358168602
first,0.1588,macro_average,0.8269444505373637,,
first,0.15889999999999999,crop50,0.9186111092567444,0.28333333134651184,0.7833333611488342
first,0.15889999999999999,crop50_blur,0.9077777862548828,0.19166666269302368,0.6333333253860474
first,0.15889999999999999,crop50_jpeg,0.6544444561004639,0.0,0.0833333358168602
first,0.15889999999999999,macro_average,0.8269444505373637,,
first,0.159,crop50,0.9186111092567444,0.28333333134651184,0.7833333611488342
first,0.159,crop50_blur,0.9077777862548828,0.19166666269302368,0.6333333253860474
first,0.159,crop50_jpeg,0.6544444561004639,0.0,0.0833333358168602
first,0.159,macro_average,0.8269444505373637,,
first,0.1591,crop50,0.9186111092567444,0.28333333134651184,0.7833333611488342
first,0.1591,crop50_blur,0.9077777862548828,0.19166666269302368,0.6333333253860474
first,0.1591,crop50_jpeg,0.6544444561004639,0.0,0.09166666865348816
first,0.1591,macro_average,0.8269444505373637,,
first,0.1592,crop50,0.9197221994400024,0.28333333134651184,0.7916666865348816
first,0.1592,crop50_blur,0.9077777862548828,0.19166666269302368,0.6333333253860474
first,0.1592,crop50_jpeg,0.6544444561004639,0.0,0.09166666865348816
first,0.1592,macro_average,0.8273148139317831,,
first,0.1593,crop50,0.9197221994400024,0.28333333134651184,0.7916666865348816
first,0.1593,crop50_blur,0.9077777862548828,0.19166666269302368,0.6416666507720947
first,0.1593,crop50_jpeg,0.6566666960716248,0.0,0.10000000149011612
first,0.1593,macro_average,0.8280555605888367,,
first,0.1594,crop50,0.9197221994400024,0.28333333134651184,0.800000011920929
first,0.1594,crop50_blur,0.9083333611488342,0.19166666269302368,0.6583333611488342
first,0.1594,crop50_jpeg,0.6566666960716248,0.0,0.10000000149011612
first,0.1594,macro_average,0.8282407522201538,,
first,0.1595,crop50,0.9197221994400024,0.28333333134651184,0.800000011920929
first,0.1595,crop50_blur,0.9083333611488342,0.19166666269302368,0.6583333611488342
first,0.1595,crop50_jpeg,0.6572222113609314,0.0,0.10833333432674408
first,0.1595,macro_average,0.828425923983256,,
first,0.1596,crop50,0.9197221994400024,0.28333333134651184,0.800000011920929
first,0.1596,crop50_blur,0.9083333611488342,0.19166666269302368,0.6583333611488342
first,0.1596,crop50_jpeg,0.6572222113609314,0.0,0.10833333432674408
first,0.1596,macro_average,0.828425923983256,,
first,0.1597,crop50,0.9197221994400024,0.28333333134651184,0.800000011920929
first,0.1597,crop50_blur,0.9083333611488342,0.19166666269302368,0.6583333611488342
first,0.1597,crop50_jpeg,0.6572222113609314,0.0,0.10833333432674408
first,0.1597,macro_average,0.828425923983256,,
first,0.1598,crop50,0.9202777743339539,0.28333333134651184,0.8083333373069763
first,0.1598,crop50_blur,0.909166693687439,0.18333333730697632,0.675000011920929
first,0.1598,crop50_jpeg,0.6572222113609314,0.0,0.10833333432674408
first,0.1598,macro_average,0.8288888931274414,,
first,0.1599,crop50,0.9202777743339539,0.28333333134651184,0.8083333373069763
first,0.1599,crop50_blur,0.9094444513320923,0.19166666269302368,0.6833333373069763
first,0.1599,crop50_jpeg,0.6558333039283752,0.0,0.11666666716337204
first,0.1599,macro_average,0.8285185098648071,,
first,0.16,crop50,0.9202777743339539,0.28333333134651184,0.8083333373069763
first,0.16,crop50_blur,0.9094444513320923,0.19166666269302368,0.6833333373069763
first,0.16,crop50_jpeg,0.6558333039283752,0.0,0.11666666716337204
first,0.16,macro_average,0.8285185098648071,,
first,0.1601,crop50,0.9202777743339539,0.28333333134651184,0.8083333373069763
first,0.1601,crop50_blur,0.9094444513320923,0.19166666269302368,0.6833333373069763
first,0.1601,crop50_jpeg,0.6558333039283752,0.0,0.11666666716337204
first,0.1601,macro_average,0.8285185098648071,,
first,0.1602,crop50,0.9202777743339539,0.28333333134651184,0.8083333373069763
first,0.1602,crop50_blur,0.9094444513320923,0.19166666269302368,0.6833333373069763
first,0.1602,crop50_jpeg,0.6558333039283752,0.0,0.11666666716337204
first,0.1602,macro_average,0.8285185098648071,,
first,0.1603,crop50,0.9202777743339539,0.28333333134651184,0.8083333373069763
first,0.1603,crop50_blur,0.9097222089767456,0.19166666269302368,0.6916666626930237
first,0.1603,crop50_jpeg,0.6558333039283752,0.0,0.11666666716337204
first,0.1603,macro_average,0.8286110957463583,,
first,0.1604,crop50,0.9227777719497681,0.28333333134651184,0.8166666626930237
first,0.1604,crop50_blur,0.910277783870697,0.19166666269302368,0.7083333134651184
first,0.1604,crop50_jpeg,0.6558333039283752,0.0,0.11666666716337204
first,0.1604,macro_average,0.8296296199162801,,
first,0.1605,crop50,0.9233333468437195,0.28333333134651184,0.824999988079071
first,0.1605,crop50_blur,0.9113888740539551,0.19166666269302368,0.7250000238418579
first,0.1605,crop50_jpeg,0.6558333039283752,0.0,0.11666666716337204
first,0.1605,macro_average,0.8301851749420166,,
first,0.1606,crop50,0.9233333468437195,0.28333333134651184,0.824999988079071
first,0.1606,crop50_blur,0.9113888740539551,0.19166666269302368,0.7250000238418579
first,0.1606,crop50_jpeg,0.6558333039283752,0.0,0.11666666716337204
first,0.1606,macro_average,0.8301851749420166,,
first,0.1607,crop50,0.9233333468437195,0.28333333134651184,0.824999988079071
first,0.1607,crop50_blur,0.9113888740539551,0.19166666269302368,0.7250000238418579
first,0.1607,crop50_jpeg,0.6558333039283752,0.0,0.11666666716337204
first,0.1607,macro_average,0.8301851749420166,,
first,0.1608,crop50,0.9233333468437195,0.28333333134651184,0.824999988079071
first,0.1608,crop50_blur,0.9113888740539551,0.19166666269302368,0.7250000238418579
first,0.1608,crop50_jpeg,0.6558333039283752,0.0,0.11666666716337204
first,0.1608,macro_average,0.8301851749420166,,
first,0.1609,crop50,0.9272222518920898,0.28333333134651184,0.8333333134651184
first,0.1609,crop50_blur,0.9155555367469788,0.19166666269302368,0.7333333492279053
first,0.1609,crop50_jpeg,0.6558333039283752,0.0,0.11666666716337204
first,0.1609,macro_average,0.832870364189148,,
first,0.161,crop50,0.9272222518920898,0.28333333134651184,0.8333333134651184
first,0.161,crop50_blur,0.9163888692855835,0.19166666269302368,0.7416666746139526
first,0.161,crop50_jpeg,0.6558333039283752,0.0,0.11666666716337204
first,0.161,macro_average,0.8331481417020162,,
first,0.1611,crop50,0.9272222518920898,0.28333333134651184,0.8333333134651184
first,0.1611,crop50_blur,0.9163888692855835,0.19166666269302368,0.7416666746139526
first,0.1611,crop50_jpeg,0.6558333039283752,0.0,0.11666666716337204
first,0.1611,macro_average,0.8331481417020162,,
first,0.1612,crop50,0.9272222518920898,0.28333333134651184,0.8333333134651184
first,0.1612,crop50_blur,0.9163888692855835,0.19166666269302368,0.7416666746139526
first,0.1612,crop50_jpeg,0.6558333039283752,0.0,0.11666666716337204
first,0.1612,macro_average,0.8331481417020162,,
first,0.1613,crop50,0.9272222518920898,0.28333333134651184,0.8333333134651184
first,0.1613,crop50_blur,0.9163888692855835,0.19166666269302368,0.7416666746139526
first,0.1613,crop50_jpeg,0.6558333039283752,0.0,0.11666666716337204
first,0.1613,macro_average,0.8331481417020162,,
first,0.1614,crop50,0.9272222518920898,0.28333333134651184,0.8333333134651184
first,0.1614,crop50_blur,0.9163888692855835,0.19166666269302368,0.7416666746139526
first,0.1614,crop50_jpeg,0.6566666960716248,0.0,0.125
first,0.1614,macro_average,0.8334259390830994,,
first,0.1615,crop50,0.9272222518920898,0.28333333134651184,0.8333333134651184
first,0.1615,crop50_blur,0.9163888692855835,0.19166666269302368,0.7416666746139526
first,0.1615,crop50_jpeg,0.6566666960716248,0.0,0.13333334028720856
first,0.1615,macro_average,0.8334259390830994,,
first,0.1616,crop50,0.9269444346427917,0.28333333134651184,0.8416666388511658
first,0.1616,crop50_blur,0.9163888692855835,0.19166666269302368,0.7416666746139526
first,0.1616,crop50_jpeg,0.6566666960716248,0.0,0.13333334028720856
first,0.1616,macro_average,0.8333333333333334,,
first,0.1617,crop50,0.9269444346427917,0.28333333134651184,0.8416666388511658
first,0.1617,crop50_blur,0.9163888692855835,0.19166666269302368,0.7416666746139526
first,0.1617,crop50_jpeg,0.6566666960716248,0.0,0.13333334028720856
first,0.1617,macro_average,0.8333333333333334,,
first,0.1618,crop50,0.9272222518920898,0.28333333134651184,0.8500000238418579
first,0.1618,crop50_blur,0.9163888692855835,0.19166666269302368,0.7416666746139526
first,0.1618,crop50_jpeg,0.6566666960716248,0.0,0.13333334028720856
first,0.1618,macro_average,0.8334259390830994,,
first,0.1619,crop50,0.9272222518920898,0.28333333134651184,0.8500000238418579
first,0.1619,crop50_blur,0.9163888692855835,0.19166666269302368,0.7416666746139526
first,0.1619,crop50_jpeg,0.6566666960716248,0.0,0.13333334028720856
first,0.1619,macro_average,0.8334259390830994,,
first,0.162,crop50,0.9272222518920898,0.28333333134651184,0.8500000238418579
first,0.162,crop50_blur,0.9161111116409302,0.18333333730697632,0.7666666507720947
first,0.162,crop50_jpeg,0.6549999713897705,0.0,0.14166666567325592
first,0.162,macro_average,0.8327777783075968,,
first,0.1621,crop50,0.9272222518920898,0.28333333134651184,0.8500000238418579
first,0.1621,crop50_blur,0.9161111116409302,0.18333333730697632,0.7666666507720947
first,0.1621,crop50_jpeg,0.6547222137451172,0.0,0.15000000596046448
first,0.1621,macro_average,0.8326851924260458,,
first,0.1622,crop50,0.9272222518920898,0.28333333134651184,0.8500000238418579
first,0.1622,crop50_blur,0.9161111116409302,0.18333333730697632,0.7666666507720947
first,0.1622,crop50_jpeg,0.6547222137451172,0.0,0.15000000596046448
first,0.1622,macro_average,0.8326851924260458,,
first,0.1623,crop50,0.9272222518920898,0.28333333134651184,0.8500000238418579
first,0.1623,crop50_blur,0.9172222018241882,0.18333333730697632,0.7749999761581421
first,0.1623,crop50_jpeg,0.6547222137451172,0.0,0.15000000596046448
first,0.1623,macro_average,0.8330555558204651,,
first,0.1624,crop50,0.9272222518920898,0.28333333134651184,0.8500000238418579
first,0.1624,crop50_blur,0.918055534362793,0.18333333730697632,0.7916666865348816
first,0.1624,crop50_jpeg,0.6547222137451172,0.0,0.15000000596046448
first,0.1624,macro_average,0.8333333333333334,,
first,0.1625,crop50,0.9272222518920898,0.28333333134651184,0.8500000238418579
first,0.1625,crop50_blur,0.918055534362793,0.18333333730697632,0.7916666865348816
first,0.1625,crop50_jpeg,0.6547222137451172,0.0,0.15000000596046448
first,0.1625,macro_average,0.8333333333333334,,
first,0.1626,crop50,0.9272222518920898,0.28333333134651184,0.8500000238418579
first,0.1626,crop50_blur,0.9177777767181396,0.18333333730697632,0.800000011920929
first,0.1626,crop50_jpeg,0.6538888812065125,0.0,0.15833333134651184
first,0.1626,macro_average,0.8329629699389139,,
first,0.1627,crop50,0.9272222518920898,0.28333333134651184,0.8500000238418579
first,0.1627,crop50_blur,0.9177777767181396,0.18333333730697632,0.800000011920929
first,0.1627,crop50_jpeg,0.6538888812065125,0.0,0.15833333134651184
first,0.1627,macro_average,0.8329629699389139,,
first,0.1628,crop50,0.9272222518920898,0.28333333134651184,0.8500000238418579
first,0.1628,crop50_blur,0.918055534362793,0.18333333730697632,0.8083333373069763
first,0.1628,crop50_jpeg,0.6538888812065125,0.0,0.15833333134651184
first,0.1628,macro_average,0.8330555558204651,,
first,0.1629,crop50,0.9272222518920898,0.28333333134651184,0.8500000238418579
first,0.1629,crop50_blur,0.918055534362793,0.18333333730697632,0.8083333373069763
first,0.1629,crop50_jpeg,0.6538888812065125,0.0,0.15833333134651184
first,0.1629,macro_average,0.8330555558204651,,
first,0.163,crop50,0.9272222518920898,0.28333333134651184,0.8500000238418579
first,0.163,crop50_blur,0.918055534362793,0.18333333730697632,0.8083333373069763
first,0.163,crop50_jpeg,0.6538888812065125,0.0,0.15833333134651184
first,0.163,macro_average,0.8330555558204651,,
first,0.1631,crop50,0.929722249507904,0.28333333134651184,0.8583333492279053
first,0.1631,crop50_blur,0.918055534362793,0.18333333730697632,0.8083333373069763
first,0.1631,crop50_jpeg,0.6538888812065125,0.0,0.1666666716337204
first,0.1631,macro_average,0.8338888883590698,,
first,0.1632,crop50,0.929722249507904,0.28333333134651184,0.8583333492279053
first,0.1632,crop50_blur,0.9211111068725586,0.18333333730697632,0.8166666626930237
first,0.1632,crop50_jpeg,0.6538888812065125,0.0,0.1666666716337204
first,0.1632,macro_average,0.8349074125289917,,
first,0.1633,crop50,0.929722249507904,0.28333333134651184,0.8583333492279053
first,0.1633,crop50_blur,0.9211111068725586,0.18333333730697632,0.824999988079071
first,0.1633,crop50_jpeg,0.6538888812065125,0.0,0.1666666716337204
first,0.1633,macro_average,0.8349074125289917,,
first,0.1634,crop50,0.929722249507904,0.28333333134651184,0.8583333492279053
first,0.1634,crop50_blur,0.9211111068725586,0.18333333730697632,0.824999988079071
first,0.1634,crop50_jpeg,0.6530555486679077,0.0,0.17499999701976776
first,0.1634,macro_average,0.8346296350161234,,
first,0.1635,crop50,0.929722249507904,0.28333333134651184,0.8583333492279053
first,0.1635,crop50_blur,0.9211111068725586,0.18333333730697632,0.824999988079071
first,0.1635,crop50_jpeg,0.6549999713897705,0.0,0.19166666269302368
first,0.1635,macro_average,0.835277775923411,,
first,0.1636,crop50,0.929722249507904,0.28333333134651184,0.8583333492279053
first,0.1636,crop50_blur,0.9211111068725586,0.18333333730697632,0.824999988079071
first,0.1636,crop50_jpeg,0.6549999713897705,0.0,0.19166666269302368
first,0.1636,macro_average,0.835277775923411,,
first,0.1637,crop50,0.9302777647972107,0.28333333134651184,0.8666666746139526
first,0.1637,crop50_blur,0.9211111068725586,0.18333333730697632,0.824999988079071
first,0.1637,crop50_jpeg,0.6549999713897705,0.0,0.19166666269302368
first,0.1637,macro_average,0.8354629476865133,,
first,0.1638,crop50,0.9302777647972107,0.28333333134651184,0.8666666746139526
first,0.1638,crop50_blur,0.9211111068725586,0.18333333730697632,0.824999988079071
first,0.1638,crop50_jpeg,0.6549999713897705,0.0,0.19166666269302368
first,0.1638,macro_average,0.8354629476865133,,
first,0.1639,crop50,0.9302777647972107,0.28333333134651184,0.8666666746139526
first,0.1639,crop50_blur,0.92166668176651,0.18333333730697632,0.8333333134651184
first,0.1639,crop50_jpeg,0.6549999713897705,0.0,0.19166666269302368
first,0.1639,macro_average,0.8356481393178304,,
first,0.164,crop50,0.9302777647972107,0.28333333134651184,0.8666666746139526
first,0.164,crop50_blur,0.92166668176651,0.18333333730697632,0.8333333134651184
first,0.164,crop50_jpeg,0.6549999713897705,0.0,0.20000000298023224
first,0.164,macro_average,0.8356481393178304,,
first,0.1641,crop50,0.9302777647972107,0.28333333134651184,0.8666666746139526
first,0.1641,crop50_blur,0.92166668176651,0.18333333730697632,0.8333333134651184
first,0.1641,crop50_jpeg,0.6549999713897705,0.0,0.20000000298023224
first,0.1641,macro_average,0.8356481393178304,,
first,0.1642,crop50,0.9302777647972107,0.28333333134651184,0.8666666746139526
first,0.1642,crop50_blur,0.9222221970558167,0.18333333730697632,0.8416666388511658
first,0.1642,crop50_jpeg,0.6538888812065125,0.0,0.21666666865348816
first,0.1642,macro_average,0.8354629476865133,,
first,0.1643,crop50,0.9302777647972107,0.28333333134651184,0.8666666746139526
first,0.1643,crop50_blur,0.9222221970558167,0.18333333730697632,0.8416666388511658
first,0.1643,crop50_jpeg,0.6538888812065125,0.0,0.21666666865348816
first,0.1643,macro_average,0.8354629476865133,,
first,0.1644,crop50,0.9313889145851135,0.28333333134651184,0.875
first,0.1644,crop50_blur,0.9222221970558167,0.18333333730697632,0.8416666388511658
first,0.1644,crop50_jpeg,0.6538888812065125,0.0,0.21666666865348816
first,0.1644,macro_average,0.8358333309491476,,
first,0.1645,crop50,0.9313889145851135,0.28333333134651184,0.875
first,0.1645,crop50_blur,0.9227777719497681,0.18333333730697632,0.8500000238418579
first,0.1645,crop50_jpeg,0.6538888812065125,0.0,0.21666666865348816
first,0.1645,macro_average,0.8360185225804647,,
first,0.1646,crop50,0.9319444298744202,0.2916666567325592,0.8833333253860474
first,0.1646,crop50_blur,0.9227777719497681,0.18333333730697632,0.8500000238418579
first,0.1646,crop50_jpeg,0.6538888812065125,0.0,0.21666666865348816
first,0.1646,macro_average,0.8362036943435669,,
first,0.1647,crop50,0.9319444298744202,0.2916666567325592,0.8833333253860474
first,0.1647,crop50_blur,0.9227777719497681,0.18333333730697632,0.8500000238418579
first,0.1647,crop50_jpeg,0.6549999713897705,0.0,0.22499999403953552
first,0.1647,macro_average,0.8365740577379862,,
first,0.1648,crop50,0.9319444298744202,0.2916666567325592,0.8833333253860474
first,0.1648,crop50_blur,0.9230555295944214,0.18333333730697632,0.8583333492279053
first,0.1648,crop50_jpeg,0.6549999713897705,0.0,0.22499999403953552
first,0.1648,macro_average,0.8366666436195374,,
first,0.1649,crop50,0.9319444298744202,0.2916666567325592,0.8833333253860474
first,0.1649,crop50_blur,0.9230555295944214,0.18333333730697632,0.8583333492279053
first,0.1649,crop50_jpeg,0.6549999713897705,0.0,0.22499999403953552
first,0.1649,macro_average,0.8366666436195374,,
first,0.165,crop50,0.9308333396911621,0.2916666567325592,0.8916666507720947
first,0.165,crop50_blur,0.9230555295944214,0.18333333730697632,0.8583333492279053
first,0.165,crop50_jpeg,0.6549999713897705,0.0,0.22499999403953552
first,0.165,macro_average,0.836296280225118,,
first,0.1651,crop50,0.9308333396911621,0.2916666567325592,0.8916666507720947
first,0.1651,crop50_blur,0.9230555295944214,0.18333333730697632,0.8666666746139526
first,0.1651,crop50_jpeg,0.6547222137451172,0.0,0.23333333432674408
first,0.1651,macro_average,0.8362036943435669,,
first,0.1652,crop50,0.9308333396911621,0.2916666567325592,0.8916666507720947
first,0.1652,crop50_blur,0.9230555295944214,0.18333333730697632,0.8666666746139526
first,0.1652,crop50_jpeg,0.6547222137451172,0.0,0.23333333432674408
first,0.1652,macro_average,0.8362036943435669,,
first,0.1653,crop50,0.9308333396911621,0.2916666567325592,0.8916666507720947
first,0.1653,crop50_blur,0.9230555295944214,0.18333333730697632,0.8666666746139526
first,0.1653,crop50_jpeg,0.6547222137451172,0.0,0.23333333432674408
first,0.1653,macro_average,0.8362036943435669,,
first,0.1654,crop50,0.9308333396911621,0.2916666567325592,0.8916666507720947
first,0.1654,crop50_blur,0.925000011920929,0.18333333730697632,0.875
first,0.1654,crop50_jpeg,0.6547222137451172,0.0,0.25
first,0.1654,macro_average,0.8368518551190695,,
first,0.16549999999999998,crop50,0.9308333396911621,0.2916666567325592,0.8916666507720947
first,0.16549999999999998,crop50_blur,0.925000011920929,0.18333333730697632,0.875
first,0.16549999999999998,crop50_jpeg,0.6547222137451172,0.0,0.25
first,0.16549999999999998,macro_average,0.8368518551190695,,
first,0.1656,crop50,0.9308333396911621,0.2916666567325592,0.8916666507720947
first,0.1656,crop50_blur,0.9255555272102356,0.18333333730697632,0.8833333253860474
first,0.1656,crop50_jpeg,0.6552777886390686,0.0,0.25833332538604736
first,0.1656,macro_average,0.8372222185134888,,
first,0.16570000000000001,crop50,0.9308333396911621,0.2916666567325592,0.8916666507720947
first,0.16570000000000001,crop50_blur,0.9255555272102356,0.18333333730697632,0.8833333253860474
first,0.16570000000000001,crop50_jpeg,0.6552777886390686,0.0,0.2666666805744171
first,0.16570000000000001,macro_average,0.8372222185134888,,
first,0.1658,crop50,0.9308333396911621,0.2916666567325592,0.8916666507720947
first,0.1658,crop50_blur,0.9255555272102356,0.18333333730697632,0.8833333253860474
first,0.1658,crop50_jpeg,0.6552777886390686,0.0,0.2666666805744171
first,0.1658,macro_average,0.8372222185134888,,
first,0.1659,crop50,0.9305555820465088,0.2916666567325592,0.8999999761581421
first,0.1659,crop50_blur,0.9255555272102356,0.18333333730697632,0.8833333253860474
first,0.1659,crop50_jpeg,0.6549999713897705,0.0,0.2750000059604645
first,0.1659,macro_average,0.8370370268821716,,
first,0.16599999999999998,crop50,0.9305555820465088,0.2916666567325592,0.8999999761581421
first,0.16599999999999998,crop50_blur,0.9255555272102356,0.18333333730697632,0.8833333253860474
first,0.16599999999999998,crop50_jpeg,0.6549999713897705,0.0,0.2750000059604645
first,0.16599999999999998,macro_average,0.8370370268821716,,
first,0.1661,crop50,0.9305555820465088,0.2916666567325592,0.8999999761581421
first,0.1661,crop50_blur,0.9255555272102356,0.18333333730697632,0.8833333253860474
first,0.1661,crop50_jpeg,0.6549999713897705,0.0,0.2750000059604645
first,0.1661,macro_average,0.8370370268821716,,
first,0.16620000000000001,crop50,0.9350000023841858,0.2916666567325592,0.9083333611488342
first,0.16620000000000001,crop50_blur,0.9255555272102356,0.18333333730697632,0.8833333253860474
first,0.16620000000000001,crop50_jpeg,0.6538888812065125,0.0,0.28333333134651184
first,0.16620000000000001,macro_average,0.8381481369336446,,
first,0.1663,crop50,0.9350000023841858,0.2916666567325592,0.9083333611488342
first,0.1663,crop50_blur,0.9255555272102356,0.18333333730697632,0.8833333253860474
first,0.1663,crop50_jpeg,0.6538888812065125,0.0,0.28333333134651184
first,0.1663,macro_average,0.8381481369336446,,
first,0.1664,crop50,0.9350000023841858,0.2916666567325592,0.9083333611488342
first,0.1664,crop50_blur,0.9255555272102356,0.18333333730697632,0.8833333253860474
first,0.1664,crop50_jpeg,0.6538888812065125,0.0,0.28333333134651184
first,0.1664,macro_average,0.8381481369336446,,
first,0.16649999999999998,crop50,0.9352777600288391,0.2916666567325592,0.9166666865348816
first,0.16649999999999998,crop50_blur,0.9255555272102356,0.18333333730697632,0.8833333253860474
first,0.16649999999999998,crop50_jpeg,0.6541666388511658,0.0,0.2916666567325592
first,0.16649999999999998,macro_average,0.8383333086967468,,
first,0.1666,crop50,0.9352777600288391,0.2916666567325592,0.9166666865348816
first,0.1666,crop50_blur,0.9255555272102356,0.18333333730697632,0.8833333253860474
first,0.1666,crop50_jpeg,0.6541666388511658,0.0,0.2916666567325592
first,0.1666,macro_average,0.8383333086967468,,
first,0.16670000000000001,crop50,0.9352777600288391,0.2916666567325592,0.9166666865348816
first,0.16670000000000001,crop50_blur,0.9269444346427917,0.18333333730697632,0.8916666507720947
first,0.16670000000000001,crop50_jpeg,0.6541666388511658,0.0,0.2916666567325592
first,0.16670000000000001,macro_average,0.8387962778409322,,
first,0.1668,crop50,0.9352777600288391,0.2916666567325592,0.9166666865348816
first,0.1668,crop50_blur,0.9269444346427917,0.18333333730697632,0.8916666507720947
first,0.1668,crop50_jpeg,0.6541666388511658,0.0,0.2916666567325592
first,0.1668,macro_average,0.8387962778409322,,
first,0.1669,crop50,0.9352777600288391,0.2916666567325592,0.9166666865348816
first,0.1669,crop50_blur,0.9269444346427917,0.18333333730697632,0.8916666507720947
first,0.1669,crop50_jpeg,0.6541666388511658,0.0,0.30000001192092896
first,0.1669,macro_average,0.8387962778409322,,
first,0.16699999999999998,crop50,0.9352777600288391,0.2916666567325592,0.9166666865348816
first,0.16699999999999998,crop50_blur,0.9269444346427917,0.18333333730697632,0.8916666507720947
first,0.16699999999999998,crop50_jpeg,0.6541666388511658,0.0,0.30000001192092896
first,0.16699999999999998,macro_average,0.8387962778409322,,
first,0.1671,crop50,0.9352777600288391,0.2916666567325592,0.9166666865348816
first,0.1671,crop50_blur,0.9269444346427917,0.18333333730697632,0.8916666507720947
first,0.1671,crop50_jpeg,0.6541666388511658,0.0,0.30000001192092896
first,0.1671,macro_average,0.8387962778409322,,
first,0.1672,crop50,0.9352777600288391,0.2916666567325592,0.9166666865348816
first,0.1672,crop50_blur,0.9269444346427917,0.18333333730697632,0.8916666507720947
first,0.1672,crop50_jpeg,0.6541666388511658,0.0,0.30000001192092896
first,0.1672,macro_average,0.8387962778409322,,
first,0.1673,crop50,0.9352777600288391,0.2916666567325592,0.9166666865348816
first,0.1673,crop50_blur,0.9269444346427917,0.18333333730697632,0.8916666507720947
first,0.1673,crop50_jpeg,0.6541666388511658,0.0,0.30000001192092896
first,0.1673,macro_average,0.8387962778409322,,
first,0.1674,crop50,0.9352777600288391,0.2916666567325592,0.9166666865348816
first,0.1674,crop50_blur,0.9269444346427917,0.18333333730697632,0.8916666507720947
first,0.1674,crop50_jpeg,0.6541666388511658,0.0,0.30000001192092896
first,0.1674,macro_average,0.8387962778409322,,
first,0.16749999999999998,crop50,0.9352777600288391,0.2916666567325592,0.9166666865348816
first,0.16749999999999998,crop50_blur,0.9269444346427917,0.18333333730697632,0.8916666507720947
first,0.16749999999999998,crop50_jpeg,0.6566666960716248,0.0,0.3166666626930237
first,0.16749999999999998,macro_average,0.8396296302477518,,
first,0.1676,crop50,0.9352777600288391,0.2916666567325592,0.9166666865348816
first,0.1676,crop50_blur,0.9269444346427917,0.18333333730697632,0.8916666507720947
first,0.1676,crop50_jpeg,0.6566666960716248,0.0,0.3166666626930237
first,0.1676,macro_average,0.8396296302477518,,
first,0.1677,crop50,0.9352777600288391,0.2916666567325592,0.9166666865348816
first,0.1677,crop50_blur,0.9269444346427917,0.18333333730697632,0.8916666507720947
first,0.1677,crop50_jpeg,0.6566666960716248,0.0,0.3166666626930237
first,0.1677,macro_average,0.8396296302477518,,
first,0.1678,crop50,0.9352777600288391,0.2916666567325592,0.9166666865348816
first,0.1678,crop50_blur,0.9269444346427917,0.18333333730697632,0.8916666507720947
first,0.1678,crop50_jpeg,0.6563888788223267,0.0,0.32499998807907104
first,0.1678,macro_average,0.8395370244979858,,
first,0.1679,crop50,0.9352777600288391,0.2916666567325592,0.9166666865348816
first,0.1679,crop50_blur,0.9269444346427917,0.18333333730697632,0.8916666507720947
first,0.1679,crop50_jpeg,0.6552777886390686,0.0,0.3333333432674408
first,0.1679,macro_average,0.8391666611035665,,
first,0.16799999999999998,crop50,0.9352777600288391,0.2916666567325592,0.9166666865348816
first,0.16799999999999998,crop50_blur,0.9269444346427917,0.18333333730697632,0.8916666507720947
first,0.16799999999999998,crop50_jpeg,0.6552777886390686,0.0,0.3333333432674408
first,0.16799999999999998,macro_average,0.8391666611035665,,
first,0.1681,crop50,0.9352777600288391,0.2916666567325592,0.9166666865348816
first,0.1681,crop50_blur,0.9269444346427917,0.18333333730697632,0.8916666507720947
first,0.1681,crop50_jpeg,0.6552777886390686,0.0,0.3333333432674408
first,0.1681,macro_average,0.8391666611035665,,
first,0.1682,crop50,0.9352777600288391,0.2916666567325592,0.9166666865348816
first,0.1682,crop50_blur,0.9269444346427917,0.18333333730697632,0.8916666507720947
first,0.1682,crop50_jpeg,0.6552777886390686,0.0,0.3333333432674408
first,0.1682,macro_average,0.8391666611035665,,
first,0.1683,crop50,0.9352777600288391,0.2916666567325592,0.9166666865348816
first,0.1683,crop50_blur,0.9275000095367432,0.18333333730697632,0.8999999761581421
first,0.1683,crop50_jpeg,0.6552777886390686,0.0,0.3333333432674408
first,0.1683,macro_average,0.8393518527348837,,
first,0.1684,crop50,0.9355555772781372,0.2916666567325592,0.925000011920929
first,0.1684,crop50_blur,0.9275000095367432,0.18333333730697632,0.8999999761581421
first,0.1684,crop50_jpeg,0.6552777886390686,0.0,0.3333333432674408
first,0.1684,macro_average,0.8394444584846497,,
first,0.16849999999999998,crop50,0.9355555772781372,0.2916666567325592,0.925000011920929
first,0.16849999999999998,crop50_blur,0.9275000095367432,0.18333333730697632,0.8999999761581421
first,0.16849999999999998,crop50_jpeg,0.6552777886390686,0.0,0.3333333432674408
first,0.16849999999999998,macro_average,0.8394444584846497,,
first,0.1686,crop50,0.9388889074325562,0.30000001192092896,0.9416666626930237
first,0.1686,crop50_blur,0.9275000095367432,0.18333333730697632,0.8999999761581421
first,0.1686,crop50_jpeg,0.6552777886390686,0.0,0.3333333432674408
first,0.1686,macro_average,0.8405555685361227,,
first,0.1687,crop50,0.9388889074325562,0.30000001192092896,0.9416666626930237
first,0.1687,crop50_blur,0.9275000095367432,0.18333333730697632,0.8999999761581421
first,0.1687,crop50_jpeg,0.6552777886390686,0.0,0.3333333432674408
first,0.1687,macro_average,0.8405555685361227,,
first,0.1688,crop50,0.9388889074325562,0.30000001192092896,0.9416666626930237
first,0.1688,crop50_blur,0.9275000095367432,0.18333333730697632,0.8999999761581421
first,0.1688,crop50_jpeg,0.6552777886390686,0.0,0.3333333432674408
first,0.1688,macro_average,0.8405555685361227,,
first,0.1689,crop50,0.9388889074325562,0.30000001192092896,0.9416666626930237
first,0.1689,crop50_blur,0.9275000095367432,0.18333333730697632,0.8999999761581421
first,0.1689,crop50_jpeg,0.6552777886390686,0.0,0.34166666865348816
first,0.1689,macro_average,0.8405555685361227,,
first,0.16899999999999998,crop50,0.9388889074325562,0.30000001192092896,0.9416666626930237
first,0.16899999999999998,crop50_blur,0.9275000095367432,0.18333333730697632,0.8999999761581421
first,0.16899999999999998,crop50_jpeg,0.6538888812065125,0.0,0.3499999940395355
first,0.16899999999999998,macro_average,0.8400925993919373,,
first,0.1691,crop50,0.9388889074325562,0.30000001192092896,0.9416666626930237
first,0.1691,crop50_blur,0.9275000095367432,0.18333333730697632,0.8999999761581421
first,0.1691,crop50_jpeg,0.6538888812065125,0.0,0.3499999940395355
first,0.1691,macro_average,0.8400925993919373,,
first,0.1692,crop50,0.9388889074325562,0.30000001192092896,0.949999988079071
first,0.1692,crop50_blur,0.9275000095367432,0.18333333730697632,0.8999999761581421
first,0.1692,crop50_jpeg,0.6538888812065125,0.0,0.3499999940395355
first,0.1692,macro_average,0.8400925993919373,,
first,0.1693,crop50,0.9391666650772095,0.30000001192092896,0.9583333134651184
first,0.1693,crop50_blur,0.9275000095367432,0.18333333730697632,0.8999999761581421
first,0.1693,crop50_jpeg,0.6538888812065125,0.0,0.3499999940395355
first,0.1693,macro_average,0.8401851852734884,,
first,0.1694,crop50,0.9391666650772095,0.30000001192092896,0.9583333134651184
first,0.1694,crop50_blur,0.9275000095367432,0.18333333730697632,0.8999999761581421
first,0.1694,crop50_jpeg,0.6538888812065125,0.0,0.3499999940395355
first,0.1694,macro_average,0.8401851852734884,,
first,0.16949999999999998,crop50,0.9397222399711609,0.30000001192092896,0.9666666388511658
first,0.16949999999999998,crop50_blur,0.9275000095367432,0.18333333730697632,0.8999999761581421
first,0.16949999999999998,crop50_jpeg,0.6538888812065125,0.0,0.3499999940395355
first,0.16949999999999998,macro_average,0.8403703769048055,,
first,0.1696,crop50,0.9397222399711609,0.30000001192092896,0.9666666388511658
first,0.1696,crop50_blur,0.9275000095367432,0.18333333730697632,0.8999999761581421
first,0.1696,crop50_jpeg,0.6538888812065125,0.0,0.3499999940395355
first,0.1696,macro_average,0.8403703769048055,,
first,0.1697,crop50,0.9397222399711609,0.30000001192092896,0.9666666388511658
first,0.1697,crop50_blur,0.9275000095367432,0.18333333730697632,0.8999999761581421
first,0.1697,crop50_jpeg,0.6538888812065125,0.0,0.3583333194255829
first,0.1697,macro_average,0.8403703769048055,,
first,0.1698,crop50,0.9397222399711609,0.30000001192092896,0.9666666388511658
first,0.1698,crop50_blur,0.9275000095367432,0.18333333730697632,0.8999999761581421
first,0.1698,crop50_jpeg,0.6538888812065125,0.0,0.3583333194255829
first,0.1698,macro_average,0.8403703769048055,,
first,0.1699,crop50,0.9397222399711609,0.30000001192092896,0.9666666388511658
first,0.1699,crop50_blur,0.9275000095367432,0.18333333730697632,0.8999999761581421
first,0.1699,crop50_jpeg,0.6530555486679077,0.0,0.36666667461395264
first,0.1699,macro_average,0.8400925993919373,,
first,0.16999999999999998,crop50,0.9397222399711609,0.30000001192092896,0.9666666388511658
first,0.16999999999999998,crop50_blur,0.9275000095367432,0.18333333730697632,0.8999999761581421
first,0.16999999999999998,crop50_jpeg,0.6530555486679077,0.0,0.36666667461395264
first,0.16999999999999998,macro_average,0.8400925993919373,,
first,0.1701,crop50,0.9397222399711609,0.30000001192092896,0.9666666388511658
first,0.1701,crop50_blur,0.9275000095367432,0.18333333730697632,0.8999999761581421
first,0.1701,crop50_jpeg,0.6530555486679077,0.0,0.36666667461395264
first,0.1701,macro_average,0.8400925993919373,,
first,0.1702,crop50,0.9397222399711609,0.30000001192092896,0.9666666388511658
first,0.1702,crop50_blur,0.9275000095367432,0.18333333730697632,0.8999999761581421
first,0.1702,crop50_jpeg,0.6538888812065125,0.0,0.375
first,0.1702,macro_average,0.8403703769048055,,
first,0.1703,crop50,0.9397222399711609,0.30000001192092896,0.9666666388511658
first,0.1703,crop50_blur,0.9275000095367432,0.18333333730697632,0.8999999761581421
first,0.1703,crop50_jpeg,0.6538888812065125,0.0,0.375
first,0.1703,macro_average,0.8403703769048055,,
first,0.1704,crop50,0.9397222399711609,0.30000001192092896,0.9666666388511658
first,0.1704,crop50_blur,0.9275000095367432,0.18333333730697632,0.8999999761581421
first,0.1704,crop50_jpeg,0.6538888812065125,0.0,0.375
first,0.1704,macro_average,0.8403703769048055,,
first,0.17049999999999998,crop50,0.9397222399711609,0.30000001192092896,0.9666666388511658
first,0.17049999999999998,crop50_blur,0.9275000095367432,0.18333333730697632,0.8999999761581421
first,0.17049999999999998,crop50_jpeg,0.6538888812065125,0.0,0.375
first,0.17049999999999998,macro_average,0.8403703769048055,,
first,0.1706,crop50,0.9397222399711609,0.30000001192092896,0.9666666388511658
first,0.1706,crop50_blur,0.9275000095367432,0.18333333730697632,0.8999999761581421
first,0.1706,crop50_jpeg,0.6538888812065125,0.0,0.375
first,0.1706,macro_average,0.8403703769048055,,
first,0.1707,crop50,0.9397222399711609,0.30000001192092896,0.9666666388511658
first,0.1707,crop50_blur,0.9275000095367432,0.18333333730697632,0.8999999761581421
first,0.1707,crop50_jpeg,0.6538888812065125,0.0,0.375
first,0.1707,macro_average,0.8403703769048055,,
first,0.1708,crop50,0.9399999976158142,0.30000001192092896,0.9750000238418579
first,0.1708,crop50_blur,0.9280555844306946,0.18333333730697632,0.9166666865348816
first,0.1708,crop50_jpeg,0.6536111235618591,0.0,0.38333332538604736
first,0.1708,macro_average,0.8405555685361227,,
first,0.1709,crop50,0.9399999976158142,0.30000001192092896,0.9750000238418579
first,0.1709,crop50_blur,0.9280555844306946,0.18333333730697632,0.9166666865348816
first,0.1709,crop50_jpeg,0.6536111235618591,0.0,0.38333332538604736
first,0.1709,macro_average,0.8405555685361227,,
first,0.17099999999999999,crop50,0.9399999976158142,0.30000001192092896,0.9750000238418579
first,0.17099999999999999,crop50_blur,0.9280555844306946,0.18333333730697632,0.9166666865348816
first,0.17099999999999999,crop50_jpeg,0.6536111235618591,0.0,0.38333332538604736
first,0.17099999999999999,macro_average,0.8405555685361227,,
first,0.1711,crop50,0.9399999976158142,0.30000001192092896,0.9750000238418579
first,0.1711,crop50_blur,0.9280555844306946,0.18333333730697632,0.9166666865348816
first,0.1711,crop50_jpeg,0.6536111235618591,0.0,0.38333332538604736
first,0.1711,macro_average,0.8405555685361227,,
first,0.1712,crop50,0.9399999976158142,0.30000001192092896,0.9750000238418579
first,0.1712,crop50_blur,0.9280555844306946,0.18333333730697632,0.9166666865348816
first,0.1712,crop50_jpeg,0.6536111235618591,0.0,0.38333332538604736
first,0.1712,macro_average,0.8405555685361227,,
first,0.1713,crop50,0.9399999976158142,0.30000001192092896,0.9750000238418579
first,0.1713,crop50_blur,0.9280555844306946,0.18333333730697632,0.9166666865348816
first,0.1713,crop50_jpeg,0.6536111235618591,0.0,0.38333332538604736
first,0.1713,macro_average,0.8405555685361227,,
first,0.1714,crop50,0.9399999976158142,0.30000001192092896,0.9750000238418579
first,0.1714,crop50_blur,0.929444432258606,0.18333333730697632,0.925000011920929
first,0.1714,crop50_jpeg,0.6536111235618591,0.0,0.38333332538604736
first,0.1714,macro_average,0.8410185178120931,,
first,0.17149999999999999,crop50,0.9399999976158142,0.30000001192092896,0.9750000238418579
first,0.17149999999999999,crop50_blur,0.929444432258606,0.18333333730697632,0.925000011920929
first,0.17149999999999999,crop50_jpeg,0.6536111235618591,0.0,0.38333332538604736
first,0.17149999999999999,macro_average,0.8410185178120931,,
first,0.1716,crop50,0.9399999976158142,0.30000001192092896,0.9750000238418579
first,0.1716,crop50_blur,0.929444432258606,0.18333333730697632,0.925000011920929
first,0.1716,crop50_jpeg,0.6536111235618591,0.0,0.38333332538604736
first,0.1716,macro_average,0.8410185178120931,,
first,0.1717,crop50,0.9399999976158142,0.30000001192092896,0.9750000238418579
first,0.1717,crop50_blur,0.9291666746139526,0.18333333730697632,0.9333333373069763
first,0.1717,crop50_jpeg,0.652222216129303,0.0,0.4000000059604645
first,0.1717,macro_average,0.8404629627863566,,
first,0.1718,crop50,0.9399999976158142,0.30000001192092896,0.9750000238418579
first,0.1718,crop50_blur,0.9313889145851135,0.18333333730697632,0.9416666626930237
first,0.1718,crop50_jpeg,0.652222216129303,0.0,0.4000000059604645
first,0.1718,macro_average,0.8412037094434103,,
first,0.1719,crop50,0.9399999976158142,0.30000001192092896,0.9750000238418579
first,0.1719,crop50_blur,0.9313889145851135,0.18333333730697632,0.9416666626930237
first,0.1719,crop50_jpeg,0.6508333086967468,0.0,0.4166666567325592
first,0.1719,macro_average,0.8407407402992249,,
first,0.172,crop50,0.9399999976158142,0.30000001192092896,0.9750000238418579
first,0.172,crop50_blur,0.9313889145851135,0.18333333730697632,0.9416666626930237
first,0.172,crop50_jpeg,0.6508333086967468,0.0,0.4166666567325592
first,0.172,macro_average,0.8407407402992249,,
first,0.1721,crop50,0.9399999976158142,0.30000001192092896,0.9750000238418579
first,0.1721,crop50_blur,0.9313889145851135,0.18333333730697632,0.9416666626930237
first,0.1721,crop50_jpeg,0.6505555510520935,0.0,0.42500001192092896
first,0.1721,macro_average,0.8406481544176737,,
first,0.1722,crop50,0.9399999976158142,0.30000001192092896,0.9750000238418579
first,0.1722,crop50_blur,0.9313889145851135,0.18333333730697632,0.9416666626930237
first,0.1722,crop50_jpeg,0.6505555510520935,0.0,0.42500001192092896
first,0.1722,macro_average,0.8406481544176737,,
first,0.1723,crop50,0.9416666626930237,0.30000001192092896,0.9833333492279053
first,0.1723,crop50_blur,0.9313889145851135,0.18333333730697632,0.9416666626930237
first,0.1723,crop50_jpeg,0.6505555510520935,0.0,0.42500001192092896
first,0.1723,macro_average,0.8412037094434103,,
first,0.1724,crop50,0.9416666626930237,0.30000001192092896,0.9833333492279053
first,0.1724,crop50_blur,0.9322222471237183,0.18333333730697632,0.949999988079071
first,0.1724,crop50_jpeg,0.6505555510520935,0.0,0.42500001192092896
first,0.1724,macro_average,0.8414814869562784,,
first,0.1725,crop50,0.9416666626930237,0.30000001192092896,0.9833333492279053
first,0.1725,crop50_blur,0.9322222471237183,0.18333333730697632,0.949999988079071
first,0.1725,crop50_jpeg,0.6499999761581421,0.0,0.4333333373069763
first,0.1725,macro_average,0.8412962953249613,,
first,0.1726,crop50,0.9416666626930237,0.30000001192092896,0.9833333492279053
first,0.1726,crop50_blur,0.9322222471237183,0.18333333730697632,0.949999988079071
first,0.1726,crop50_jpeg,0.6505555510520935,0.0,0.4416666626930237
first,0.1726,macro_average,0.8414814869562784,,
first,0.1727,crop50,0.9416666626930237,0.30000001192092896,0.9833333492279053
first,0.1727,crop50_blur,0.9319444298744202,0.18333333730697632,0.9583333134651184
first,0.1727,crop50_jpeg,0.6505555510520935,0.0,0.4416666626930237
first,0.1727,macro_average,0.8413888812065125,,
first,0.1728,crop50,0.9416666626930237,0.30000001192092896,0.9833333492279053
first,0.1728,crop50_blur,0.9319444298744202,0.18333333730697632,0.9666666388511658
first,0.1728,crop50_jpeg,0.6505555510520935,0.0,0.4416666626930237
first,0.1728,macro_average,0.8413888812065125,,
first,0.1729,crop50,0.9416666626930237,0.30000001192092896,0.9833333492279053
first,0.1729,crop50_blur,0.9319444298744202,0.18333333730697632,0.9666666388511658
first,0.1729,crop50_jpeg,0.6505555510520935,0.0,0.4416666626930237
first,0.1729,macro_average,0.8413888812065125,,
first,0.173,crop50,0.9416666626930237,0.30000001192092896,0.9833333492279053
first,0.173,crop50_blur,0.9319444298744202,0.18333333730697632,0.9666666388511658
first,0.173,crop50_jpeg,0.6505555510520935,0.0,0.4416666626930237
first,0.173,macro_average,0.8413888812065125,,
first,0.1731,crop50,0.9416666626930237,0.30000001192092896,0.9833333492279053
first,0.1731,crop50_blur,0.9319444298744202,0.18333333730697632,0.9666666388511658
first,0.1731,crop50_jpeg,0.6499999761581421,0.0,0.44999998807907104
first,0.1731,macro_average,0.8412036895751953,,
first,0.1732,crop50,0.9416666626930237,0.30000001192092896,0.9833333492279053
first,0.1732,crop50_blur,0.9319444298744202,0.18333333730697632,0.9750000238418579
first,0.1732,crop50_jpeg,0.6499999761581421,0.0,0.44999998807907104
first,0.1732,macro_average,0.8412036895751953,,
first,0.1733,crop50,0.9416666626930237,0.30000001192092896,0.9833333492279053
first,0.1733,crop50_blur,0.9319444298744202,0.18333333730697632,0.9750000238418579
first,0.1733,crop50_jpeg,0.6499999761581421,0.0,0.44999998807907104
first,0.1733,macro_average,0.8412036895751953,,
first,0.1734,crop50,0.9422222375869751,0.30000001192092896,0.9916666746139526
first,0.1734,crop50_blur,0.9319444298744202,0.18333333730697632,0.9750000238418579
first,0.1734,crop50_jpeg,0.6499999761581421,0.0,0.44999998807907104
first,0.1734,macro_average,0.8413888812065125,,
first,0.1735,crop50,0.9422222375869751,0.30000001192092896,0.9916666746139526
first,0.1735,crop50_blur,0.9319444298744202,0.18333333730697632,0.9750000238418579
first,0.1735,crop50_jpeg,0.6499999761581421,0.0,0.44999998807907104
first,0.1735,macro_average,0.8413888812065125,,
first,0.1736,crop50,0.9422222375869751,0.30000001192092896,0.9916666746139526
first,0.1736,crop50_blur,0.9319444298744202,0.18333333730697632,0.9750000238418579
first,0.1736,crop50_jpeg,0.6499999761581421,0.0,0.46666666865348816
first,0.1736,macro_average,0.8413888812065125,,
first,0.1737,crop50,0.9422222375869751,0.30000001192092896,0.9916666746139526
first,0.1737,crop50_blur,0.9319444298744202,0.18333333730697632,0.9750000238418579
first,0.1737,crop50_jpeg,0.6499999761581421,0.0,0.46666666865348816
first,0.1737,macro_average,0.8413888812065125,,
first,0.1738,crop50,0.9422222375869751,0.30000001192092896,0.9916666746139526
first,0.1738,crop50_blur,0.9319444298744202,0.18333333730697632,0.9750000238418579
first,0.1738,crop50_jpeg,0.6499999761581421,0.0,0.46666666865348816
first,0.1738,macro_average,0.8413888812065125,,
first,0.1739,crop50,0.9422222375869751,0.30000001192092896,0.9916666746139526
first,0.1739,crop50_blur,0.9319444298744202,0.18333333730697632,0.9750000238418579
first,0.1739,crop50_jpeg,0.6499999761581421,0.0,0.46666666865348816
first,0.1739,macro_average,0.8413888812065125,,
first,0.174,crop50,0.9422222375869751,0.30000001192092896,0.9916666746139526
first,0.174,crop50_blur,0.9319444298744202,0.18333333730697632,0.9750000238418579
first,0.174,crop50_jpeg,0.6511111259460449,0.0,0.4749999940395355
first,0.174,macro_average,0.8417592644691467,,
first,0.1741,crop50,0.9422222375869751,0.30000001192092896,0.9916666746139526
first,0.1741,crop50_blur,0.9319444298744202,0.18333333730697632,0.9750000238418579
first,0.1741,crop50_jpeg,0.6511111259460449,0.0,0.4749999940395355
first,0.1741,macro_average,0.8417592644691467,,
first,0.1742,crop50,0.9422222375869751,0.30000001192092896,0.9916666746139526
first,0.1742,crop50_blur,0.9319444298744202,0.18333333730697632,0.9750000238418579
first,0.1742,crop50_jpeg,0.6511111259460449,0.0,0.4833333194255829
first,0.1742,macro_average,0.8417592644691467,,
first,0.1743,crop50,0.9422222375869751,0.30000001192092896,0.9916666746139526
first,0.1743,crop50_blur,0.9319444298744202,0.18333333730697632,0.9750000238418579
first,0.1743,crop50_jpeg,0.6505555510520935,0.0,0.49166667461395264
first,0.1743,macro_average,0.8415740728378296,,
first,0.1744,crop50,0.9422222375869751,0.30000001192092896,0.9916666746139526
first,0.1744,crop50_blur,0.9319444298744202,0.18333333730697632,0.9750000238418579
first,0.1744,crop50_jpeg,0.6508333086967468,0.0,0.5
first,0.1744,macro_average,0.8416666587193807,,
first,0.1745,crop50,0.9422222375869751,0.30000001192092896,0.9916666746139526
first,0.1745,crop50_blur,0.929444432258606,0.18333333730697632,0.9833333492279053
first,0.1745,crop50_jpeg,0.6508333086967468,0.0,0.5
first,0.1745,macro_average,0.840833326180776,,
first,0.1746,crop50,0.9422222375869751,0.30000001192092896,0.9916666746139526
first,0.1746,crop50_blur,0.929444432258606,0.18333333730697632,0.9833333492279053
first,0.1746,crop50_jpeg,0.6508333086967468,0.0,0.5
first,0.1746,macro_average,0.840833326180776,,
first,0.1747,crop50,0.9422222375869751,0.30000001192092896,0.9916666746139526
first,0.1747,crop50_blur,0.929444432258606,0.18333333730697632,0.9833333492279053
first,0.1747,crop50_jpeg,0.6508333086967468,0.0,0.5
first,0.1747,macro_average,0.840833326180776,,
first,0.1748,crop50,0.9422222375869751,0.30000001192092896,0.9916666746139526
first,0.1748,crop50_blur,0.929444432258606,0.18333333730697632,0.9833333492279053
first,0.1748,crop50_jpeg,0.6508333086967468,0.0,0.5
first,0.1748,macro_average,0.840833326180776,,
first,0.1749,crop50,0.9422222375869751,0.30000001192092896,0.9916666746139526
first,0.1749,crop50_blur,0.929444432258606,0.18333333730697632,0.9833333492279053
first,0.1749,crop50_jpeg,0.6505555510520935,0.0,0.5083333253860474
first,0.1749,macro_average,0.8407407402992249,,
first,0.175,crop50,0.9422222375869751,0.30000001192092896,0.9916666746139526
first,0.175,crop50_blur,0.929444432258606,0.18333333730697632,0.9833333492279053
first,0.175,crop50_jpeg,0.6505555510520935,0.0,0.5083333253860474
first,0.175,macro_average,0.8407407402992249,,
first,0.1751,crop50,0.9422222375869751,0.30000001192092896,0.9916666746139526
first,0.1751,crop50_blur,0.929444432258606,0.18333333730697632,0.9833333492279053
first,0.1751,crop50_jpeg,0.6505555510520935,0.0,0.5083333253860474
first,0.1751,macro_average,0.8407407402992249,,
first,0.1752,crop50,0.9422222375869751,0.30000001192092896,0.9916666746139526
first,0.1752,crop50_blur,0.929444432258606,0.18333333730697632,0.9833333492279053
first,0.1752,crop50_jpeg,0.6466666460037231,0.0,0.5166666507720947
first,0.1752,macro_average,0.8394444386164347,,
first,0.1753,crop50,0.9422222375869751,0.30000001192092896,0.9916666746139526
first,0.1753,crop50_blur,0.929444432258606,0.18333333730697632,0.9833333492279053
first,0.1753,crop50_jpeg,0.6461111307144165,0.0,0.5249999761581421
first,0.1753,macro_average,0.8392592668533325,,
first,0.1754,crop50,0.9422222375869751,0.30000001192092896,0.9916666746139526
first,0.1754,crop50_blur,0.929444432258606,0.18333333730697632,0.9833333492279053
first,0.1754,crop50_jpeg,0.6472222208976746,0.0,0.5333333611488342
first,0.1754,macro_average,0.8396296302477518,,
first,0.1755,crop50,0.9422222375869751,0.30000001192092896,0.9916666746139526
first,0.1755,crop50_blur,0.929444432258606,0.18333333730697632,0.9833333492279053
first,0.1755,crop50_jpeg,0.6472222208976746,0.0,0.5333333611488342
first,0.1755,macro_average,0.8396296302477518,,
first,0.1756,crop50,0.9422222375869751,0.30000001192092896,0.9916666746139526
first,0.1756,crop50_blur,0.929444432258606,0.18333333730697632,0.9833333492279053
first,0.1756,crop50_jpeg,0.6472222208976746,0.0,0.5333333611488342
first,0.1756,macro_average,0.8396296302477518,,
first,0.1757,crop50,0.9422222375869751,0.30000001192092896,0.9916666746139526
first,0.1757,crop50_blur,0.929444432258606,0.18333333730697632,0.9833333492279053
first,0.1757,crop50_jpeg,0.6472222208976746,0.0,0.5333333611488342
first,0.1757,macro_average,0.8396296302477518,,
first,0.1758,crop50,0.9422222375869751,0.30000001192092896,0.9916666746139526
first,0.1758,crop50_blur,0.929444432258606,0.18333333730697632,0.9833333492279053
first,0.1758,crop50_jpeg,0.6472222208976746,0.0,0.5333333611488342
first,0.1758,macro_average,0.8396296302477518,,
first,0.1759,crop50,0.9422222375869751,0.30000001192092896,0.9916666746139526
first,0.1759,crop50_blur,0.929444432258606,0.18333333730697632,0.9833333492279053
first,0.1759,crop50_jpeg,0.6461111307144165,0.0,0.5416666865348816
first,0.1759,macro_average,0.8392592668533325,,
first,0.176,crop50,0.9422222375869751,0.30000001192092896,0.9916666746139526
first,0.176,crop50_blur,0.929444432258606,0.18333333730697632,0.9833333492279053
first,0.176,crop50_jpeg,0.6452777981758118,0.0,0.550000011920929
first,0.176,macro_average,0.8389814893404642,,
first,0.1761,crop50,0.9422222375869751,0.30000001192092896,0.9916666746139526
first,0.1761,crop50_blur,0.929444432258606,0.18333333730697632,0.9833333492279053
first,0.1761,crop50_jpeg,0.6452777981758118,0.0,0.550000011920929
first,0.1761,macro_average,0.8389814893404642,,
first,0.1762,crop50,0.9422222375869751,0.30000001192092896,0.9916666746139526
first,0.1762,crop50_blur,0.929444432258606,0.18333333730697632,0.9833333492279053
first,0.1762,crop50_jpeg,0.6452777981758118,0.0,0.550000011920929
first,0.1762,macro_average,0.8389814893404642,,
first,0.1763,crop50,0.9422222375869751,0.30000001192092896,0.9916666746139526
first,0.1763,crop50_blur,0.929444432258606,0.18333333730697632,0.9833333492279053
first,0.1763,crop50_jpeg,0.6452777981758118,0.0,0.550000011920929
first,0.1763,macro_average,0.8389814893404642,,
first,0.1764,crop50,0.9422222375869751,0.30000001192092896,0.9916666746139526
first,0.1764,crop50_blur,0.929444432258606,0.18333333730697632,0.9833333492279053
first,0.1764,crop50_jpeg,0.6452777981758118,0.0,0.550000011920929
first,0.1764,macro_average,0.8389814893404642,,
first,0.1765,crop50,0.9422222375869751,0.30000001192092896,0.9916666746139526
first,0.1765,crop50_blur,0.929444432258606,0.18333333730697632,0.9833333492279053
first,0.1765,crop50_jpeg,0.6469444632530212,0.0,0.5583333373069763
first,0.1765,macro_average,0.8395370443662008,,
first,0.1766,crop50,0.9422222375869751,0.30000001192092896,0.9916666746139526
first,0.1766,crop50_blur,0.929444432258606,0.18333333730697632,0.9833333492279053
first,0.1766,crop50_jpeg,0.6469444632530212,0.0,0.5583333373069763
first,0.1766,macro_average,0.8395370443662008,,
first,0.1767,crop50,0.9422222375869751,0.30000001192092896,0.9916666746139526
first,0.1767,crop50_blur,0.929444432258606,0.18333333730697632,0.9833333492279053
first,0.1767,crop50_jpeg,0.6469444632530212,0.0,0.5583333373069763
first,0.1767,macro_average,0.8395370443662008,,
first,0.1768,crop50,0.9422222375869751,0.30000001192092896,0.9916666746139526
first,0.1768,crop50_blur,0.929444432258606,0.18333333730697632,0.9833333492279053
first,0.1768,crop50_jpeg,0.6469444632530212,0.0,0.5583333373069763
first,0.1768,macro_average,0.8395370443662008,,
first,0.1769,crop50,0.9422222375869751,0.30000001192092896,0.9916666746139526
first,0.1769,crop50_blur,0.929444432258606,0.18333333730697632,0.9833333492279053
first,0.1769,crop50_jpeg,0.6469444632530212,0.0,0.5583333373069763
first,0.1769,macro_average,0.8395370443662008,,
first,0.177,crop50,0.9422222375869751,0.30000001192092896,0.9916666746139526
first,0.177,crop50_blur,0.929444432258606,0.18333333730697632,0.9833333492279053
first,0.177,crop50_jpeg,0.6469444632530212,0.0,0.5583333373069763
first,0.177,macro_average,0.8395370443662008,,
first,0.1771,crop50,0.9422222375869751,0.30000001192092896,0.9916666746139526
first,0.1771,crop50_blur,0.929444432258606,0.18333333730697632,0.9833333492279053
first,0.1771,crop50_jpeg,0.6469444632530212,0.0,0.5583333373069763
first,0.1771,macro_average,0.8395370443662008,,
first,0.1772,crop50,0.9422222375869751,0.30000001192092896,0.9916666746139526
first,0.1772,crop50_blur,0.929444432258606,0.18333333730697632,0.9833333492279053
first,0.1772,crop50_jpeg,0.6469444632530212,0.0,0.5583333373069763
first,0.1772,macro_average,0.8395370443662008,,
first,0.1773,crop50,0.9422222375869751,0.30000001192092896,0.9916666746139526
first,0.1773,crop50_blur,0.929444432258606,0.18333333730697632,0.9833333492279053
first,0.1773,crop50_jpeg,0.6469444632530212,0.0,0.574999988079071
first,0.1773,macro_average,0.8395370443662008,,
first,0.1774,crop50,0.9422222375869751,0.30000001192092896,0.9916666746139526
first,0.1774,crop50_blur,0.929444432258606,0.18333333730697632,0.9833333492279053
first,0.1774,crop50_jpeg,0.6480555534362793,0.0,0.5833333134651184
first,0.1774,macro_average,0.8399074077606201,,
first,0.1775,crop50,0.9422222375869751,0.30000001192092896,0.9916666746139526
first,0.1775,crop50_blur,0.929444432258606,0.18333333730697632,0.9833333492279053
first,0.1775,crop50_jpeg,0.6472222208976746,0.0,0.5916666388511658
first,0.1775,macro_average,0.8396296302477518,,
first,0.1776,crop50,0.9422222375869751,0.30000001192092896,0.9916666746139526
first,0.1776,crop50_blur,0.9316666722297668,0.18333333730697632,0.9916666746139526
first,0.1776,crop50_jpeg,0.6480555534362793,0.0,0.6000000238418579
first,0.1776,macro_average,0.8406481544176737,,
first,0.1777,crop50,0.9422222375869751,0.30000001192092896,0.9916666746139526
first,0.1777,crop50_blur,0.9316666722297668,0.18333333730697632,0.9916666746139526
first,0.1777,crop50_jpeg,0.6480555534362793,0.0,0.6000000238418579
first,0.1777,macro_average,0.8406481544176737,,
first,0.1778,crop50,0.9422222375869751,0.30000001192092896,0.9916666746139526
first,0.1778,crop50_blur,0.9316666722297668,0.18333333730697632,0.9916666746139526
first,0.1778,crop50_jpeg,0.6480555534362793,0.0,0.6000000238418579
first,0.1778,macro_average,0.8406481544176737,,
first,0.1779,crop50,0.9422222375869751,0.30000001192092896,0.9916666746139526
first,0.1779,crop50_blur,0.9316666722297668,0.18333333730697632,0.9916666746139526
first,0.1779,crop50_jpeg,0.6480555534362793,0.0,0.6000000238418579
first,0.1779,macro_average,0.8406481544176737,,
first,0.178,crop50,0.9422222375869751,0.30000001192092896,0.9916666746139526
first,0.178,crop50_blur,0.9316666722297668,0.18333333730697632,0.9916666746139526
first,0.178,crop50_jpeg,0.6480555534362793,0.0,0.6000000238418579
first,0.178,macro_average,0.8406481544176737,,
first,0.1781,crop50,0.9422222375869751,0.30000001192092896,0.9916666746139526
first,0.1781,crop50_blur,0.9316666722297668,0.18333333730697632,0.9916666746139526
first,0.1781,crop50_jpeg,0.6480555534362793,0.0,0.6000000238418579
first,0.1781,macro_average,0.8406481544176737,,
first,0.1782,crop50,0.9422222375869751,0.30000001192092896,0.9916666746139526
first,0.1782,crop50_blur,0.9316666722297668,0.18333333730697632,0.9916666746139526
first,0.1782,crop50_jpeg,0.6480555534362793,0.0,0.6000000238418579
first,0.1782,macro_average,0.8406481544176737,,
first,0.17830000000000001,crop50,0.9422222375869751,0.30000001192092896,0.9916666746139526
first,0.17830000000000001,crop50_blur,0.9316666722297668,0.18333333730697632,0.9916666746139526
first,0.17830000000000001,crop50_jpeg,0.6480555534362793,0.0,0.6083333492279053
first,0.17830000000000001,macro_average,0.8406481544176737,,
first,0.1784,crop50,0.9422222375869751,0.30000001192092896,0.9916666746139526
first,0.1784,crop50_blur,0.9316666722297668,0.18333333730697632,0.9916666746139526
first,0.1784,crop50_jpeg,0.6474999785423279,0.0,0.6166666746139526
first,0.1784,macro_average,0.8404629627863566,,
first,0.1785,crop50,0.9422222375869751,0.30000001192092896,0.9916666746139526
first,0.1785,crop50_blur,0.9316666722297668,0.18333333730697632,0.9916666746139526
first,0.1785,crop50_jpeg,0.6474999785423279,0.0,0.6166666746139526
first,0.1785,macro_average,0.8404629627863566,,
first,0.1786,crop50,0.9422222375869751,0.30000001192092896,0.9916666746139526
first,0.1786,crop50_blur,0.9316666722297668,0.18333333730697632,0.9916666746139526
first,0.1786,crop50_jpeg,0.6474999785423279,0.0,0.6166666746139526
first,0.1786,macro_average,0.8404629627863566,,
first,0.1787,crop50,0.9422222375869751,0.30000001192092896,0.9916666746139526
first,0.1787,crop50_blur,0.9316666722297668,0.18333333730697632,0.9916666746139526
first,0.1787,crop50_jpeg,0.6474999785423279,0.0,0.6166666746139526
first,0.1787,macro_average,0.8404629627863566,,
first,0.17880000000000001,crop50,0.9422222375869751,0.30000001192092896,0.9916666746139526
first,0.17880000000000001,crop50_blur,0.9322222471237183,0.18333333730697632,1.0
first,0.17880000000000001,crop50_jpeg,0.6483333110809326,0.0,0.625
first,0.17880000000000001,macro_average,0.840925931930542,,
first,0.1789,crop50,0.9422222375869751,0.30000001192092896,0.9916666746139526
first,0.1789,crop50_blur,0.9322222471237183,0.18333333730697632,1.0
first,0.1789,crop50_jpeg,0.6480555534362793,0.0,0.6333333253860474
first,0.1789,macro_average,0.8408333460489908,,
first,0.179,crop50,0.9422222375869751,0.30000001192092896,0.9916666746139526
first,0.179,crop50_blur,0.9322222471237183,0.18333333730697632,1.0
first,0.179,crop50_jpeg,0.6480555534362793,0.0,0.6333333253860474
first,0.179,macro_average,0.8408333460489908,,
first,0.17909999999999998,crop50,0.9422222375869751,0.30000001192092896,0.9916666746139526
first,0.17909999999999998,crop50_blur,0.9322222471237183,0.18333333730697632,1.0
first,0.17909999999999998,crop50_jpeg,0.6480555534362793,0.0,0.6416666507720947
first,0.17909999999999998,macro_average,0.8408333460489908,,
first,0.1792,crop50,0.9422222375869751,0.30000001192092896,0.9916666746139526
first,0.1792,crop50_blur,0.9322222471237183,0.18333333730697632,1.0
first,0.1792,crop50_jpeg,0.6480555534362793,0.0,0.6416666507720947
first,0.1792,macro_average,0.8408333460489908,,
first,0.17930000000000001,crop50,0.9422222375869751,0.30000001192092896,0.9916666746139526
first,0.17930000000000001,crop50_blur,0.9322222471237183,0.18333333730697632,1.0
first,0.17930000000000001,crop50_jpeg,0.6480555534362793,0.0,0.6416666507720947
first,0.17930000000000001,macro_average,0.8408333460489908,,
first,0.1794,crop50,0.9422222375869751,0.30000001192092896,0.9916666746139526
first,0.1794,crop50_blur,0.9322222471237183,0.18333333730697632,1.0
first,0.1794,crop50_jpeg,0.6480555534362793,0.0,0.6416666507720947
first,0.1794,macro_average,0.8408333460489908,,
first,0.1795,crop50,0.9422222375869751,0.30000001192092896,0.9916666746139526
first,0.1795,crop50_blur,0.9322222471237183,0.18333333730697632,1.0
first,0.1795,crop50_jpeg,0.647777795791626,0.0,0.6499999761581421
first,0.1795,macro_average,0.8407407601674398,,
first,0.17959999999999998,crop50,0.9422222375869751,0.30000001192092896,0.9916666746139526
first,0.17959999999999998,crop50_blur,0.9322222471237183,0.18333333730697632,1.0
first,0.17959999999999998,crop50_jpeg,0.647777795791626,0.0,0.6583333611488342
first,0.17959999999999998,macro_average,0.8407407601674398,,
first,0.1797,crop50,0.9422222375869751,0.30000001192092896,0.9916666746139526
first,0.1797,crop50_blur,0.9322222471237183,0.18333333730697632,1.0
first,0.1797,crop50_jpeg,0.6474999785423279,0.0,0.6666666865348816
first,0.1797,macro_average,0.8406481544176737,,
first,0.17980000000000002,crop50,0.9422222375869751,0.30000001192092896,0.9916666746139526
first,0.17980000000000002,crop50_blur,0.9322222471237183,0.18333333730697632,1.0
first,0.17980000000000002,crop50_jpeg,0.6474999785423279,0.0,0.6666666865348816
first,0.17980000000000002,macro_average,0.8406481544176737,,
first,0.1799,crop50,0.9422222375869751,0.30000001192092896,0.9916666746139526
first,0.1799,crop50_blur,0.9322222471237183,0.18333333730697632,1.0
first,0.1799,crop50_jpeg,0.6474999785423279,0.0,0.6666666865348816
first,0.1799,macro_average,0.8406481544176737,,
first,0.18,crop50,0.9422222375869751,0.30000001192092896,0.9916666746139526
first,0.18,crop50_blur,0.9322222471237183,0.18333333730697632,1.0
first,0.18,crop50_jpeg,0.6474999785423279,0.0,0.6666666865348816
first,0.18,macro_average,0.8406481544176737,,
first,0.18009999999999998,crop50,0.9422222375869751,0.30000001192092896,0.9916666746139526
first,0.18009999999999998,crop50_blur,0.9322222471237183,0.18333333730697632,1.0
first,0.18009999999999998,crop50_jpeg,0.6474999785423279,0.0,0.6666666865348816
first,0.18009999999999998,macro_average,0.8406481544176737,,
first,0.1802,crop50,0.9422222375869751,0.30000001192092896,0.9916666746139526
first,0.1802,crop50_blur,0.9322222471237183,0.18333333730697632,1.0
first,0.1802,crop50_jpeg,0.6458333134651184,0.0,0.6833333373069763
first,0.1802,macro_average,0.8400925993919373,,
first,0.1803,crop50,0.9422222375869751,0.30000001192092896,0.9916666746139526
first,0.1803,crop50_blur,0.9322222471237183,0.18333333730697632,1.0
first,0.1803,crop50_jpeg,0.6458333134651184,0.0,0.6833333373069763
first,0.1803,macro_average,0.8400925993919373,,
first,0.1804,crop50,0.9422222375869751,0.30000001192092896,0.9916666746139526
first,0.1804,crop50_blur,0.9322222471237183,0.18333333730697632,1.0
first,0.1804,crop50_jpeg,0.6458333134651184,0.0,0.6916666626930237
first,0.1804,macro_average,0.8400925993919373,,
first,0.1805,crop50,0.9422222375869751,0.30000001192092896,0.9916666746139526
first,0.1805,crop50_blur,0.9322222471237183,0.18333333730697632,1.0
first,0.1805,crop50_jpeg,0.6458333134651184,0.0,0.6916666626930237
first,0.1805,macro_average,0.8400925993919373,,
first,0.18059999999999998,crop50,0.9422222375869751,0.30000001192092896,0.9916666746139526
first,0.18059999999999998,crop50_blur,0.9322222471237183,0.18333333730697632,1.0
first,0.18059999999999998,crop50_jpeg,0.6458333134651184,0.0,0.6916666626930237
first,0.18059999999999998,macro_average,0.8400925993919373,,
first,0.1807,crop50,0.9422222375869751,0.30000001192092896,0.9916666746139526
first,0.1807,crop50_blur,0.9322222471237183,0.18333333730697632,1.0
first,0.1807,crop50_jpeg,0.6463888883590698,0.0,0.7083333134651184
first,0.1807,macro_average,0.8402777910232544,,
first,0.1808,crop50,0.9422222375869751,0.30000001192092896,0.9916666746139526
first,0.1808,crop50_blur,0.9322222471237183,0.18333333730697632,1.0
first,0.1808,crop50_jpeg,0.6463888883590698,0.0,0.7083333134651184
first,0.1808,macro_average,0.8402777910232544,,
first,0.1809,crop50,0.9422222375869751,0.30000001192092896,0.9916666746139526
first,0.1809,crop50_blur,0.9322222471237183,0.18333333730697632,1.0
first,0.1809,crop50_jpeg,0.6455555558204651,0.0,0.7250000238418579
first,0.1809,macro_average,0.8400000135103861,,
first,0.181,crop50,0.9422222375869751,0.30000001192092896,0.9916666746139526
first,0.181,crop50_blur,0.9322222471237183,0.18333333730697632,1.0
first,0.181,crop50_jpeg,0.6455555558204651,0.0,0.7250000238418579
first,0.181,macro_average,0.8400000135103861,,
first,0.18109999999999998,crop50,0.9422222375869751,0.30000001192092896,0.9916666746139526
first,0.18109999999999998,crop50_blur,0.9322222471237183,0.18333333730697632,1.0
first,0.18109999999999998,crop50_jpeg,0.6455555558204651,0.0,0.7250000238418579
first,0.18109999999999998,macro_average,0.8400000135103861,,
first,0.1812,crop50,0.9422222375869751,0.30000001192092896,0.9916666746139526
first,0.1812,crop50_blur,0.9322222471237183,0.18333333730697632,1.0
first,0.1812,crop50_jpeg,0.6455555558204651,0.0,0.7250000238418579
first,0.1812,macro_average,0.8400000135103861,,
first,0.1813,crop50,0.9422222375869751,0.30000001192092896,0.9916666746139526
first,0.1813,crop50_blur,0.9322222471237183,0.18333333730697632,1.0
first,0.1813,crop50_jpeg,0.6455555558204651,0.0,0.7250000238418579
first,0.1813,macro_average,0.8400000135103861,,
first,0.1814,crop50,0.9422222375869751,0.30000001192092896,0.9916666746139526
first,0.1814,crop50_blur,0.9322222471237183,0.18333333730697632,1.0
first,0.1814,crop50_jpeg,0.6455555558204651,0.0,0.7250000238418579
first,0.1814,macro_average,0.8400000135103861,,
first,0.1815,crop50,0.9422222375869751,0.30000001192092896,0.9916666746139526
first,0.1815,crop50_blur,0.9322222471237183,0.18333333730697632,1.0
first,0.1815,crop50_jpeg,0.6455555558204651,0.0,0.7250000238418579
first,0.1815,macro_average,0.8400000135103861,,
first,0.18159999999999998,crop50,0.9422222375869751,0.30000001192092896,0.9916666746139526
first,0.18159999999999998,crop50_blur,0.9322222471237183,0.18333333730697632,1.0
first,0.18159999999999998,crop50_jpeg,0.6452777981758118,0.0,0.7333333492279053
first,0.18159999999999998,macro_average,0.8399074276288351,,
first,0.1817,crop50,0.9422222375869751,0.30000001192092896,0.9916666746139526
first,0.1817,crop50_blur,0.9322222471237183,0.18333333730697632,1.0
first,0.1817,crop50_jpeg,0.644444465637207,0.0,0.7416666746139526
first,0.1817,macro_average,0.8396296501159668,,
first,0.1818,crop50,0.9422222375869751,0.30000001192092896,0.9916666746139526
first,0.1818,crop50_blur,0.9322222471237183,0.18333333730697632,1.0
first,0.1818,crop50_jpeg,0.6427778005599976,0.0,0.75
first,0.1818,macro_average,0.8390740950902303,,
first,0.1819,crop50,0.9422222375869751,0.30000001192092896,0.9916666746139526
first,0.1819,crop50_blur,0.9322222471237183,0.18333333730697632,1.0
first,0.1819,crop50_jpeg,0.6427778005599976,0.0,0.75
first,0.1819,macro_average,0.8390740950902303,,
first,0.182,crop50,0.9422222375869751,0.30000001192092896,0.9916666746139526
first,0.182,crop50_blur,0.9322222471237183,0.18333333730697632,1.0
first,0.182,crop50_jpeg,0.6427778005599976,0.0,0.75
first,0.182,macro_average,0.8390740950902303,,
first,0.18209999999999998,crop50,0.9422222375869751,0.30000001192092896,0.9916666746139526
first,0.18209999999999998,crop50_blur,0.9322222471237183,0.18333333730697632,1.0
first,0.18209999999999998,crop50_jpeg,0.6427778005599976,0.0,0.75
first,0.18209999999999998,macro_average,0.8390740950902303,,
first,0.1822,crop50,0.9422222375869751,0.30000001192092896,0.9916666746139526
first,0.1822,crop50_blur,0.9322222471237183,0.18333333730697632,1.0
first,0.1822,crop50_jpeg,0.6427778005599976,0.0,0.75
first,0.1822,macro_average,0.8390740950902303,,
first,0.1823,crop50,0.9422222375869751,0.30000001192092896,0.9916666746139526
first,0.1823,crop50_blur,0.9322222471237183,0.18333333730697632,1.0
first,0.1823,crop50_jpeg,0.6424999833106995,0.0,0.7583333253860474
first,0.1823,macro_average,0.8389814893404642,,
first,0.1824,crop50,0.9422222375869751,0.30000001192092896,0.9916666746139526
first,0.1824,crop50_blur,0.9322222471237183,0.18333333730697632,1.0
first,0.1824,crop50_jpeg,0.6424999833106995,0.0,0.7583333253860474
first,0.1824,macro_average,0.8389814893404642,,
first,0.1825,crop50,0.9422222375869751,0.30000001192092896,0.9916666746139526
first,0.1825,crop50_blur,0.9322222471237183,0.18333333730697632,1.0
first,0.1825,crop50_jpeg,0.6427778005599976,0.0,0.7666666507720947
first,0.1825,macro_average,0.8390740950902303,,
first,0.18259999999999998,crop50,0.9422222375869751,0.30000001192092896,0.9916666746139526
first,0.18259999999999998,crop50_blur,0.9322222471237183,0.18333333730697632,1.0
first,0.18259999999999998,crop50_jpeg,0.6427778005599976,0.0,0.7666666507720947
first,0.18259999999999998,macro_average,0.8390740950902303,,
first,0.1827,crop50,0.9422222375869751,0.30000001192092896,0.9916666746139526
first,0.1827,crop50_blur,0.9322222471237183,0.18333333730697632,1.0
first,0.1827,crop50_jpeg,0.6427778005599976,0.0,0.7666666507720947
first,0.1827,macro_average,0.8390740950902303,,
first,0.18280000000000002,crop50,0.9422222375869751,0.30000001192092896,0.9916666746139526
first,0.18280000000000002,crop50_blur,0.9322222471237183,0.18333333730697632,1.0
first,0.18280000000000002,crop50_jpeg,0.6422222256660461,0.0,0.7749999761581421
first,0.18280000000000002,macro_average,0.8388889034589132,,
first,0.1829,crop50,0.9422222375869751,0.30000001192092896,0.9916666746139526
first,0.1829,crop50_blur,0.9322222471237183,0.18333333730697632,1.0
first,0.1829,crop50_jpeg,0.6422222256660461,0.0,0.7833333611488342
first,0.1829,macro_average,0.8388889034589132,,
first,0.183,crop50,0.9422222375869751,0.30000001192092896,0.9916666746139526
first,0.183,crop50_blur,0.9322222471237183,0.18333333730697632,1.0
first,0.183,crop50_jpeg,0.6416666507720947,0.0,0.7916666865348816
first,0.183,macro_average,0.8387037118275961,,
first,0.18309999999999998,crop50,0.9422222375869751,0.30000001192092896,0.9916666746139526
first,0.18309999999999998,crop50_blur,0.9322222471237183,0.18333333730697632,1.0
first,0.18309999999999998,crop50_jpeg,0.6416666507720947,0.0,0.7916666865348816
first,0.18309999999999998,macro_average,0.8387037118275961,,
first,0.1832,crop50,0.9422222375869751,0.30000001192092896,0.9916666746139526
first,0.1832,crop50_blur,0.9322222471237183,0.18333333730697632,1.0
first,0.1832,crop50_jpeg,0.6416666507720947,0.0,0.800000011920929
first,0.1832,macro_average,0.8387037118275961,,
first,0.18330000000000002,crop50,0.9422222375869751,0.30000001192092896,0.9916666746139526
first,0.18330000000000002,crop50_blur,0.9322222471237183,0.18333333730697632,1.0
first,0.18330000000000002,crop50_jpeg,0.6416666507720947,0.0,0.800000011920929
first,0.18330000000000002,macro_average,0.8387037118275961,,
first,0.1834,crop50,0.9422222375869751,0.30000001192092896,0.9916666746139526
first,0.1834,crop50_blur,0.9322222471237183,0.18333333730697632,1.0
first,0.1834,crop50_jpeg,0.6416666507720947,0.0,0.800000011920929
first,0.1834,macro_average,0.8387037118275961,,
first,0.1835,crop50,0.9422222375869751,0.30000001192092896,0.9916666746139526
first,0.1835,crop50_blur,0.9322222471237183,0.18333333730697632,1.0
first,0.1835,crop50_jpeg,0.6416666507720947,0.0,0.800000011920929
first,0.1835,macro_average,0.8387037118275961,,
first,0.18359999999999999,crop50,0.9422222375869751,0.30000001192092896,0.9916666746139526
first,0.18359999999999999,crop50_blur,0.9322222471237183,0.18333333730697632,1.0
first,0.18359999999999999,crop50_jpeg,0.6416666507720947,0.0,0.800000011920929
first,0.18359999999999999,macro_average,0.8387037118275961,,
first,0.1837,crop50,0.9422222375869751,0.30000001192092896,0.9916666746139526
first,0.1837,crop50_blur,0.9322222471237183,0.18333333730697632,1.0
first,0.1837,crop50_jpeg,0.6416666507720947,0.0,0.800000011920929
first,0.1837,macro_average,0.8387037118275961,,
first,0.18380000000000002,crop50,0.9422222375869751,0.30000001192092896,0.9916666746139526
first,0.18380000000000002,crop50_blur,0.9322222471237183,0.18333333730697632,1.0
first,0.18380000000000002,crop50_jpeg,0.6405555605888367,0.0,0.8166666626930237
first,0.18380000000000002,macro_average,0.8383333484331766,,
first,0.1839,crop50,0.9422222375869751,0.30000001192092896,0.9916666746139526
first,0.1839,crop50_blur,0.9322222471237183,0.18333333730697632,1.0
first,0.1839,crop50_jpeg,0.6405555605888367,0.0,0.8166666626930237
first,0.1839,macro_average,0.8383333484331766,,
first,0.184,crop50,0.9422222375869751,0.30000001192092896,0.9916666746139526
first,0.184,crop50_blur,0.9322222471237183,0.18333333730697632,1.0
first,0.184,crop50_jpeg,0.6405555605888367,0.0,0.8166666626930237
first,0.184,macro_average,0.8383333484331766,,
first,0.18409999999999999,crop50,0.9422222375869751,0.30000001192092896,0.9916666746139526
first,0.18409999999999999,crop50_blur,0.9322222471237183,0.18333333730697632,1.0
first,0.18409999999999999,crop50_jpeg,0.6405555605888367,0.0,0.8166666626930237
first,0.18409999999999999,macro_average,0.8383333484331766,,
first,0.1842,crop50,0.9422222375869751,0.30000001192092896,0.9916666746139526
first,0.1842,crop50_blur,0.9322222471237183,0.18333333730697632,1.0
first,0.1842,crop50_jpeg,0.6405555605888367,0.0,0.8166666626930237
first,0.1842,macro_average,0.8383333484331766,,
first,0.18430000000000002,crop50,0.9422222375869751,0.30000001192092896,0.9916666746139526
first,0.18430000000000002,crop50_blur,0.9322222471237183,0.18333333730697632,1.0
first,0.18430000000000002,crop50_jpeg,0.6405555605888367,0.0,0.8166666626930237
first,0.18430000000000002,macro_average,0.8383333484331766,,
first,0.1844,crop50,0.9422222375869751,0.30000001192092896,0.9916666746139526
first,0.1844,crop50_blur,0.9322222471237183,0.18333333730697632,1.0
first,0.1844,crop50_jpeg,0.6405555605888367,0.0,0.8166666626930237
first,0.1844,macro_average,0.8383333484331766,,
first,0.1845,crop50,0.9422222375869751,0.30000001192092896,0.9916666746139526
first,0.1845,crop50_blur,0.9322222471237183,0.18333333730697632,1.0
first,0.1845,crop50_jpeg,0.6402778029441833,0.0,0.824999988079071
first,0.1845,macro_average,0.8382407625516256,,
first,0.1846,crop50,0.9422222375869751,0.30000001192092896,0.9916666746139526
first,0.1846,crop50_blur,0.9322222471237183,0.18333333730697632,1.0
first,0.1846,crop50_jpeg,0.6402778029441833,0.0,0.824999988079071
first,0.1846,macro_average,0.8382407625516256,,
first,0.1847,crop50,0.9422222375869751,0.30000001192092896,0.9916666746139526
first,0.1847,crop50_blur,0.9322222471237183,0.18333333730697632,1.0
first,0.1847,crop50_jpeg,0.6402778029441833,0.0,0.824999988079071
first,0.1847,macro_average,0.8382407625516256,,
first,0.1848,crop50,0.9422222375869751,0.30000001192092896,0.9916666746139526
first,0.1848,crop50_blur,0.9322222471237183,0.18333333730697632,1.0
first,0.1848,crop50_jpeg,0.6402778029441833,0.0,0.8333333134651184
first,0.1848,macro_average,0.8382407625516256,,
first,0.1849,crop50,0.9422222375869751,0.30000001192092896,0.9916666746139526
first,0.1849,crop50_blur,0.9322222471237183,0.18333333730697632,1.0
first,0.1849,crop50_jpeg,0.6402778029441833,0.0,0.8333333134651184
first,0.1849,macro_average,0.8382407625516256,,
first,0.185,crop50,0.9422222375869751,0.30000001192092896,0.9916666746139526
first,0.185,crop50_blur,0.9322222471237183,0.18333333730697632,1.0
first,0.185,crop50_jpeg,0.6402778029441833,0.0,0.8333333134651184
first,0.185,macro_average,0.8382407625516256,,
first,0.1851,crop50,0.9422222375869751,0.30000001192092896,0.9916666746139526
first,0.1851,crop50_blur,0.9322222471237183,0.18333333730697632,1.0
first,0.1851,crop50_jpeg,0.6402778029441833,0.0,0.8333333134651184
first,0.1851,macro_average,0.8382407625516256,,
first,0.1852,crop50,0.9422222375869751,0.30000001192092896,0.9916666746139526
first,0.1852,crop50_blur,0.9322222471237183,0.18333333730697632,1.0
first,0.1852,crop50_jpeg,0.6402778029441833,0.0,0.8333333134651184
first,0.1852,macro_average,0.8382407625516256,,
first,0.1853,crop50,0.9422222375869751,0.30000001192092896,0.9916666746139526
first,0.1853,crop50_blur,0.9322222471237183,0.18333333730697632,1.0
first,0.1853,crop50_jpeg,0.6402778029441833,0.0,0.8333333134651184
first,0.1853,macro_average,0.8382407625516256,,
first,0.1854,crop50,0.9422222375869751,0.30000001192092896,0.9916666746139526
first,0.1854,crop50_blur,0.9322222471237183,0.18333333730697632,1.0
first,0.1854,crop50_jpeg,0.6402778029441833,0.0,0.8333333134651184
first,0.1854,macro_average,0.8382407625516256,,
first,0.1855,crop50,0.9422222375869751,0.30000001192092896,0.9916666746139526
first,0.1855,crop50_blur,0.9322222471237183,0.18333333730697632,1.0
first,0.1855,crop50_jpeg,0.6402778029441833,0.0,0.8333333134651184
first,0.1855,macro_average,0.8382407625516256,,
first,0.1856,crop50,0.9422222375869751,0.30000001192092896,0.9916666746139526
first,0.1856,crop50_blur,0.9322222471237183,0.18333333730697632,1.0
first,0.1856,crop50_jpeg,0.6402778029441833,0.0,0.8333333134651184
first,0.1856,macro_average,0.8382407625516256,,
first,0.1857,crop50,0.9422222375869751,0.30000001192092896,0.9916666746139526
first,0.1857,crop50_blur,0.9322222471237183,0.18333333730697632,1.0
first,0.1857,crop50_jpeg,0.6402778029441833,0.0,0.8333333134651184
first,0.1857,macro_average,0.8382407625516256,,
first,0.1858,crop50,0.9422222375869751,0.30000001192092896,0.9916666746139526
first,0.1858,crop50_blur,0.9322222471237183,0.18333333730697632,1.0
first,0.1858,crop50_jpeg,0.6402778029441833,0.0,0.8333333134651184
first,0.1858,macro_average,0.8382407625516256,,
first,0.1859,crop50,0.9422222375869751,0.30000001192092896,0.9916666746139526
first,0.1859,crop50_blur,0.9322222471237183,0.18333333730697632,1.0
first,0.1859,crop50_jpeg,0.6402778029441833,0.0,0.8333333134651184
first,0.1859,macro_average,0.8382407625516256,,
first,0.186,crop50,0.9422222375869751,0.30000001192092896,0.9916666746139526
first,0.186,crop50_blur,0.9322222471237183,0.18333333730697632,1.0
first,0.186,crop50_jpeg,0.6402778029441833,0.0,0.8333333134651184
first,0.186,macro_average,0.8382407625516256,,
first,0.1861,crop50,0.9422222375869751,0.30000001192092896,0.9916666746139526
first,0.1861,crop50_blur,0.9322222471237183,0.18333333730697632,1.0
first,0.1861,crop50_jpeg,0.6402778029441833,0.0,0.8333333134651184
first,0.1861,macro_average,0.8382407625516256,,
first,0.1862,crop50,0.9422222375869751,0.30000001192092896,0.9916666746139526
first,0.1862,crop50_blur,0.9322222471237183,0.18333333730697632,1.0
first,0.1862,crop50_jpeg,0.6402778029441833,0.0,0.8333333134651184
first,0.1862,macro_average,0.8382407625516256,,
first,0.1863,crop50,0.9416666626930237,0.30000001192092896,1.0
first,0.1863,crop50_blur,0.9322222471237183,0.18333333730697632,1.0
first,0.1863,crop50_jpeg,0.6402778029441833,0.0,0.8333333134651184
first,0.1863,macro_average,0.8380555709203085,,
first,0.1864,crop50,0.9416666626930237,0.30000001192092896,1.0
first,0.1864,crop50_blur,0.9322222471237183,0.18333333730697632,1.0
first,0.1864,crop50_jpeg,0.6402778029441833,0.0,0.8333333134651184
first,0.1864,macro_average,0.8380555709203085,,
first,0.1865,crop50,0.9416666626930237,0.30000001192092896,1.0
first,0.1865,crop50_blur,0.9322222471237183,0.18333333730697632,1.0
first,0.1865,crop50_jpeg,0.6402778029441833,0.0,0.8333333134651184
first,0.1865,macro_average,0.8380555709203085,,
first,0.1866,crop50,0.9416666626930237,0.30000001192092896,1.0
first,0.1866,crop50_blur,0.9322222471237183,0.18333333730697632,1.0
first,0.1866,crop50_jpeg,0.6402778029441833,0.0,0.8333333134651184
first,0.1866,macro_average,0.8380555709203085,,
first,0.1867,crop50,0.9416666626930237,0.30000001192092896,1.0
first,0.1867,crop50_blur,0.9322222471237183,0.18333333730697632,1.0
first,0.1867,crop50_jpeg,0.6402778029441833,0.0,0.8333333134651184
first,0.1867,macro_average,0.8380555709203085,,
first,0.1868,crop50,0.9416666626930237,0.30000001192092896,1.0
first,0.1868,crop50_blur,0.9322222471237183,0.18333333730697632,1.0
first,0.1868,crop50_jpeg,0.6405555605888367,0.0,0.8500000238418579
first,0.1868,macro_average,0.8381481568018595,,
first,0.1869,crop50,0.9416666626930237,0.30000001192092896,1.0
first,0.1869,crop50_blur,0.9322222471237183,0.18333333730697632,1.0
first,0.1869,crop50_jpeg,0.6405555605888367,0.0,0.8500000238418579
first,0.1869,macro_average,0.8381481568018595,,
first,0.187,crop50,0.9416666626930237,0.30000001192092896,1.0
first,0.187,crop50_blur,0.9322222471237183,0.18333333730697632,1.0
first,0.187,crop50_jpeg,0.6405555605888367,0.0,0.8500000238418579
first,0.187,macro_average,0.8381481568018595,,
first,0.1871,crop50,0.9416666626930237,0.30000001192092896,1.0
first,0.1871,crop50_blur,0.9322222471237183,0.18333333730697632,1.0
first,0.1871,crop50_jpeg,0.6405555605888367,0.0,0.8500000238418579
first,0.1871,macro_average,0.8381481568018595,,
first,0.1872,crop50,0.9416666626930237,0.30000001192092896,1.0
first,0.1872,crop50_blur,0.9322222471237183,0.18333333730697632,1.0
first,0.1872,crop50_jpeg,0.6405555605888367,0.0,0.8500000238418579
first,0.1872,macro_average,0.8381481568018595,,
first,0.1873,crop50,0.9416666626930237,0.30000001192092896,1.0
first,0.1873,crop50_blur,0.9322222471237183,0.18333333730697632,1.0
first,0.1873,crop50_jpeg,0.64083331823349,0.0,0.8583333492279053
first,0.1873,macro_average,0.8382407426834106,,
first,0.1874,crop50,0.9416666626930237,0.30000001192092896,1.0
first,0.1874,crop50_blur,0.9322222471237183,0.18333333730697632,1.0
first,0.1874,crop50_jpeg,0.64083331823349,0.0,0.8583333492279053
first,0.1874,macro_average,0.8382407426834106,,
first,0.1875,crop50,0.9416666626930237,0.30000001192092896,1.0
first,0.1875,crop50_blur,0.9322222471237183,0.18333333730697632,1.0
first,0.1875,crop50_jpeg,0.64083331823349,0.0,0.8666666746139526
first,0.1875,macro_average,0.8382407426834106,,
first,0.1876,crop50,0.9416666626930237,0.30000001192092896,1.0
first,0.1876,crop50_blur,0.9322222471237183,0.18333333730697632,1.0
first,0.1876,crop50_jpeg,0.64083331823349,0.0,0.8666666746139526
first,0.1876,macro_average,0.8382407426834106,,
first,0.1877,crop50,0.9416666626930237,0.30000001192092896,1.0
first,0.1877,crop50_blur,0.9322222471237183,0.18333333730697632,1.0
first,0.1877,crop50_jpeg,0.6413888931274414,0.0,0.875
first,0.1877,macro_average,0.8384259343147278,,
first,0.1878,crop50,0.9416666626930237,0.30000001192092896,1.0
first,0.1878,crop50_blur,0.9322222471237183,0.18333333730697632,1.0
first,0.1878,crop50_jpeg,0.6413888931274414,0.0,0.875
first,0.1878,macro_average,0.8384259343147278,,
first,0.1879,crop50,0.9416666626930237,0.30000001192092896,1.0
first,0.1879,crop50_blur,0.9322222471237183,0.18333333730697632,1.0
first,0.1879,crop50_jpeg,0.6402778029441833,0.0,0.8833333253860474
first,0.1879,macro_average,0.8380555709203085,,
first,0.188,crop50,0.9416666626930237,0.30000001192092896,1.0
first,0.188,crop50_blur,0.9322222471237183,0.18333333730697632,1.0
first,0.188,crop50_jpeg,0.6405555605888367,0.0,0.8916666507720947
first,0.188,macro_average,0.8381481568018595,,
first,0.1881,crop50,0.9416666626930237,0.30000001192092896,1.0
first,0.1881,crop50_blur,0.9322222471237183,0.18333333730697632,1.0
first,0.1881,crop50_jpeg,0.6405555605888367,0.0,0.8916666507720947
first,0.1881,macro_average,0.8381481568018595,,
first,0.18819999999999998,crop50,0.9416666626930237,0.30000001192092896,1.0
first,0.18819999999999998,crop50_blur,0.9322222471237183,0.18333333730697632,1.0
first,0.18819999999999998,crop50_jpeg,0.6405555605888367,0.0,0.8916666507720947
first,0.18819999999999998,macro_average,0.8381481568018595,,
first,0.1883,crop50,0.9416666626930237,0.30000001192092896,1.0
first,0.1883,crop50_blur,0.9322222471237183,0.18333333730697632,1.0
first,0.1883,crop50_jpeg,0.6405555605888367,0.0,0.8916666507720947
first,0.1883,macro_average,0.8381481568018595,,
first,0.1884,crop50,0.9416666626930237,0.30000001192092896,1.0
first,0.1884,crop50_blur,0.9322222471237183,0.18333333730697632,1.0
first,0.1884,crop50_jpeg,0.6405555605888367,0.0,0.8916666507720947
first,0.1884,macro_average,0.8381481568018595,,
first,0.1885,crop50,0.9416666626930237,0.30000001192092896,1.0
first,0.1885,crop50_blur,0.9322222471237183,0.18333333730697632,1.0
first,0.1885,crop50_jpeg,0.6405555605888367,0.0,0.8916666507720947
first,0.1885,macro_average,0.8381481568018595,,
first,0.1886,crop50,0.9416666626930237,0.30000001192092896,1.0
first,0.1886,crop50_blur,0.9322222471237183,0.18333333730697632,1.0
first,0.1886,crop50_jpeg,0.6411111354827881,0.0,0.8999999761581421
first,0.1886,macro_average,0.8383333484331766,,
first,0.18869999999999998,crop50,0.9416666626930237,0.30000001192092896,1.0
first,0.18869999999999998,crop50_blur,0.9322222471237183,0.18333333730697632,1.0
first,0.18869999999999998,crop50_jpeg,0.6411111354827881,0.0,0.8999999761581421
first,0.18869999999999998,macro_average,0.8383333484331766,,
first,0.1888,crop50,0.9416666626930237,0.30000001192092896,1.0
first,0.1888,crop50_blur,0.9322222471237183,0.18333333730697632,1.0
first,0.1888,crop50_jpeg,0.6411111354827881,0.0,0.8999999761581421
first,0.1888,macro_average,0.8383333484331766,,
first,0.1889,crop50,0.9416666626930237,0.30000001192092896,1.0
first,0.1889,crop50_blur,0.9322222471237183,0.18333333730697632,1.0
first,0.1889,crop50_jpeg,0.6405555605888367,0.0,0.9166666865348816
first,0.1889,macro_average,0.8381481568018595,,
first,0.189,crop50,0.9416666626930237,0.30000001192092896,1.0
first,0.189,crop50_blur,0.9322222471237183,0.18333333730697632,1.0
first,0.189,crop50_jpeg,0.6405555605888367,0.0,0.925000011920929
first,0.189,macro_average,0.8381481568018595,,
first,0.1891,crop50,0.9416666626930237,0.30000001192092896,1.0
first,0.1891,crop50_blur,0.9322222471237183,0.18333333730697632,1.0
first,0.1891,crop50_jpeg,0.6405555605888367,0.0,0.925000011920929
first,0.1891,macro_average,0.8381481568018595,,
first,0.18919999999999998,crop50,0.9416666626930237,0.30000001192092896,1.0
first,0.18919999999999998,crop50_blur,0.9322222471237183,0.18333333730697632,1.0
first,0.18919999999999998,crop50_jpeg,0.6405555605888367,0.0,0.925000011920929
first,0.18919999999999998,macro_average,0.8381481568018595,,
first,0.1893,crop50,0.9416666626930237,0.30000001192092896,1.0
first,0.1893,crop50_blur,0.9322222471237183,0.18333333730697632,1.0
first,0.1893,crop50_jpeg,0.6405555605888367,0.0,0.925000011920929
first,0.1893,macro_average,0.8381481568018595,,
first,0.1894,crop50,0.9416666626930237,0.30000001192092896,1.0
first,0.1894,crop50_blur,0.9322222471237183,0.18333333730697632,1.0
first,0.1894,crop50_jpeg,0.6405555605888367,0.0,0.925000011920929
first,0.1894,macro_average,0.8381481568018595,,
first,0.1895,crop50,0.9416666626930237,0.30000001192092896,1.0
first,0.1895,crop50_blur,0.9322222471237183,0.18333333730697632,1.0
first,0.1895,crop50_jpeg,0.6405555605888367,0.0,0.925000011920929
first,0.1895,macro_average,0.8381481568018595,,
first,0.1896,crop50,0.9416666626930237,0.30000001192092896,1.0
first,0.1896,crop50_blur,0.9322222471237183,0.18333333730697632,1.0
first,0.1896,crop50_jpeg,0.6405555605888367,0.0,0.925000011920929
first,0.1896,macro_average,0.8381481568018595,,
first,0.18969999999999998,crop50,0.9416666626930237,0.30000001192092896,1.0
first,0.18969999999999998,crop50_blur,0.9322222471237183,0.18333333730697632,1.0
first,0.18969999999999998,crop50_jpeg,0.6405555605888367,0.0,0.925000011920929
first,0.18969999999999998,macro_average,0.8381481568018595,,
first,0.1898,crop50,0.9416666626930237,0.30000001192092896,1.0
first,0.1898,crop50_blur,0.9322222471237183,0.18333333730697632,1.0
first,0.1898,crop50_jpeg,0.6405555605888367,0.0,0.925000011920929
first,0.1898,macro_average,0.8381481568018595,,
first,0.1899,crop50,0.9416666626930237,0.30000001192092896,1.0
first,0.1899,crop50_blur,0.9322222471237183,0.18333333730697632,1.0
first,0.1899,crop50_jpeg,0.6405555605888367,0.0,0.925000011920929
first,0.1899,macro_average,0.8381481568018595,,
first,0.19,crop50,0.9416666626930237,0.30000001192092896,1.0
first,0.19,crop50_blur,0.9322222471237183,0.18333333730697632,1.0
first,0.19,crop50_jpeg,0.6405555605888367,0.0,0.925000011920929
first,0.19,macro_average,0.8381481568018595,,
first,0.1901,crop50,0.9416666626930237,0.30000001192092896,1.0
first,0.1901,crop50_blur,0.9322222471237183,0.18333333730697632,1.0
first,0.1901,crop50_jpeg,0.6405555605888367,0.0,0.925000011920929
first,0.1901,macro_average,0.8381481568018595,,
first,0.19019999999999998,crop50,0.9416666626930237,0.30000001192092896,1.0
first,0.19019999999999998,crop50_blur,0.9322222471237183,0.18333333730697632,1.0
first,0.19019999999999998,crop50_jpeg,0.6405555605888367,0.0,0.925000011920929
first,0.19019999999999998,macro_average,0.8381481568018595,,
first,0.1903,crop50,0.9416666626930237,0.30000001192092896,1.0
first,0.1903,crop50_blur,0.9322222471237183,0.18333333730697632,1.0
first,0.1903,crop50_jpeg,0.6405555605888367,0.0,0.925000011920929
first,0.1903,macro_average,0.8381481568018595,,
first,0.1904,crop50,0.9416666626930237,0.30000001192092896,1.0
first,0.1904,crop50_blur,0.9322222471237183,0.18333333730697632,1.0
first,0.1904,crop50_jpeg,0.6405555605888367,0.0,0.925000011920929
first,0.1904,macro_average,0.8381481568018595,,
first,0.1905,crop50,0.9416666626930237,0.30000001192092896,1.0
first,0.1905,crop50_blur,0.9322222471237183,0.18333333730697632,1.0
first,0.1905,crop50_jpeg,0.6413888931274414,0.0,0.9333333373069763
first,0.1905,macro_average,0.8384259343147278,,
first,0.1906,crop50,0.9416666626930237,0.30000001192092896,1.0
first,0.1906,crop50_blur,0.9322222471237183,0.18333333730697632,1.0
first,0.1906,crop50_jpeg,0.6413888931274414,0.0,0.9333333373069763
first,0.1906,macro_average,0.8384259343147278,,
first,0.19069999999999998,crop50,0.9416666626930237,0.30000001192092896,1.0
first,0.19069999999999998,crop50_blur,0.9322222471237183,0.18333333730697632,1.0
first,0.19069999999999998,crop50_jpeg,0.6413888931274414,0.0,0.9333333373069763
first,0.19069999999999998,macro_average,0.8384259343147278,,
first,0.1908,crop50,0.9416666626930237,0.30000001192092896,1.0
first,0.1908,crop50_blur,0.9322222471237183,0.18333333730697632,1.0
first,0.1908,crop50_jpeg,0.6413888931274414,0.0,0.9333333373069763
first,0.1908,macro_average,0.8384259343147278,,
first,0.19090000000000001,crop50,0.9416666626930237,0.30000001192092896,1.0
first,0.19090000000000001,crop50_blur,0.9322222471237183,0.18333333730697632,1.0
first,0.19090000000000001,crop50_jpeg,0.6419444680213928,0.0,0.9416666626930237
first,0.19090000000000001,macro_average,0.8386111259460449,,
first,0.191,crop50,0.9416666626930237,0.30000001192092896,1.0
first,0.191,crop50_blur,0.9322222471237183,0.18333333730697632,1.0
first,0.191,crop50_jpeg,0.6419444680213928,0.0,0.9416666626930237
first,0.191,macro_average,0.8386111259460449,,
first,0.1911,crop50,0.9416666626930237,0.30000001192092896,1.0
first,0.1911,crop50_blur,0.9322222471237183,0.18333333730697632,1.0
first,0.1911,crop50_jpeg,0.6419444680213928,0.0,0.9416666626930237
first,0.1911,macro_average,0.8386111259460449,,
first,0.19119999999999998,crop50,0.9416666626930237,0.30000001192092896,1.0
first,0.19119999999999998,crop50_blur,0.9322222471237183,0.18333333730697632,1.0
first,0.19119999999999998,crop50_jpeg,0.6419444680213928,0.0,0.9416666626930237
first,0.19119999999999998,macro_average,0.8386111259460449,,
first,0.1913,crop50,0.9416666626930237,0.30000001192092896,1.0
first,0.1913,crop50_blur,0.9322222471237183,0.18333333730697632,1.0
first,0.1913,crop50_jpeg,0.6419444680213928,0.0,0.9416666626930237
first,0.1913,macro_average,0.8386111259460449,,
first,0.19140000000000001,crop50,0.9416666626930237,0.30000001192092896,1.0
first,0.19140000000000001,crop50_blur,0.9322222471237183,0.18333333730697632,1.0
first,0.19140000000000001,crop50_jpeg,0.6419444680213928,0.0,0.9416666626930237
first,0.19140000000000001,macro_average,0.8386111259460449,,
first,0.1915,crop50,0.9416666626930237,0.30000001192092896,1.0
first,0.1915,crop50_blur,0.9322222471237183,0.18333333730697632,1.0
first,0.1915,crop50_jpeg,0.6419444680213928,0.0,0.9416666626930237
first,0.1915,macro_average,0.8386111259460449,,
first,0.1916,crop50,0.9416666626930237,0.30000001192092896,1.0
first,0.1916,crop50_blur,0.9322222471237183,0.18333333730697632,1.0
first,0.1916,crop50_jpeg,0.6419444680213928,0.0,0.9416666626930237
first,0.1916,macro_average,0.8386111259460449,,
first,0.19169999999999998,crop50,0.9416666626930237,0.30000001192092896,1.0
first,0.19169999999999998,crop50_blur,0.9322222471237183,0.18333333730697632,1.0
first,0.19169999999999998,crop50_jpeg,0.6419444680213928,0.0,0.9416666626930237
first,0.19169999999999998,macro_average,0.8386111259460449,,
first,0.1918,crop50,0.9416666626930237,0.30000001192092896,1.0
first,0.1918,crop50_blur,0.9322222471237183,0.18333333730697632,1.0
first,0.1918,crop50_jpeg,0.6419444680213928,0.0,0.9416666626930237
first,0.1918,macro_average,0.8386111259460449,,
first,0.19190000000000002,crop50,0.9416666626930237,0.30000001192092896,1.0
first,0.19190000000000002,crop50_blur,0.9322222471237183,0.18333333730697632,1.0
first,0.19190000000000002,crop50_jpeg,0.6419444680213928,0.0,0.9416666626930237
first,0.19190000000000002,macro_average,0.8386111259460449,,
first,0.192,crop50,0.9416666626930237,0.30000001192092896,1.0
first,0.192,crop50_blur,0.9322222471237183,0.18333333730697632,1.0
first,0.192,crop50_jpeg,0.6419444680213928,0.0,0.9416666626930237
first,0.192,macro_average,0.8386111259460449,,
first,0.1921,crop50,0.9416666626930237,0.30000001192092896,1.0
first,0.1921,crop50_blur,0.9322222471237183,0.18333333730697632,1.0
first,0.1921,crop50_jpeg,0.6419444680213928,0.0,0.9416666626930237
first,0.1921,macro_average,0.8386111259460449,,
first,0.19219999999999998,crop50,0.9416666626930237,0.30000001192092896,1.0
first,0.19219999999999998,crop50_blur,0.9322222471237183,0.18333333730697632,1.0
first,0.19219999999999998,crop50_jpeg,0.6419444680213928,0.0,0.9416666626930237
first,0.19219999999999998,macro_average,0.8386111259460449,,
first,0.1923,crop50,0.9416666626930237,0.30000001192092896,1.0
first,0.1923,crop50_blur,0.9322222471237183,0.18333333730697632,1.0
first,0.1923,crop50_jpeg,0.6419444680213928,0.0,0.9416666626930237
first,0.1923,macro_average,0.8386111259460449,,
first,0.19240000000000002,crop50,0.9416666626930237,0.30000001192092896,1.0
first,0.19240000000000002,crop50_blur,0.9322222471237183,0.18333333730697632,1.0
first,0.19240000000000002,crop50_jpeg,0.6419444680213928,0.0,0.9416666626930237
first,0.19240000000000002,macro_average,0.8386111259460449,,
first,0.1925,crop50,0.9416666626930237,0.30000001192092896,1.0
first,0.1925,crop50_blur,0.9322222471237183,0.18333333730697632,1.0
first,0.1925,crop50_jpeg,0.6419444680213928,0.0,0.9416666626930237
first,0.1925,macro_average,0.8386111259460449,,
first,0.1926,crop50,0.9416666626930237,0.30000001192092896,1.0
first,0.1926,crop50_blur,0.9322222471237183,0.18333333730697632,1.0
first,0.1926,crop50_jpeg,0.6419444680213928,0.0,0.9416666626930237
first,0.1926,macro_average,0.8386111259460449,,
first,0.19269999999999998,crop50,0.9416666626930237,0.30000001192092896,1.0
first,0.19269999999999998,crop50_blur,0.9322222471237183,0.18333333730697632,1.0
first,0.19269999999999998,crop50_jpeg,0.6419444680213928,0.0,0.9416666626930237
first,0.19269999999999998,macro_average,0.8386111259460449,,
first,0.1928,crop50,0.9416666626930237,0.30000001192092896,1.0
first,0.1928,crop50_blur,0.9322222471237183,0.18333333730697632,1.0
first,0.1928,crop50_jpeg,0.6419444680213928,0.0,0.9416666626930237
first,0.1928,macro_average,0.8386111259460449,,
first,0.19290000000000002,crop50,0.9416666626930237,0.30000001192092896,1.0
first,0.19290000000000002,crop50_blur,0.9322222471237183,0.18333333730697632,1.0
first,0.19290000000000002,crop50_jpeg,0.6419444680213928,0.0,0.9416666626930237
first,0.19290000000000002,macro_average,0.8386111259460449,,
first,0.193,crop50,0.9416666626930237,0.30000001192092896,1.0
first,0.193,crop50_blur,0.9322222471237183,0.18333333730697632,1.0
first,0.193,crop50_jpeg,0.6419444680213928,0.0,0.9416666626930237
first,0.193,macro_average,0.8386111259460449,,
first,0.1931,crop50,0.9416666626930237,0.30000001192092896,1.0
first,0.1931,crop50_blur,0.9322222471237183,0.18333333730697632,1.0
first,0.1931,crop50_jpeg,0.6419444680213928,0.0,0.9416666626930237
first,0.1931,macro_average,0.8386111259460449,,
first,0.19319999999999998,crop50,0.9416666626930237,0.30000001192092896,1.0
first,0.19319999999999998,crop50_blur,0.9322222471237183,0.18333333730697632,1.0
first,0.19319999999999998,crop50_jpeg,0.6419444680213928,0.0,0.9416666626930237
first,0.19319999999999998,macro_average,0.8386111259460449,,
first,0.1933,crop50,0.9416666626930237,0.30000001192092896,1.0
first,0.1933,crop50_blur,0.9322222471237183,0.18333333730697632,1.0
first,0.1933,crop50_jpeg,0.6419444680213928,0.0,0.9416666626930237
first,0.1933,macro_average,0.8386111259460449,,
first,0.19340000000000002,crop50,0.9416666626930237,0.30000001192092896,1.0
first,0.19340000000000002,crop50_blur,0.9322222471237183,0.18333333730697632,1.0
first,0.19340000000000002,crop50_jpeg,0.6419444680213928,0.0,0.9416666626930237
first,0.19340000000000002,macro_average,0.8386111259460449,,
first,0.1935,crop50,0.9416666626930237,0.30000001192092896,1.0
first,0.1935,crop50_blur,0.9322222471237183,0.18333333730697632,1.0
first,0.1935,crop50_jpeg,0.6419444680213928,0.0,0.9416666626930237
first,0.1935,macro_average,0.8386111259460449,,
first,0.1936,crop50,0.9416666626930237,0.30000001192092896,1.0
first,0.1936,crop50_blur,0.9322222471237183,0.18333333730697632,1.0
first,0.1936,crop50_jpeg,0.6419444680213928,0.0,0.9416666626930237
first,0.1936,macro_average,0.8386111259460449,,
first,0.19369999999999998,crop50,0.9416666626930237,0.30000001192092896,1.0
first,0.19369999999999998,crop50_blur,0.9322222471237183,0.18333333730697632,1.0
first,0.19369999999999998,crop50_jpeg,0.6419444680213928,0.0,0.9416666626930237
first,0.19369999999999998,macro_average,0.8386111259460449,,
first,0.1938,crop50,0.9416666626930237,0.30000001192092896,1.0
first,0.1938,crop50_blur,0.9322222471237183,0.18333333730697632,1.0
first,0.1938,crop50_jpeg,0.6419444680213928,0.0,0.9416666626930237
first,0.1938,macro_average,0.8386111259460449,,
first,0.19390000000000002,crop50,0.9416666626930237,0.30000001192092896,1.0
first,0.19390000000000002,crop50_blur,0.9322222471237183,0.18333333730697632,1.0
first,0.19390000000000002,crop50_jpeg,0.6419444680213928,0.0,0.9416666626930237
first,0.19390000000000002,macro_average,0.8386111259460449,,
first,0.194,crop50,0.9416666626930237,0.30000001192092896,1.0
first,0.194,crop50_blur,0.9322222471237183,0.18333333730697632,1.0
first,0.194,crop50_jpeg,0.6419444680213928,0.0,0.9416666626930237
first,0.194,macro_average,0.8386111259460449,,
first,0.1941,crop50,0.9416666626930237,0.30000001192092896,1.0
first,0.1941,crop50_blur,0.9322222471237183,0.18333333730697632,1.0
first,0.1941,crop50_jpeg,0.6419444680213928,0.0,0.9416666626930237
first,0.1941,macro_average,0.8386111259460449,,
first,0.19419999999999998,crop50,0.9416666626930237,0.30000001192092896,1.0
first,0.19419999999999998,crop50_blur,0.9322222471237183,0.18333333730697632,1.0
first,0.19419999999999998,crop50_jpeg,0.6419444680213928,0.0,0.9416666626930237
first,0.19419999999999998,macro_average,0.8386111259460449,,
first,0.1943,crop50,0.9416666626930237,0.30000001192092896,1.0
first,0.1943,crop50_blur,0.9322222471237183,0.18333333730697632,1.0
first,0.1943,crop50_jpeg,0.6419444680213928,0.0,0.9416666626930237
first,0.1943,macro_average,0.8386111259460449,,
first,0.19440000000000002,crop50,0.9416666626930237,0.30000001192092896,1.0
first,0.19440000000000002,crop50_blur,0.9322222471237183,0.18333333730697632,1.0
first,0.19440000000000002,crop50_jpeg,0.6419444680213928,0.0,0.9416666626930237
first,0.19440000000000002,macro_average,0.8386111259460449,,
first,0.1945,crop50,0.9416666626930237,0.30000001192092896,1.0
first,0.1945,crop50_blur,0.9322222471237183,0.18333333730697632,1.0
first,0.1945,crop50_jpeg,0.6419444680213928,0.0,0.9416666626930237
first,0.1945,macro_average,0.8386111259460449,,
first,0.1946,crop50,0.9416666626930237,0.30000001192092896,1.0
first,0.1946,crop50_blur,0.9322222471237183,0.18333333730697632,1.0
first,0.1946,crop50_jpeg,0.6419444680213928,0.0,0.9416666626930237
first,0.1946,macro_average,0.8386111259460449,,
first,0.19469999999999998,crop50,0.9416666626930237,0.30000001192092896,1.0
first,0.19469999999999998,crop50_blur,0.9322222471237183,0.18333333730697632,1.0
first,0.19469999999999998,crop50_jpeg,0.6419444680213928,0.0,0.9416666626930237
first,0.19469999999999998,macro_average,0.8386111259460449,,
first,0.1948,crop50,0.9416666626930237,0.30000001192092896,1.0
first,0.1948,crop50_blur,0.9322222471237183,0.18333333730697632,1.0
first,0.1948,crop50_jpeg,0.6419444680213928,0.0,0.9416666626930237
first,0.1948,macro_average,0.8386111259460449,,
first,0.19490000000000002,crop50,0.9416666626930237,0.30000001192092896,1.0
first,0.19490000000000002,crop50_blur,0.9322222471237183,0.18333333730697632,1.0
first,0.19490000000000002,crop50_jpeg,0.6419444680213928,0.0,0.9416666626930237
first,0.19490000000000002,macro_average,0.8386111259460449,,
first,0.195,crop50,0.9416666626930237,0.30000001192092896,1.0
first,0.195,crop50_blur,0.9322222471237183,0.18333333730697632,1.0
first,0.195,crop50_jpeg,0.6419444680213928,0.0,0.9416666626930237
first,0.195,macro_average,0.8386111259460449,,
first,0.1951,crop50,0.9416666626930237,0.30000001192092896,1.0
first,0.1951,crop50_blur,0.9322222471237183,0.18333333730697632,1.0
first,0.1951,crop50_jpeg,0.6419444680213928,0.0,0.9416666626930237
first,0.1951,macro_average,0.8386111259460449,,
first,0.19519999999999998,crop50,0.9416666626930237,0.30000001192092896,1.0
first,0.19519999999999998,crop50_blur,0.9322222471237183,0.18333333730697632,1.0
first,0.19519999999999998,crop50_jpeg,0.6419444680213928,0.0,0.9416666626930237
first,0.19519999999999998,macro_average,0.8386111259460449,,
first,0.1953,crop50,0.9416666626930237,0.30000001192092896,1.0
first,0.1953,crop50_blur,0.9322222471237183,0.18333333730697632,1.0
first,0.1953,crop50_jpeg,0.6419444680213928,0.0,0.9416666626930237
first,0.1953,macro_average,0.8386111259460449,,
first,0.19540000000000002,crop50,0.9416666626930237,0.30000001192092896,1.0
first,0.19540000000000002,crop50_blur,0.9322222471237183,0.18333333730697632,1.0
first,0.19540000000000002,crop50_jpeg,0.6419444680213928,0.0,0.9416666626930237
first,0.19540000000000002,macro_average,0.8386111259460449,,
first,0.1955,crop50,0.9416666626930237,0.30000001192092896,1.0
first,0.1955,crop50_blur,0.9322222471237183,0.18333333730697632,1.0
first,0.1955,crop50_jpeg,0.6419444680213928,0.0,0.9416666626930237
first,0.1955,macro_average,0.8386111259460449,,
first,0.1956,crop50,0.9416666626930237,0.30000001192092896,1.0
first,0.1956,crop50_blur,0.9322222471237183,0.18333333730697632,1.0
first,0.1956,crop50_jpeg,0.6419444680213928,0.0,0.9416666626930237
first,0.1956,macro_average,0.8386111259460449,,
first,0.19569999999999999,crop50,0.9416666626930237,0.30000001192092896,1.0
first,0.19569999999999999,crop50_blur,0.9322222471237183,0.18333333730697632,1.0
first,0.19569999999999999,crop50_jpeg,0.6419444680213928,0.0,0.949999988079071
first,0.19569999999999999,macro_average,0.8386111259460449,,
first,0.1958,crop50,0.9416666626930237,0.30000001192092896,1.0
first,0.1958,crop50_blur,0.9322222471237183,0.18333333730697632,1.0
first,0.1958,crop50_jpeg,0.6419444680213928,0.0,0.949999988079071
first,0.1958,macro_average,0.8386111259460449,,
first,0.19590000000000002,crop50,0.9416666626930237,0.30000001192092896,1.0
first,0.19590000000000002,crop50_blur,0.9322222471237183,0.18333333730697632,1.0
first,0.19590000000000002,crop50_jpeg,0.6419444680213928,0.0,0.949999988079071
first,0.19590000000000002,macro_average,0.8386111259460449,,
first,0.196,crop50,0.9416666626930237,0.30000001192092896,1.0
first,0.196,crop50_blur,0.9322222471237183,0.18333333730697632,1.0
first,0.196,crop50_jpeg,0.6419444680213928,0.0,0.949999988079071
first,0.196,macro_average,0.8386111259460449,,
first,0.1961,crop50,0.9416666626930237,0.30000001192092896,1.0
first,0.1961,crop50_blur,0.9322222471237183,0.18333333730697632,1.0
first,0.1961,crop50_jpeg,0.6419444680213928,0.0,0.949999988079071
first,0.1961,macro_average,0.8386111259460449,,
first,0.19619999999999999,crop50,0.9416666626930237,0.30000001192092896,1.0
first,0.19619999999999999,crop50_blur,0.9322222471237183,0.18333333730697632,1.0
first,0.19619999999999999,crop50_jpeg,0.6419444680213928,0.0,0.949999988079071
first,0.19619999999999999,macro_average,0.8386111259460449,,
first,0.1963,crop50,0.9416666626930237,0.30000001192092896,1.0
first,0.1963,crop50_blur,0.9322222471237183,0.18333333730697632,1.0
first,0.1963,crop50_jpeg,0.6419444680213928,0.0,0.949999988079071
first,0.1963,macro_average,0.8386111259460449,,
first,0.19640000000000002,crop50,0.9416666626930237,0.30000001192092896,1.0
first,0.19640000000000002,crop50_blur,0.9322222471237183,0.18333333730697632,1.0
first,0.19640000000000002,crop50_jpeg,0.6419444680213928,0.0,0.949999988079071
first,0.19640000000000002,macro_average,0.8386111259460449,,
first,0.1965,crop50,0.9416666626930237,0.30000001192092896,1.0
first,0.1965,crop50_blur,0.9322222471237183,0.18333333730697632,1.0
first,0.1965,crop50_jpeg,0.6419444680213928,0.0,0.949999988079071
first,0.1965,macro_average,0.8386111259460449,,
first,0.1966,crop50,0.9416666626930237,0.30000001192092896,1.0
first,0.1966,crop50_blur,0.9322222471237183,0.18333333730697632,1.0
first,0.1966,crop50_jpeg,0.6422222256660461,0.0,0.9583333134651184
first,0.1966,macro_average,0.8387037118275961,,
first,0.19669999999999999,crop50,0.9416666626930237,0.30000001192092896,1.0
first,0.19669999999999999,crop50_blur,0.9322222471237183,0.18333333730697632,1.0
first,0.19669999999999999,crop50_jpeg,0.6422222256660461,0.0,0.9583333134651184
first,0.19669999999999999,macro_average,0.8387037118275961,,
first,0.1968,crop50,0.9416666626930237,0.30000001192092896,1.0
first,0.1968,crop50_blur,0.9322222471237183,0.18333333730697632,1.0
first,0.1968,crop50_jpeg,0.6422222256660461,0.0,0.9583333134651184
first,0.1968,macro_average,0.8387037118275961,,
first,0.19690000000000002,crop50,0.9416666626930237,0.30000001192092896,1.0
first,0.19690000000000002,crop50_blur,0.9322222471237183,0.18333333730697632,1.0
first,0.19690000000000002,crop50_jpeg,0.6422222256660461,0.0,0.9583333134651184
first,0.19690000000000002,macro_average,0.8387037118275961,,
first,0.197,crop50,0.9416666626930237,0.30000001192092896,1.0
first,0.197,crop50_blur,0.9322222471237183,0.18333333730697632,1.0
first,0.197,crop50_jpeg,0.6422222256660461,0.0,0.9583333134651184
first,0.197,macro_average,0.8387037118275961,,
first,0.1971,crop50,0.9416666626930237,0.30000001192092896,1.0
first,0.1971,crop50_blur,0.9322222471237183,0.18333333730697632,1.0
first,0.1971,crop50_jpeg,0.6422222256660461,0.0,0.9583333134651184
first,0.1971,macro_average,0.8387037118275961,,
first,0.1972,crop50,0.9416666626930237,0.30000001192092896,1.0
first,0.1972,crop50_blur,0.9322222471237183,0.18333333730697632,1.0
first,0.1972,crop50_jpeg,0.6422222256660461,0.0,0.9583333134651184
first,0.1972,macro_average,0.8387037118275961,,
first,0.1973,crop50,0.9416666626930237,0.30000001192092896,1.0
first,0.1973,crop50_blur,0.9322222471237183,0.18333333730697632,1.0
first,0.1973,crop50_jpeg,0.6422222256660461,0.0,0.9583333134651184
first,0.1973,macro_average,0.8387037118275961,,
first,0.19740000000000002,crop50,0.9416666626930237,0.30000001192092896,1.0
first,0.19740000000000002,crop50_blur,0.9322222471237183,0.18333333730697632,1.0
first,0.19740000000000002,crop50_jpeg,0.6422222256660461,0.0,0.9583333134651184
first,0.19740000000000002,macro_average,0.8387037118275961,,
first,0.1975,crop50,0.9416666626930237,0.30000001192092896,1.0
first,0.1975,crop50_blur,0.9322222471237183,0.18333333730697632,1.0
first,0.1975,crop50_jpeg,0.6422222256660461,0.0,0.9583333134651184
first,0.1975,macro_average,0.8387037118275961,,
first,0.1976,crop50,0.9416666626930237,0.30000001192092896,1.0
first,0.1976,crop50_blur,0.9322222471237183,0.18333333730697632,1.0
first,0.1976,crop50_jpeg,0.6422222256660461,0.0,0.9583333134651184
first,0.1976,macro_average,0.8387037118275961,,
first,0.1977,crop50,0.9416666626930237,0.30000001192092896,1.0
first,0.1977,crop50_blur,0.9322222471237183,0.18333333730697632,1.0
first,0.1977,crop50_jpeg,0.6422222256660461,0.0,0.9583333134651184
first,0.1977,macro_average,0.8387037118275961,,
first,0.1978,crop50,0.9416666626930237,0.30000001192092896,1.0
first,0.1978,crop50_blur,0.9322222471237183,0.18333333730697632,1.0
first,0.1978,crop50_jpeg,0.6422222256660461,0.0,0.9583333134651184
first,0.1978,macro_average,0.8387037118275961,,
first,0.1979,crop50,0.9416666626930237,0.30000001192092896,1.0
first,0.1979,crop50_blur,0.9322222471237183,0.18333333730697632,1.0
first,0.1979,crop50_jpeg,0.6422222256660461,0.0,0.9583333134651184
first,0.1979,macro_average,0.8387037118275961,,
first,0.198,crop50,0.9416666626930237,0.30000001192092896,1.0
first,0.198,crop50_blur,0.9322222471237183,0.18333333730697632,1.0
first,0.198,crop50_jpeg,0.6422222256660461,0.0,0.9583333134651184
first,0.198,macro_average,0.8387037118275961,,
first,0.1981,crop50,0.9416666626930237,0.30000001192092896,1.0
first,0.1981,crop50_blur,0.9322222471237183,0.18333333730697632,1.0
first,0.1981,crop50_jpeg,0.6422222256660461,0.0,0.9583333134651184
first,0.1981,macro_average,0.8387037118275961,,
first,0.1982,crop50,0.9416666626930237,0.30000001192092896,1.0
first,0.1982,crop50_blur,0.9322222471237183,0.18333333730697632,1.0
first,0.1982,crop50_jpeg,0.6422222256660461,0.0,0.9583333134651184
first,0.1982,macro_average,0.8387037118275961,,
first,0.1983,crop50,0.9416666626930237,0.30000001192092896,1.0
first,0.1983,crop50_blur,0.9322222471237183,0.18333333730697632,1.0
first,0.1983,crop50_jpeg,0.6422222256660461,0.0,0.9583333134651184
first,0.1983,macro_average,0.8387037118275961,,
first,0.1984,crop50,0.9416666626930237,0.30000001192092896,1.0
first,0.1984,crop50_blur,0.9322222471237183,0.18333333730697632,1.0
first,0.1984,crop50_jpeg,0.6422222256660461,0.0,0.9583333134651184
first,0.1984,macro_average,0.8387037118275961,,
first,0.1985,crop50,0.9416666626930237,0.30000001192092896,1.0
first,0.1985,crop50_blur,0.9322222471237183,0.18333333730697632,1.0
first,0.1985,crop50_jpeg,0.6422222256660461,0.0,0.9583333134651184
first,0.1985,macro_average,0.8387037118275961,,
first,0.1986,crop50,0.9416666626930237,0.30000001192092896,1.0
first,0.1986,crop50_blur,0.9322222471237183,0.18333333730697632,1.0
first,0.1986,crop50_jpeg,0.6422222256660461,0.0,0.9583333134651184
first,0.1986,macro_average,0.8387037118275961,,
first,0.1987,crop50,0.9416666626930237,0.30000001192092896,1.0
first,0.1987,crop50_blur,0.9322222471237183,0.18333333730697632,1.0
first,0.1987,crop50_jpeg,0.6422222256660461,0.0,0.9583333134651184
first,0.1987,macro_average,0.8387037118275961,,
first,0.1988,crop50,0.9416666626930237,0.30000001192092896,1.0
first,0.1988,crop50_blur,0.9322222471237183,0.18333333730697632,1.0
first,0.1988,crop50_jpeg,0.6422222256660461,0.0,0.9583333134651184
first,0.1988,macro_average,0.8387037118275961,,
first,0.1989,crop50,0.9416666626930237,0.30000001192092896,1.0
first,0.1989,crop50_blur,0.9322222471237183,0.18333333730697632,1.0
first,0.1989,crop50_jpeg,0.6424999833106995,0.0,0.9666666388511658
first,0.1989,macro_average,0.8387962977091471,,
first,0.199,crop50,0.9416666626930237,0.30000001192092896,1.0
first,0.199,crop50_blur,0.9322222471237183,0.18333333730697632,1.0
first,0.199,crop50_jpeg,0.6424999833106995,0.0,0.9666666388511658
first,0.199,macro_average,0.8387962977091471,,
first,0.1991,crop50,0.9416666626930237,0.30000001192092896,1.0
first,0.1991,crop50_blur,0.9322222471237183,0.18333333730697632,1.0
first,0.1991,crop50_jpeg,0.6424999833106995,0.0,0.9666666388511658
first,0.1991,macro_average,0.8387962977091471,,
first,0.1992,crop50,0.9416666626930237,0.30000001192092896,1.0
first,0.1992,crop50_blur,0.9322222471237183,0.18333333730697632,1.0
first,0.1992,crop50_jpeg,0.6424999833106995,0.0,0.9666666388511658
first,0.1992,macro_average,0.8387962977091471,,
first,0.1993,crop50,0.9416666626930237,0.30000001192092896,1.0
first,0.1993,crop50_blur,0.9322222471237183,0.18333333730697632,1.0
first,0.1993,crop50_jpeg,0.6424999833106995,0.0,0.9666666388511658
first,0.1993,macro_average,0.8387962977091471,,
first,0.1994,crop50,0.9416666626930237,0.30000001192092896,1.0
first,0.1994,crop50_blur,0.9322222471237183,0.18333333730697632,1.0
first,0.1994,crop50_jpeg,0.6424999833106995,0.0,0.9666666388511658
first,0.1994,macro_average,0.8387962977091471,,
first,0.1995,crop50,0.9416666626930237,0.30000001192092896,1.0
first,0.1995,crop50_blur,0.9322222471237183,0.18333333730697632,1.0
first,0.1995,crop50_jpeg,0.6424999833106995,0.0,0.9666666388511658
first,0.1995,macro_average,0.8387962977091471,,
first,0.1996,crop50,0.9416666626930237,0.30000001192092896,1.0
first,0.1996,crop50_blur,0.9322222471237183,0.18333333730697632,1.0
first,0.1996,crop50_jpeg,0.6424999833106995,0.0,0.9666666388511658
first,0.1996,macro_average,0.8387962977091471,,
first,0.1997,crop50,0.9416666626930237,0.30000001192092896,1.0
first,0.1997,crop50_blur,0.9322222471237183,0.18333333730697632,1.0
first,0.1997,crop50_jpeg,0.6424999833106995,0.0,0.9666666388511658
first,0.1997,macro_average,0.8387962977091471,,
first,0.1998,crop50,0.9416666626930237,0.30000001192092896,1.0
first,0.1998,crop50_blur,0.9322222471237183,0.18333333730697632,1.0
first,0.1998,crop50_jpeg,0.6424999833106995,0.0,0.9666666388511658
first,0.1998,macro_average,0.8387962977091471,,
first,0.1999,crop50,0.9416666626930237,0.30000001192092896,1.0
first,0.1999,crop50_blur,0.9322222471237183,0.18333333730697632,1.0
first,0.1999,crop50_jpeg,0.6424999833106995,0.0,0.9666666388511658
first,0.1999,macro_average,0.8387962977091471,,
first,0.2,crop50,0.9416666626930237,0.30000001192092896,1.0
first,0.2,crop50_blur,0.9322222471237183,0.18333333730697632,1.0
first,0.2,crop50_jpeg,0.6424999833106995,0.0,0.9666666388511658
first,0.2,macro_average,0.8387962977091471,,
first,0.2001,crop50,0.9416666626930237,0.30000001192092896,1.0
first,0.2001,crop50_blur,0.9322222471237183,0.18333333730697632,1.0
first,0.2001,crop50_jpeg,0.6424999833106995,0.0,0.9666666388511658
first,0.2001,macro_average,0.8387962977091471,,
first,0.2002,crop50,0.9416666626930237,0.30000001192092896,1.0
first,0.2002,crop50_blur,0.9322222471237183,0.18333333730697632,1.0
first,0.2002,crop50_jpeg,0.6424999833106995,0.0,0.9666666388511658
first,0.2002,macro_average,0.8387962977091471,,
first,0.2003,crop50,0.9416666626930237,0.30000001192092896,1.0
first,0.2003,crop50_blur,0.9322222471237183,0.18333333730697632,1.0
first,0.2003,crop50_jpeg,0.6424999833106995,0.0,0.9666666388511658
first,0.2003,macro_average,0.8387962977091471,,
first,0.2004,crop50,0.9416666626930237,0.30000001192092896,1.0
first,0.2004,crop50_blur,0.9322222471237183,0.18333333730697632,1.0
first,0.2004,crop50_jpeg,0.6424999833106995,0.0,0.9666666388511658
first,0.2004,macro_average,0.8387962977091471,,
first,0.2005,crop50,0.9416666626930237,0.30000001192092896,1.0
first,0.2005,crop50_blur,0.9322222471237183,0.18333333730697632,1.0
first,0.2005,crop50_jpeg,0.6424999833106995,0.0,0.9666666388511658
first,0.2005,macro_average,0.8387962977091471,,
first,0.2006,crop50,0.9416666626930237,0.30000001192092896,1.0
first,0.2006,crop50_blur,0.9322222471237183,0.18333333730697632,1.0
first,0.2006,crop50_jpeg,0.6424999833106995,0.0,0.9666666388511658
first,0.2006,macro_average,0.8387962977091471,,
first,0.2007,crop50,0.9416666626930237,0.30000001192092896,1.0
first,0.2007,crop50_blur,0.9322222471237183,0.18333333730697632,1.0
first,0.2007,crop50_jpeg,0.6424999833106995,0.0,0.9666666388511658
first,0.2007,macro_average,0.8387962977091471,,
first,0.2008,crop50,0.9416666626930237,0.30000001192092896,1.0
first,0.2008,crop50_blur,0.9322222471237183,0.18333333730697632,1.0
first,0.2008,crop50_jpeg,0.6424999833106995,0.0,0.9666666388511658
first,0.2008,macro_average,0.8387962977091471,,
first,0.2009,crop50,0.9416666626930237,0.30000001192092896,1.0
first,0.2009,crop50_blur,0.9322222471237183,0.18333333730697632,1.0
first,0.2009,crop50_jpeg,0.6424999833106995,0.0,0.9666666388511658
first,0.2009,macro_average,0.8387962977091471,,
first,0.201,crop50,0.9416666626930237,0.30000001192092896,1.0
first,0.201,crop50_blur,0.9322222471237183,0.18333333730697632,1.0
first,0.201,crop50_jpeg,0.6424999833106995,0.0,0.9666666388511658
first,0.201,macro_average,0.8387962977091471,,
first,0.2011,crop50,0.9416666626930237,0.30000001192092896,1.0
first,0.2011,crop50_blur,0.9322222471237183,0.18333333730697632,1.0
first,0.2011,crop50_jpeg,0.6424999833106995,0.0,0.9666666388511658
first,0.2011,macro_average,0.8387962977091471,,
first,0.2012,crop50,0.9416666626930237,0.30000001192092896,1.0
first,0.2012,crop50_blur,0.9322222471237183,0.18333333730697632,1.0
first,0.2012,crop50_jpeg,0.6424999833106995,0.0,0.9666666388511658
first,0.2012,macro_average,0.8387962977091471,,
first,0.20129999999999998,crop50,0.9416666626930237,0.30000001192092896,1.0
first,0.20129999999999998,crop50_blur,0.9322222471237183,0.18333333730697632,1.0
first,0.20129999999999998,crop50_jpeg,0.6424999833106995,0.0,0.9666666388511658
first,0.20129999999999998,macro_average,0.8387962977091471,,
first,0.2014,crop50,0.9416666626930237,0.30000001192092896,1.0
first,0.2014,crop50_blur,0.9322222471237183,0.18333333730697632,1.0
first,0.2014,crop50_jpeg,0.6424999833106995,0.0,0.9666666388511658
first,0.2014,macro_average,0.8387962977091471,,
first,0.2015,crop50,0.9416666626930237,0.30000001192092896,1.0
first,0.2015,crop50_blur,0.9322222471237183,0.18333333730697632,1.0
first,0.2015,crop50_jpeg,0.6424999833106995,0.0,0.9666666388511658
first,0.2015,macro_average,0.8387962977091471,,
first,0.2016,crop50,0.9416666626930237,0.30000001192092896,1.0
first,0.2016,crop50_blur,0.9322222471237183,0.18333333730697632,1.0
first,0.2016,crop50_jpeg,0.6424999833106995,0.0,0.9666666388511658
first,0.2016,macro_average,0.8387962977091471,,
first,0.2017,crop50,0.9416666626930237,0.30000001192092896,1.0
first,0.2017,crop50_blur,0.9322222471237183,0.18333333730697632,1.0
first,0.2017,crop50_jpeg,0.6424999833106995,0.0,0.9666666388511658
first,0.2017,macro_average,0.8387962977091471,,
first,0.20179999999999998,crop50,0.9416666626930237,0.30000001192092896,1.0
first,0.20179999999999998,crop50_blur,0.9322222471237183,0.18333333730697632,1.0
first,0.20179999999999998,crop50_jpeg,0.6424999833106995,0.0,0.9666666388511658
first,0.20179999999999998,macro_average,0.8387962977091471,,
first,0.2019,crop50,0.9416666626930237,0.30000001192092896,1.0
first,0.2019,crop50_blur,0.9322222471237183,0.18333333730697632,1.0
first,0.2019,crop50_jpeg,0.6424999833106995,0.0,0.9666666388511658
first,0.2019,macro_average,0.8387962977091471,,
first,0.202,crop50,0.9416666626930237,0.30000001192092896,1.0
first,0.202,crop50_blur,0.9322222471237183,0.18333333730697632,1.0
first,0.202,crop50_jpeg,0.6424999833106995,0.0,0.9666666388511658
first,0.202,macro_average,0.8387962977091471,,
first,0.2021,crop50,0.9416666626930237,0.30000001192092896,1.0
first,0.2021,crop50_blur,0.9322222471237183,0.18333333730697632,1.0
first,0.2021,crop50_jpeg,0.6424999833106995,0.0,0.9666666388511658
first,0.2021,macro_average,0.8387962977091471,,
first,0.2022,crop50,0.9416666626930237,0.30000001192092896,1.0
first,0.2022,crop50_blur,0.9322222471237183,0.18333333730697632,1.0
first,0.2022,crop50_jpeg,0.6424999833106995,0.0,0.9666666388511658
first,0.2022,macro_average,0.8387962977091471,,
first,0.20229999999999998,crop50,0.9416666626930237,0.30000001192092896,1.0
first,0.20229999999999998,crop50_blur,0.9322222471237183,0.18333333730697632,1.0
first,0.20229999999999998,crop50_jpeg,0.6424999833106995,0.0,0.9666666388511658
first,0.20229999999999998,macro_average,0.8387962977091471,,
first,0.2024,crop50,0.9416666626930237,0.30000001192092896,1.0
first,0.2024,crop50_blur,0.9322222471237183,0.18333333730697632,1.0
first,0.2024,crop50_jpeg,0.6424999833106995,0.0,0.9666666388511658
first,0.2024,macro_average,0.8387962977091471,,
first,0.2025,crop50,0.9416666626930237,0.30000001192092896,1.0
first,0.2025,crop50_blur,0.9322222471237183,0.18333333730697632,1.0
first,0.2025,crop50_jpeg,0.6424999833106995,0.0,0.9666666388511658
first,0.2025,macro_average,0.8387962977091471,,
first,0.2026,crop50,0.9416666626930237,0.30000001192092896,1.0
first,0.2026,crop50_blur,0.9322222471237183,0.18333333730697632,1.0
first,0.2026,crop50_jpeg,0.6424999833106995,0.0,0.9666666388511658
first,0.2026,macro_average,0.8387962977091471,,
first,0.2027,crop50,0.9416666626930237,0.30000001192092896,1.0
first,0.2027,crop50_blur,0.9322222471237183,0.18333333730697632,1.0
first,0.2027,crop50_jpeg,0.6424999833106995,0.0,0.9666666388511658
first,0.2027,macro_average,0.8387962977091471,,
first,0.20279999999999998,crop50,0.9416666626930237,0.30000001192092896,1.0
first,0.20279999999999998,crop50_blur,0.9322222471237183,0.18333333730697632,1.0
first,0.20279999999999998,crop50_jpeg,0.6424999833106995,0.0,0.9666666388511658
first,0.20279999999999998,macro_average,0.8387962977091471,,
first,0.2029,crop50,0.9416666626930237,0.30000001192092896,1.0
first,0.2029,crop50_blur,0.9322222471237183,0.18333333730697632,1.0
first,0.2029,crop50_jpeg,0.6424999833106995,0.0,0.9666666388511658
first,0.2029,macro_average,0.8387962977091471,,
first,0.203,crop50,0.9416666626930237,0.30000001192092896,1.0
first,0.203,crop50_blur,0.9322222471237183,0.18333333730697632,1.0
first,0.203,crop50_jpeg,0.6424999833106995,0.0,0.9666666388511658
first,0.203,macro_average,0.8387962977091471,,
first,0.2031,crop50,0.9416666626930237,0.30000001192092896,1.0
first,0.2031,crop50_blur,0.9322222471237183,0.18333333730697632,1.0
first,0.2031,crop50_jpeg,0.6424999833106995,0.0,0.9666666388511658
first,0.2031,macro_average,0.8387962977091471,,
first,0.2032,crop50,0.9416666626930237,0.30000001192092896,1.0
first,0.2032,crop50_blur,0.9322222471237183,0.18333333730697632,1.0
first,0.2032,crop50_jpeg,0.6424999833106995,0.0,0.9666666388511658
first,0.2032,macro_average,0.8387962977091471,,
first,0.20329999999999998,crop50,0.9416666626930237,0.30000001192092896,1.0
first,0.20329999999999998,crop50_blur,0.9322222471237183,0.18333333730697632,1.0
first,0.20329999999999998,crop50_jpeg,0.6424999833106995,0.0,0.9666666388511658
first,0.20329999999999998,macro_average,0.8387962977091471,,
first,0.2034,crop50,0.9416666626930237,0.30000001192092896,1.0
first,0.2034,crop50_blur,0.9322222471237183,0.18333333730697632,1.0
first,0.2034,crop50_jpeg,0.6424999833106995,0.0,0.9666666388511658
first,0.2034,macro_average,0.8387962977091471,,
first,0.20350000000000001,crop50,0.9416666626930237,0.30000001192092896,1.0
first,0.20350000000000001,crop50_blur,0.9322222471237183,0.18333333730697632,1.0
first,0.20350000000000001,crop50_jpeg,0.6424999833106995,0.0,0.9666666388511658
first,0.20350000000000001,macro_average,0.8387962977091471,,
first,0.2036,crop50,0.9416666626930237,0.30000001192092896,1.0
first,0.2036,crop50_blur,0.9322222471237183,0.18333333730697632,1.0
first,0.2036,crop50_jpeg,0.6424999833106995,0.0,0.9666666388511658
first,0.2036,macro_average,0.8387962977091471,,
first,0.2037,crop50,0.9416666626930237,0.30000001192092896,1.0
first,0.2037,crop50_blur,0.9322222471237183,0.18333333730697632,1.0
first,0.2037,crop50_jpeg,0.6424999833106995,0.0,0.9666666388511658
first,0.2037,macro_average,0.8387962977091471,,
first,0.20379999999999998,crop50,0.9416666626930237,0.30000001192092896,1.0
first,0.20379999999999998,crop50_blur,0.9322222471237183,0.18333333730697632,1.0
first,0.20379999999999998,crop50_jpeg,0.6424999833106995,0.0,0.9666666388511658
first,0.20379999999999998,macro_average,0.8387962977091471,,
first,0.2039,crop50,0.9416666626930237,0.30000001192092896,1.0
first,0.2039,crop50_blur,0.9322222471237183,0.18333333730697632,1.0
first,0.2039,crop50_jpeg,0.6424999833106995,0.0,0.9666666388511658
first,0.2039,macro_average,0.8387962977091471,,
first,0.20400000000000001,crop50,0.9416666626930237,0.30000001192092896,1.0
first,0.20400000000000001,crop50_blur,0.9322222471237183,0.18333333730697632,1.0
first,0.20400000000000001,crop50_jpeg,0.6424999833106995,0.0,0.9666666388511658
first,0.20400000000000001,macro_average,0.8387962977091471,,
first,0.2041,crop50,0.9416666626930237,0.30000001192092896,1.0
first,0.2041,crop50_blur,0.9322222471237183,0.18333333730697632,1.0
first,0.2041,crop50_jpeg,0.6424999833106995,0.0,0.9666666388511658
first,0.2041,macro_average,0.8387962977091471,,
first,0.2042,crop50,0.9416666626930237,0.30000001192092896,1.0
first,0.2042,crop50_blur,0.9322222471237183,0.18333333730697632,1.0
first,0.2042,crop50_jpeg,0.6424999833106995,0.0,0.9666666388511658
first,0.2042,macro_average,0.8387962977091471,,
first,0.20429999999999998,crop50,0.9416666626930237,0.30000001192092896,1.0
first,0.20429999999999998,crop50_blur,0.9322222471237183,0.18333333730697632,1.0
first,0.20429999999999998,crop50_jpeg,0.6424999833106995,0.0,0.9666666388511658
first,0.20429999999999998,macro_average,0.8387962977091471,,
first,0.2044,crop50,0.9416666626930237,0.30000001192092896,1.0
first,0.2044,crop50_blur,0.9322222471237183,0.18333333730697632,1.0
first,0.2044,crop50_jpeg,0.6424999833106995,0.0,0.9666666388511658
first,0.2044,macro_average,0.8387962977091471,,
first,0.20450000000000002,crop50,0.9416666626930237,0.30000001192092896,1.0
first,0.20450000000000002,crop50_blur,0.9322222471237183,0.18333333730697632,1.0
first,0.20450000000000002,crop50_jpeg,0.6424999833106995,0.0,0.9666666388511658
first,0.20450000000000002,macro_average,0.8387962977091471,,
first,0.2046,crop50,0.9416666626930237,0.30000001192092896,1.0
first,0.2046,crop50_blur,0.9322222471237183,0.18333333730697632,1.0
first,0.2046,crop50_jpeg,0.6424999833106995,0.0,0.9666666388511658
first,0.2046,macro_average,0.8387962977091471,,
first,0.2047,crop50,0.9416666626930237,0.30000001192092896,1.0
first,0.2047,crop50_blur,0.9322222471237183,0.18333333730697632,1.0
first,0.2047,crop50_jpeg,0.6424999833106995,0.0,0.9666666388511658
first,0.2047,macro_average,0.8387962977091471,,
first,0.20479999999999998,crop50,0.9416666626930237,0.30000001192092896,1.0
first,0.20479999999999998,crop50_blur,0.9322222471237183,0.18333333730697632,1.0
first,0.20479999999999998,crop50_jpeg,0.6424999833106995,0.0,0.9666666388511658
first,0.20479999999999998,macro_average,0.8387962977091471,,
first,0.2049,crop50,0.9416666626930237,0.30000001192092896,1.0
first,0.2049,crop50_blur,0.9322222471237183,0.18333333730697632,1.0
first,0.2049,crop50_jpeg,0.6424999833106995,0.0,0.9666666388511658
first,0.2049,macro_average,0.8387962977091471,,
first,0.20500000000000002,crop50,0.9416666626930237,0.30000001192092896,1.0
first,0.20500000000000002,crop50_blur,0.9322222471237183,0.18333333730697632,1.0
first,0.20500000000000002,crop50_jpeg,0.6424999833106995,0.0,0.9666666388511658
first,0.20500000000000002,macro_average,0.8387962977091471,,
first,0.2051,crop50,0.9416666626930237,0.30000001192092896,1.0
first,0.2051,crop50_blur,0.9322222471237183,0.18333333730697632,1.0
first,0.2051,crop50_jpeg,0.6424999833106995,0.0,0.9666666388511658
first,0.2051,macro_average,0.8387962977091471,,
first,0.2052,crop50,0.9416666626930237,0.30000001192092896,1.0
first,0.2052,crop50_blur,0.9322222471237183,0.18333333730697632,1.0
first,0.2052,crop50_jpeg,0.6424999833106995,0.0,0.9666666388511658
first,0.2052,macro_average,0.8387962977091471,,
first,0.20529999999999998,crop50,0.9416666626930237,0.30000001192092896,1.0
first,0.20529999999999998,crop50_blur,0.9322222471237183,0.18333333730697632,1.0
first,0.20529999999999998,crop50_jpeg,0.6424999833106995,0.0,0.9666666388511658
first,0.20529999999999998,macro_average,0.8387962977091471,,
first,0.2054,crop50,0.9416666626930237,0.30000001192092896,1.0
first,0.2054,crop50_blur,0.9322222471237183,0.18333333730697632,1.0
first,0.2054,crop50_jpeg,0.6424999833106995,0.0,0.9666666388511658
first,0.2054,macro_average,0.8387962977091471,,
first,0.20550000000000002,crop50,0.9416666626930237,0.30000001192092896,1.0
first,0.20550000000000002,crop50_blur,0.9322222471237183,0.18333333730697632,1.0
first,0.20550000000000002,crop50_jpeg,0.6424999833106995,0.0,0.9666666388511658
first,0.20550000000000002,macro_average,0.8387962977091471,,
first,0.2056,crop50,0.9416666626930237,0.30000001192092896,1.0
first,0.2056,crop50_blur,0.9322222471237183,0.18333333730697632,1.0
first,0.2056,crop50_jpeg,0.6424999833106995,0.0,0.9666666388511658
first,0.2056,macro_average,0.8387962977091471,,
first,0.2057,crop50,0.9416666626930237,0.30000001192092896,1.0
first,0.2057,crop50_blur,0.9322222471237183,0.18333333730697632,1.0
first,0.2057,crop50_jpeg,0.6424999833106995,0.0,0.9666666388511658
first,0.2057,macro_average,0.8387962977091471,,
first,0.20579999999999998,crop50,0.9416666626930237,0.30000001192092896,1.0
first,0.20579999999999998,crop50_blur,0.9322222471237183,0.18333333730697632,1.0
first,0.20579999999999998,crop50_jpeg,0.6424999833106995,0.0,0.9666666388511658
first,0.20579999999999998,macro_average,0.8387962977091471,,
first,0.2059,crop50,0.9416666626930237,0.30000001192092896,1.0
first,0.2059,crop50_blur,0.9322222471237183,0.18333333730697632,1.0
first,0.2059,crop50_jpeg,0.6424999833106995,0.0,0.9666666388511658
first,0.2059,macro_average,0.8387962977091471,,
first,0.20600000000000002,crop50,0.9416666626930237,0.30000001192092896,1.0
first,0.20600000000000002,crop50_blur,0.9322222471237183,0.18333333730697632,1.0
first,0.20600000000000002,crop50_jpeg,0.6424999833106995,0.0,0.9666666388511658
first,0.20600000000000002,macro_average,0.8387962977091471,,
first,0.2061,crop50,0.9416666626930237,0.30000001192092896,1.0
first,0.2061,crop50_blur,0.9322222471237183,0.18333333730697632,1.0
first,0.2061,crop50_jpeg,0.6424999833106995,0.0,0.9666666388511658
first,0.2061,macro_average,0.8387962977091471,,
first,0.2062,crop50,0.9416666626930237,0.30000001192092896,1.0
first,0.2062,crop50_blur,0.9322222471237183,0.18333333730697632,1.0
first,0.2062,crop50_jpeg,0.6424999833106995,0.0,0.9666666388511658
first,0.2062,macro_average,0.8387962977091471,,
first,0.20629999999999998,crop50,0.9416666626930237,0.30000001192092896,1.0
first,0.20629999999999998,crop50_blur,0.9322222471237183,0.18333333730697632,1.0
first,0.20629999999999998,crop50_jpeg,0.6424999833106995,0.0,0.9666666388511658
first,0.20629999999999998,macro_average,0.8387962977091471,,
first,0.2064,crop50,0.9416666626930237,0.30000001192092896,1.0
first,0.2064,crop50_blur,0.9322222471237183,0.18333333730697632,1.0
first,0.2064,crop50_jpeg,0.6424999833106995,0.0,0.9666666388511658
first,0.2064,macro_average,0.8387962977091471,,
first,0.20650000000000002,crop50,0.9416666626930237,0.30000001192092896,1.0
first,0.20650000000000002,crop50_blur,0.9322222471237183,0.18333333730697632,1.0
first,0.20650000000000002,crop50_jpeg,0.6424999833106995,0.0,0.9666666388511658
first,0.20650000000000002,macro_average,0.8387962977091471,,
first,0.2066,crop50,0.9416666626930237,0.30000001192092896,1.0
first,0.2066,crop50_blur,0.9322222471237183,0.18333333730697632,1.0
first,0.2066,crop50_jpeg,0.6422222256660461,0.0,0.9750000238418579
first,0.2066,macro_average,0.8387037118275961,,
first,0.2067,crop50,0.9416666626930237,0.30000001192092896,1.0
first,0.2067,crop50_blur,0.9322222471237183,0.18333333730697632,1.0
first,0.2067,crop50_jpeg,0.6422222256660461,0.0,0.9750000238418579
first,0.2067,macro_average,0.8387037118275961,,
first,0.20679999999999998,crop50,0.9416666626930237,0.30000001192092896,1.0
first,0.20679999999999998,crop50_blur,0.9322222471237183,0.18333333730697632,1.0
first,0.20679999999999998,crop50_jpeg,0.6422222256660461,0.0,0.9750000238418579
first,0.20679999999999998,macro_average,0.8387037118275961,,
first,0.2069,crop50,0.9416666626930237,0.30000001192092896,1.0
first,0.2069,crop50_blur,0.9322222471237183,0.18333333730697632,1.0
first,0.2069,crop50_jpeg,0.6422222256660461,0.0,0.9750000238418579
first,0.2069,macro_average,0.8387037118275961,,
first,0.20700000000000002,crop50,0.9416666626930237,0.30000001192092896,1.0
first,0.20700000000000002,crop50_blur,0.9322222471237183,0.18333333730697632,1.0
first,0.20700000000000002,crop50_jpeg,0.6422222256660461,0.0,0.9750000238418579
first,0.20700000000000002,macro_average,0.8387037118275961,,
first,0.2071,crop50,0.9416666626930237,0.30000001192092896,1.0
first,0.2071,crop50_blur,0.9322222471237183,0.18333333730697632,1.0
first,0.2071,crop50_jpeg,0.6422222256660461,0.0,0.9750000238418579
first,0.2071,macro_average,0.8387037118275961,,
first,0.2072,crop50,0.9416666626930237,0.30000001192092896,1.0
first,0.2072,crop50_blur,0.9322222471237183,0.18333333730697632,1.0
first,0.2072,crop50_jpeg,0.6422222256660461,0.0,0.9750000238418579
first,0.2072,macro_average,0.8387037118275961,,
first,0.20729999999999998,crop50,0.9416666626930237,0.30000001192092896,1.0
first,0.20729999999999998,crop50_blur,0.9322222471237183,0.18333333730697632,1.0
first,0.20729999999999998,crop50_jpeg,0.6422222256660461,0.0,0.9750000238418579
first,0.20729999999999998,macro_average,0.8387037118275961,,
first,0.2074,crop50,0.9416666626930237,0.30000001192092896,1.0
first,0.2074,crop50_blur,0.9322222471237183,0.18333333730697632,1.0
first,0.2074,crop50_jpeg,0.6422222256660461,0.0,0.9750000238418579
first,0.2074,macro_average,0.8387037118275961,,
first,0.20750000000000002,crop50,0.9416666626930237,0.30000001192092896,1.0
first,0.20750000000000002,crop50_blur,0.9322222471237183,0.18333333730697632,1.0
first,0.20750000000000002,crop50_jpeg,0.6422222256660461,0.0,0.9750000238418579
first,0.20750000000000002,macro_average,0.8387037118275961,,
first,0.2076,crop50,0.9416666626930237,0.30000001192092896,1.0
first,0.2076,crop50_blur,0.9322222471237183,0.18333333730697632,1.0
first,0.2076,crop50_jpeg,0.6419444680213928,0.0,0.9833333492279053
first,0.2076,macro_average,0.8386111259460449,,
first,0.2077,crop50,0.9416666626930237,0.30000001192092896,1.0
first,0.2077,crop50_blur,0.9322222471237183,0.18333333730697632,1.0
first,0.2077,crop50_jpeg,0.6419444680213928,0.0,0.9833333492279053
first,0.2077,macro_average,0.8386111259460449,,
first,0.20779999999999998,crop50,0.9416666626930237,0.30000001192092896,1.0
first,0.20779999999999998,crop50_blur,0.9322222471237183,0.18333333730697632,1.0
first,0.20779999999999998,crop50_jpeg,0.6419444680213928,0.0,0.9833333492279053
first,0.20779999999999998,macro_average,0.8386111259460449,,
first,0.2079,crop50,0.9416666626930237,0.30000001192092896,1.0
first,0.2079,crop50_blur,0.9322222471237183,0.18333333730697632,1.0
first,0.2079,crop50_jpeg,0.6419444680213928,0.0,0.9833333492279053
first,0.2079,macro_average,0.8386111259460449,,
first,0.20800000000000002,crop50,0.9416666626930237,0.30000001192092896,1.0
first,0.20800000000000002,crop50_blur,0.9322222471237183,0.18333333730697632,1.0
first,0.20800000000000002,crop50_jpeg,0.6419444680213928,0.0,0.9833333492279053
first,0.20800000000000002,macro_average,0.8386111259460449,,
first,0.2081,crop50,0.9416666626930237,0.30000001192092896,1.0
first,0.2081,crop50_blur,0.9322222471237183,0.18333333730697632,1.0
first,0.2081,crop50_jpeg,0.6419444680213928,0.0,0.9833333492279053
first,0.2081,macro_average,0.8386111259460449,,
first,0.2082,crop50,0.9416666626930237,0.30000001192092896,1.0
first,0.2082,crop50_blur,0.9322222471237183,0.18333333730697632,1.0
first,0.2082,crop50_jpeg,0.6419444680213928,0.0,0.9916666746139526
first,0.2082,macro_average,0.8386111259460449,,
first,0.20829999999999999,crop50,0.9416666626930237,0.30000001192092896,1.0
first,0.20829999999999999,crop50_blur,0.9322222471237183,0.18333333730697632,1.0
first,0.20829999999999999,crop50_jpeg,0.6419444680213928,0.0,0.9916666746139526
first,0.20829999999999999,macro_average,0.8386111259460449,,
first,0.2084,crop50,0.9416666626930237,0.30000001192092896,1.0
first,0.2084,crop50_blur,0.9322222471237183,0.18333333730697632,1.0
first,0.2084,crop50_jpeg,0.6419444680213928,0.0,0.9916666746139526
first,0.2084,macro_average,0.8386111259460449,,
first,0.20850000000000002,crop50,0.9416666626930237,0.30000001192092896,1.0
first,0.20850000000000002,crop50_blur,0.9322222471237183,0.18333333730697632,1.0
first,0.20850000000000002,crop50_jpeg,0.6419444680213928,0.0,0.9916666746139526
first,0.20850000000000002,macro_average,0.8386111259460449,,
first,0.2086,crop50,0.9416666626930237,0.30000001192092896,1.0
first,0.2086,crop50_blur,0.9322222471237183,0.18333333730697632,1.0
first,0.2086,crop50_jpeg,0.6419444680213928,0.0,0.9916666746139526
first,0.2086,macro_average,0.8386111259460449,,
first,0.2087,crop50,0.9416666626930237,0.30000001192092896,1.0
first,0.2087,crop50_blur,0.9322222471237183,0.18333333730697632,1.0
first,0.2087,crop50_jpeg,0.6419444680213928,0.0,0.9916666746139526
first,0.2087,macro_average,0.8386111259460449,,
first,0.20879999999999999,crop50,0.9416666626930237,0.30000001192092896,1.0
first,0.20879999999999999,crop50_blur,0.9322222471237183,0.18333333730697632,1.0
first,0.20879999999999999,crop50_jpeg,0.6419444680213928,0.0,0.9916666746139526
first,0.20879999999999999,macro_average,0.8386111259460449,,
first,0.2089,crop50,0.9416666626930237,0.30000001192092896,1.0
first,0.2089,crop50_blur,0.9322222471237183,0.18333333730697632,1.0
first,0.2089,crop50_jpeg,0.6419444680213928,0.0,0.9916666746139526
first,0.2089,macro_average,0.8386111259460449,,
first,0.20900000000000002,crop50,0.9416666626930237,0.30000001192092896,1.0
first,0.20900000000000002,crop50_blur,0.9322222471237183,0.18333333730697632,1.0
first,0.20900000000000002,crop50_jpeg,0.6419444680213928,0.0,0.9916666746139526
first,0.20900000000000002,macro_average,0.8386111259460449,,
first,0.2091,crop50,0.9416666626930237,0.30000001192092896,1.0
first,0.2091,crop50_blur,0.9322222471237183,0.18333333730697632,1.0
first,0.2091,crop50_jpeg,0.6419444680213928,0.0,0.9916666746139526
first,0.2091,macro_average,0.8386111259460449,,
first,0.2092,crop50,0.9416666626930237,0.30000001192092896,1.0
first,0.2092,crop50_blur,0.9322222471237183,0.18333333730697632,1.0
first,0.2092,crop50_jpeg,0.6419444680213928,0.0,0.9916666746139526
first,0.2092,macro_average,0.8386111259460449,,
first,0.20929999999999999,crop50,0.9416666626930237,0.30000001192092896,1.0
first,0.20929999999999999,crop50_blur,0.9322222471237183,0.18333333730697632,1.0
first,0.20929999999999999,crop50_jpeg,0.6419444680213928,0.0,0.9916666746139526
first,0.20929999999999999,macro_average,0.8386111259460449,,
first,0.2094,crop50,0.9416666626930237,0.30000001192092896,1.0
first,0.2094,crop50_blur,0.9322222471237183,0.18333333730697632,1.0
first,0.2094,crop50_jpeg,0.6419444680213928,0.0,0.9916666746139526
first,0.2094,macro_average,0.8386111259460449,,
first,0.20950000000000002,crop50,0.9416666626930237,0.30000001192092896,1.0
first,0.20950000000000002,crop50_blur,0.9322222471237183,0.18333333730697632,1.0
first,0.20950000000000002,crop50_jpeg,0.6419444680213928,0.0,0.9916666746139526
first,0.20950000000000002,macro_average,0.8386111259460449,,
first,0.2096,crop50,0.9416666626930237,0.30000001192092896,1.0
first,0.2096,crop50_blur,0.9322222471237183,0.18333333730697632,1.0
first,0.2096,crop50_jpeg,0.6419444680213928,0.0,0.9916666746139526
first,0.2096,macro_average,0.8386111259460449,,
first,0.2097,crop50,0.9416666626930237,0.30000001192092896,1.0
first,0.2097,crop50_blur,0.9322222471237183,0.18333333730697632,1.0
first,0.2097,crop50_jpeg,0.6419444680213928,0.0,0.9916666746139526
first,0.2097,macro_average,0.8386111259460449,,
first,0.2098,crop50,0.9416666626930237,0.30000001192092896,1.0
first,0.2098,crop50_blur,0.9322222471237183,0.18333333730697632,1.0
first,0.2098,crop50_jpeg,0.6419444680213928,0.0,0.9916666746139526
first,0.2098,macro_average,0.8386111259460449,,
first,0.2099,crop50,0.9416666626930237,0.30000001192092896,1.0
first,0.2099,crop50_blur,0.9322222471237183,0.18333333730697632,1.0
first,0.2099,crop50_jpeg,0.6419444680213928,0.0,0.9916666746139526
first,0.2099,macro_average,0.8386111259460449,,
first,0.21000000000000002,crop50,0.9416666626930237,0.30000001192092896,1.0
first,0.21000000000000002,crop50_blur,0.9322222471237183,0.18333333730697632,1.0
first,0.21000000000000002,crop50_jpeg,0.6419444680213928,0.0,0.9916666746139526
first,0.21000000000000002,macro_average,0.8386111259460449,,
first,0.2101,crop50,0.9416666626930237,0.30000001192092896,1.0
first,0.2101,crop50_blur,0.9322222471237183,0.18333333730697632,1.0
first,0.2101,crop50_jpeg,0.6419444680213928,0.0,0.9916666746139526
first,0.2101,macro_average,0.8386111259460449,,
first,0.2102,crop50,0.9416666626930237,0.30000001192092896,1.0
first,0.2102,crop50_blur,0.9322222471237183,0.18333333730697632,1.0
first,0.2102,crop50_jpeg,0.6419444680213928,0.0,0.9916666746139526
first,0.2102,macro_average,0.8386111259460449,,
first,0.2103,crop50,0.9416666626930237,0.30000001192092896,1.0
first,0.2103,crop50_blur,0.9322222471237183,0.18333333730697632,1.0
first,0.2103,crop50_jpeg,0.6419444680213928,0.0,0.9916666746139526
first,0.2103,macro_average,0.8386111259460449,,
first,0.2104,crop50,0.9416666626930237,0.30000001192092896,1.0
first,0.2104,crop50_blur,0.9322222471237183,0.18333333730697632,1.0
first,0.2104,crop50_jpeg,0.6419444680213928,0.0,0.9916666746139526
first,0.2104,macro_average,0.8386111259460449,,
first,0.21050000000000002,crop50,0.9416666626930237,0.30000001192092896,1.0
first,0.21050000000000002,crop50_blur,0.9322222471237183,0.18333333730697632,1.0
first,0.21050000000000002,crop50_jpeg,0.6419444680213928,0.0,0.9916666746139526
first,0.21050000000000002,macro_average,0.8386111259460449,,
first,0.2106,crop50,0.9416666626930237,0.30000001192092896,1.0
first,0.2106,crop50_blur,0.9322222471237183,0.18333333730697632,1.0
first,0.2106,crop50_jpeg,0.6419444680213928,0.0,0.9916666746139526
first,0.2106,macro_average,0.8386111259460449,,
first,0.2107,crop50,0.9416666626930237,0.30000001192092896,1.0
first,0.2107,crop50_blur,0.9322222471237183,0.18333333730697632,1.0
first,0.2107,crop50_jpeg,0.6419444680213928,0.0,0.9916666746139526
first,0.2107,macro_average,0.8386111259460449,,
first,0.2108,crop50,0.9416666626930237,0.30000001192092896,1.0
first,0.2108,crop50_blur,0.9322222471237183,0.18333333730697632,1.0
first,0.2108,crop50_jpeg,0.6419444680213928,0.0,0.9916666746139526
first,0.2108,macro_average,0.8386111259460449,,
first,0.2109,crop50,0.9416666626930237,0.30000001192092896,1.0
first,0.2109,crop50_blur,0.9322222471237183,0.18333333730697632,1.0
first,0.2109,crop50_jpeg,0.6419444680213928,0.0,0.9916666746139526
first,0.2109,macro_average,0.8386111259460449,,
first,0.211,crop50,0.9416666626930237,0.30000001192092896,1.0
first,0.211,crop50_blur,0.9322222471237183,0.18333333730697632,1.0
first,0.211,crop50_jpeg,0.6419444680213928,0.0,0.9916666746139526
first,0.211,macro_average,0.8386111259460449,,
first,0.2111,crop50,0.9416666626930237,0.30000001192092896,1.0
first,0.2111,crop50_blur,0.9322222471237183,0.18333333730697632,1.0
first,0.2111,crop50_jpeg,0.6419444680213928,0.0,0.9916666746139526
first,0.2111,macro_average,0.8386111259460449,,
first,0.2112,crop50,0.9416666626930237,0.30000001192092896,1.0
first,0.2112,crop50_blur,0.9322222471237183,0.18333333730697632,1.0
first,0.2112,crop50_jpeg,0.6419444680213928,0.0,0.9916666746139526
first,0.2112,macro_average,0.8386111259460449,,
first,0.2113,crop50,0.9416666626930237,0.30000001192092896,1.0
first,0.2113,crop50_blur,0.9322222471237183,0.18333333730697632,1.0
first,0.2113,crop50_jpeg,0.6419444680213928,0.0,0.9916666746139526
first,0.2113,macro_average,0.8386111259460449,,
first,0.2114,crop50,0.9416666626930237,0.30000001192092896,1.0
first,0.2114,crop50_blur,0.9322222471237183,0.18333333730697632,1.0
first,0.2114,crop50_jpeg,0.6419444680213928,0.0,0.9916666746139526
first,0.2114,macro_average,0.8386111259460449,,
first,0.2115,crop50,0.9416666626930237,0.30000001192092896,1.0
first,0.2115,crop50_blur,0.9322222471237183,0.18333333730697632,1.0
first,0.2115,crop50_jpeg,0.6419444680213928,0.0,0.9916666746139526
first,0.2115,macro_average,0.8386111259460449,,
first,0.2116,crop50,0.9416666626930237,0.30000001192092896,1.0
first,0.2116,crop50_blur,0.9322222471237183,0.18333333730697632,1.0
first,0.2116,crop50_jpeg,0.6419444680213928,0.0,0.9916666746139526
first,0.2116,macro_average,0.8386111259460449,,
first,0.2117,crop50,0.9416666626930237,0.30000001192092896,1.0
first,0.2117,crop50_blur,0.9322222471237183,0.18333333730697632,1.0
first,0.2117,crop50_jpeg,0.6419444680213928,0.0,0.9916666746139526
first,0.2117,macro_average,0.8386111259460449,,
first,0.2118,crop50,0.9416666626930237,0.30000001192092896,1.0
first,0.2118,crop50_blur,0.9322222471237183,0.18333333730697632,1.0
first,0.2118,crop50_jpeg,0.6419444680213928,0.0,0.9916666746139526
first,0.2118,macro_average,0.8386111259460449,,
first,0.2119,crop50,0.9416666626930237,0.30000001192092896,1.0
first,0.2119,crop50_blur,0.9322222471237183,0.18333333730697632,1.0
first,0.2119,crop50_jpeg,0.6419444680213928,0.0,0.9916666746139526
first,0.2119,macro_average,0.8386111259460449,,
first,0.212,crop50,0.9416666626930237,0.30000001192092896,1.0
first,0.212,crop50_blur,0.9322222471237183,0.18333333730697632,1.0
first,0.212,crop50_jpeg,0.6419444680213928,0.0,0.9916666746139526
first,0.212,macro_average,0.8386111259460449,,
first,0.2121,crop50,0.9416666626930237,0.30000001192092896,1.0
first,0.2121,crop50_blur,0.9322222471237183,0.18333333730697632,1.0
first,0.2121,crop50_jpeg,0.6419444680213928,0.0,0.9916666746139526
first,0.2121,macro_average,0.8386111259460449,,
first,0.2122,crop50,0.9416666626930237,0.30000001192092896,1.0
first,0.2122,crop50_blur,0.9322222471237183,0.18333333730697632,1.0
first,0.2122,crop50_jpeg,0.6419444680213928,0.0,0.9916666746139526
first,0.2122,macro_average,0.8386111259460449,,
first,0.2123,crop50,0.9416666626930237,0.30000001192092896,1.0
first,0.2123,crop50_blur,0.9322222471237183,0.18333333730697632,1.0
first,0.2123,crop50_jpeg,0.6419444680213928,0.0,0.9916666746139526
first,0.2123,macro_average,0.8386111259460449,,
first,0.2124,crop50,0.9416666626930237,0.30000001192092896,1.0
first,0.2124,crop50_blur,0.9322222471237183,0.18333333730697632,1.0
first,0.2124,crop50_jpeg,0.6419444680213928,0.0,0.9916666746139526
first,0.2124,macro_average,0.8386111259460449,,
first,0.2125,crop50,0.9416666626930237,0.30000001192092896,1.0
first,0.2125,crop50_blur,0.9322222471237183,0.18333333730697632,1.0
first,0.2125,crop50_jpeg,0.6419444680213928,0.0,0.9916666746139526
first,0.2125,macro_average,0.8386111259460449,,
first,0.2126,crop50,0.9416666626930237,0.30000001192092896,1.0
first,0.2126,crop50_blur,0.9322222471237183,0.18333333730697632,1.0
first,0.2126,crop50_jpeg,0.6419444680213928,0.0,0.9916666746139526
first,0.2126,macro_average,0.8386111259460449,,
first,0.2127,crop50,0.9416666626930237,0.30000001192092896,1.0
first,0.2127,crop50_blur,0.9322222471237183,0.18333333730697632,1.0
first,0.2127,crop50_jpeg,0.6419444680213928,0.0,0.9916666746139526
first,0.2127,macro_average,0.8386111259460449,,
first,0.2128,crop50,0.9416666626930237,0.30000001192092896,1.0
first,0.2128,crop50_blur,0.9322222471237183,0.18333333730697632,1.0
first,0.2128,crop50_jpeg,0.6419444680213928,0.0,0.9916666746139526
first,0.2128,macro_average,0.8386111259460449,,
first,0.2129,crop50,0.9416666626930237,0.30000001192092896,1.0
first,0.2129,crop50_blur,0.9322222471237183,0.18333333730697632,1.0
first,0.2129,crop50_jpeg,0.6419444680213928,0.0,0.9916666746139526
first,0.2129,macro_average,0.8386111259460449,,
first,0.213,crop50,0.9416666626930237,0.30000001192092896,1.0
first,0.213,crop50_blur,0.9322222471237183,0.18333333730697632,1.0
first,0.213,crop50_jpeg,0.6436111330986023,0.0,1.0
first,0.213,macro_average,0.8391666809717814,,
first,0.2131,crop50,0.9416666626930237,0.30000001192092896,1.0
first,0.2131,crop50_blur,0.9322222471237183,0.18333333730697632,1.0
first,0.2131,crop50_jpeg,0.6436111330986023,0.0,1.0
first,0.2131,macro_average,0.8391666809717814,,
first,0.2132,crop50,0.9416666626930237,0.30000001192092896,1.0
first,0.2132,crop50_blur,0.9322222471237183,0.18333333730697632,1.0
first,0.2132,crop50_jpeg,0.6436111330986023,0.0,1.0
first,0.2132,macro_average,0.8391666809717814,,
first,0.2133,crop50,0.9416666626930237,0.30000001192092896,1.0
first,0.2133,crop50_blur,0.9322222471237183,0.18333333730697632,1.0
first,0.2133,crop50_jpeg,0.6436111330986023,0.0,1.0
first,0.2133,macro_average,0.8391666809717814,,
first,0.2134,crop50,0.9416666626930237,0.30000001192092896,1.0
first,0.2134,crop50_blur,0.9322222471237183,0.18333333730697632,1.0
first,0.2134,crop50_jpeg,0.6436111330986023,0.0,1.0
first,0.2134,macro_average,0.8391666809717814,,
first,0.2135,crop50,0.9416666626930237,0.30000001192092896,1.0
first,0.2135,crop50_blur,0.9322222471237183,0.18333333730697632,1.0
first,0.2135,crop50_jpeg,0.6436111330986023,0.0,1.0
first,0.2135,macro_average,0.8391666809717814,,
first,0.2136,crop50,0.9416666626930237,0.30000001192092896,1.0
first,0.2136,crop50_blur,0.9322222471237183,0.18333333730697632,1.0
first,0.2136,crop50_jpeg,0.6436111330986023,0.0,1.0
first,0.2136,macro_average,0.8391666809717814,,
first,0.2137,crop50,0.9416666626930237,0.30000001192092896,1.0
first,0.2137,crop50_blur,0.9322222471237183,0.18333333730697632,1.0
first,0.2137,crop50_jpeg,0.6436111330986023,0.0,1.0
first,0.2137,macro_average,0.8391666809717814,,
first,0.2138,crop50,0.9416666626930237,0.30000001192092896,1.0
first,0.2138,crop50_blur,0.9322222471237183,0.18333333730697632,1.0
first,0.2138,crop50_jpeg,0.6436111330986023,0.0,1.0
first,0.2138,macro_average,0.8391666809717814,,
first,0.2139,crop50,0.9416666626930237,0.30000001192092896,1.0
first,0.2139,crop50_blur,0.9322222471237183,0.18333333730697632,1.0
first,0.2139,crop50_jpeg,0.6436111330986023,0.0,1.0
first,0.2139,macro_average,0.8391666809717814,,
first,0.214,crop50,0.9416666626930237,0.30000001192092896,1.0
first,0.214,crop50_blur,0.9322222471237183,0.18333333730697632,1.0
first,0.214,crop50_jpeg,0.6436111330986023,0.0,1.0
first,0.214,macro_average,0.8391666809717814,,
first,0.2141,crop50,0.9416666626930237,0.30000001192092896,1.0
first,0.2141,crop50_blur,0.9322222471237183,0.18333333730697632,1.0
first,0.2141,crop50_jpeg,0.6436111330986023,0.0,1.0
first,0.2141,macro_average,0.8391666809717814,,
first,0.2142,crop50,0.9416666626930237,0.30000001192092896,1.0
first,0.2142,crop50_blur,0.9322222471237183,0.18333333730697632,1.0
first,0.2142,crop50_jpeg,0.6436111330986023,0.0,1.0
first,0.2142,macro_average,0.8391666809717814,,
first,0.2143,crop50,0.9416666626930237,0.30000001192092896,1.0
first,0.2143,crop50_blur,0.9322222471237183,0.18333333730697632,1.0
first,0.2143,crop50_jpeg,0.6436111330986023,0.0,1.0
first,0.2143,macro_average,0.8391666809717814,,
first,0.21439999999999998,crop50,0.9416666626930237,0.30000001192092896,1.0
first,0.21439999999999998,crop50_blur,0.9322222471237183,0.18333333730697632,1.0
first,0.21439999999999998,crop50_jpeg,0.6436111330986023,0.0,1.0
first,0.21439999999999998,macro_average,0.8391666809717814,,
first,0.2145,crop50,0.9416666626930237,0.30000001192092896,1.0
first,0.2145,crop50_blur,0.9322222471237183,0.18333333730697632,1.0
first,0.2145,crop50_jpeg,0.6436111330986023,0.0,1.0
first,0.2145,macro_average,0.8391666809717814,,
first,0.2146,crop50,0.9416666626930237,0.30000001192092896,1.0
first,0.2146,crop50_blur,0.9322222471237183,0.18333333730697632,1.0
first,0.2146,crop50_jpeg,0.6436111330986023,0.0,1.0
first,0.2146,macro_average,0.8391666809717814,,
first,0.2147,crop50,0.9416666626930237,0.30000001192092896,1.0
first,0.2147,crop50_blur,0.9322222471237183,0.18333333730697632,1.0
first,0.2147,crop50_jpeg,0.6436111330986023,0.0,1.0
first,0.2147,macro_average,0.8391666809717814,,
first,0.2148,crop50,0.9416666626930237,0.30000001192092896,1.0
first,0.2148,crop50_blur,0.9322222471237183,0.18333333730697632,1.0
first,0.2148,crop50_jpeg,0.6436111330986023,0.0,1.0
first,0.2148,macro_average,0.8391666809717814,,
first,0.21489999999999998,crop50,0.9416666626930237,0.30000001192092896,1.0
first,0.21489999999999998,crop50_blur,0.9322222471237183,0.18333333730697632,1.0
first,0.21489999999999998,crop50_jpeg,0.6436111330986023,0.0,1.0
first,0.21489999999999998,macro_average,0.8391666809717814,,
first,0.215,crop50,0.9416666626930237,0.30000001192092896,1.0
first,0.215,crop50_blur,0.9322222471237183,0.18333333730697632,1.0
first,0.215,crop50_jpeg,0.6436111330986023,0.0,1.0
first,0.215,macro_average,0.8391666809717814,,
first,0.2151,crop50,0.9416666626930237,0.30000001192092896,1.0
first,0.2151,crop50_blur,0.9322222471237183,0.18333333730697632,1.0
first,0.2151,crop50_jpeg,0.6436111330986023,0.0,1.0
first,0.2151,macro_average,0.8391666809717814,,
first,0.2152,crop50,0.9416666626930237,0.30000001192092896,1.0
first,0.2152,crop50_blur,0.9322222471237183,0.18333333730697632,1.0
first,0.2152,crop50_jpeg,0.6436111330986023,0.0,1.0
first,0.2152,macro_average,0.8391666809717814,,
first,0.2153,crop50,0.9416666626930237,0.30000001192092896,1.0
first,0.2153,crop50_blur,0.9322222471237183,0.18333333730697632,1.0
first,0.2153,crop50_jpeg,0.6436111330986023,0.0,1.0
first,0.2153,macro_average,0.8391666809717814,,
first,0.21539999999999998,crop50,0.9416666626930237,0.30000001192092896,1.0
first,0.21539999999999998,crop50_blur,0.9322222471237183,0.18333333730697632,1.0
first,0.21539999999999998,crop50_jpeg,0.6436111330986023,0.0,1.0
first,0.21539999999999998,macro_average,0.8391666809717814,,
first,0.2155,crop50,0.9416666626930237,0.30000001192092896,1.0
first,0.2155,crop50_blur,0.9322222471237183,0.18333333730697632,1.0
first,0.2155,crop50_jpeg,0.6436111330986023,0.0,1.0
first,0.2155,macro_average,0.8391666809717814,,
first,0.2156,crop50,0.9416666626930237,0.30000001192092896,1.0
first,0.2156,crop50_blur,0.9322222471237183,0.18333333730697632,1.0
first,0.2156,crop50_jpeg,0.6436111330986023,0.0,1.0
first,0.2156,macro_average,0.8391666809717814,,
first,0.2157,crop50,0.9416666626930237,0.30000001192092896,1.0
first,0.2157,crop50_blur,0.9322222471237183,0.18333333730697632,1.0
first,0.2157,crop50_jpeg,0.6436111330986023,0.0,1.0
first,0.2157,macro_average,0.8391666809717814,,
first,0.2158,crop50,0.9416666626930237,0.30000001192092896,1.0
first,0.2158,crop50_blur,0.9322222471237183,0.18333333730697632,1.0
first,0.2158,crop50_jpeg,0.6436111330986023,0.0,1.0
first,0.2158,macro_average,0.8391666809717814,,
first,0.21589999999999998,crop50,0.9416666626930237,0.30000001192092896,1.0
first,0.21589999999999998,crop50_blur,0.9322222471237183,0.18333333730697632,1.0
first,0.21589999999999998,crop50_jpeg,0.6436111330986023,0.0,1.0
first,0.21589999999999998,macro_average,0.8391666809717814,,
first,0.216,crop50,0.9416666626930237,0.30000001192092896,1.0
first,0.216,crop50_blur,0.9322222471237183,0.18333333730697632,1.0
first,0.216,crop50_jpeg,0.6436111330986023,0.0,1.0
first,0.216,macro_average,0.8391666809717814,,
first,0.21610000000000001,crop50,0.9416666626930237,0.30000001192092896,1.0
first,0.21610000000000001,crop50_blur,0.9322222471237183,0.18333333730697632,1.0
first,0.21610000000000001,crop50_jpeg,0.6436111330986023,0.0,1.0
first,0.21610000000000001,macro_average,0.8391666809717814,,
first,0.2162,crop50,0.9416666626930237,0.30000001192092896,1.0
first,0.2162,crop50_blur,0.9322222471237183,0.18333333730697632,1.0
first,0.2162,crop50_jpeg,0.6436111330986023,0.0,1.0
first,0.2162,macro_average,0.8391666809717814,,
first,0.2163,crop50,0.9416666626930237,0.30000001192092896,1.0
first,0.2163,crop50_blur,0.9322222471237183,0.18333333730697632,1.0
first,0.2163,crop50_jpeg,0.6436111330986023,0.0,1.0
first,0.2163,macro_average,0.8391666809717814,,
first,0.21639999999999998,crop50,0.9416666626930237,0.30000001192092896,1.0
first,0.21639999999999998,crop50_blur,0.9322222471237183,0.18333333730697632,1.0
first,0.21639999999999998,crop50_jpeg,0.6436111330986023,0.0,1.0
first,0.21639999999999998,macro_average,0.8391666809717814,,
first,0.2165,crop50,0.9416666626930237,0.30000001192092896,1.0
first,0.2165,crop50_blur,0.9322222471237183,0.18333333730697632,1.0
first,0.2165,crop50_jpeg,0.6436111330986023,0.0,1.0
first,0.2165,macro_average,0.8391666809717814,,
first,0.21660000000000001,crop50,0.9416666626930237,0.30000001192092896,1.0
first,0.21660000000000001,crop50_blur,0.9322222471237183,0.18333333730697632,1.0
first,0.21660000000000001,crop50_jpeg,0.6436111330986023,0.0,1.0
first,0.21660000000000001,macro_average,0.8391666809717814,,
first,0.2167,crop50,0.9416666626930237,0.30000001192092896,1.0
first,0.2167,crop50_blur,0.9322222471237183,0.18333333730697632,1.0
first,0.2167,crop50_jpeg,0.6436111330986023,0.0,1.0
first,0.2167,macro_average,0.8391666809717814,,
first,0.2168,crop50,0.9416666626930237,0.30000001192092896,1.0
first,0.2168,crop50_blur,0.9322222471237183,0.18333333730697632,1.0
first,0.2168,crop50_jpeg,0.6436111330986023,0.0,1.0
first,0.2168,macro_average,0.8391666809717814,,
first,0.21689999999999998,crop50,0.9416666626930237,0.30000001192092896,1.0
first,0.21689999999999998,crop50_blur,0.9322222471237183,0.18333333730697632,1.0
first,0.21689999999999998,crop50_jpeg,0.6436111330986023,0.0,1.0
first,0.21689999999999998,macro_average,0.8391666809717814,,
first,0.217,crop50,0.9416666626930237,0.30000001192092896,1.0
first,0.217,crop50_blur,0.9322222471237183,0.18333333730697632,1.0
first,0.217,crop50_jpeg,0.6436111330986023,0.0,1.0
first,0.217,macro_average,0.8391666809717814,,
first,0.21710000000000002,crop50,0.9416666626930237,0.30000001192092896,1.0
first,0.21710000000000002,crop50_blur,0.9322222471237183,0.18333333730697632,1.0
first,0.21710000000000002,crop50_jpeg,0.6436111330986023,0.0,1.0
first,0.21710000000000002,macro_average,0.8391666809717814,,
first,0.2172,crop50,0.9416666626930237,0.30000001192092896,1.0
first,0.2172,crop50_blur,0.9322222471237183,0.18333333730697632,1.0
first,0.2172,crop50_jpeg,0.6436111330986023,0.0,1.0
first,0.2172,macro_average,0.8391666809717814,,
first,0.2173,crop50,0.9416666626930237,0.30000001192092896,1.0
first,0.2173,crop50_blur,0.9322222471237183,0.18333333730697632,1.0
first,0.2173,crop50_jpeg,0.6436111330986023,0.0,1.0
first,0.2173,macro_average,0.8391666809717814,,
first,0.21739999999999998,crop50,0.9416666626930237,0.30000001192092896,1.0
first,0.21739999999999998,crop50_blur,0.9322222471237183,0.18333333730697632,1.0
first,0.21739999999999998,crop50_jpeg,0.6436111330986023,0.0,1.0
first,0.21739999999999998,macro_average,0.8391666809717814,,
first,0.2175,crop50,0.9416666626930237,0.30000001192092896,1.0
first,0.2175,crop50_blur,0.9322222471237183,0.18333333730697632,1.0
first,0.2175,crop50_jpeg,0.6436111330986023,0.0,1.0
first,0.2175,macro_average,0.8391666809717814,,
first,0.21760000000000002,crop50,0.9416666626930237,0.30000001192092896,1.0
first,0.21760000000000002,crop50_blur,0.9322222471237183,0.18333333730697632,1.0
first,0.21760000000000002,crop50_jpeg,0.6436111330986023,0.0,1.0
first,0.21760000000000002,macro_average,0.8391666809717814,,
first,0.2177,crop50,0.9416666626930237,0.30000001192092896,1.0
first,0.2177,crop50_blur,0.9322222471237183,0.18333333730697632,1.0
first,0.2177,crop50_jpeg,0.6436111330986023,0.0,1.0
first,0.2177,macro_average,0.8391666809717814,,
first,0.2178,crop50,0.9416666626930237,0.30000001192092896,1.0
first,0.2178,crop50_blur,0.9322222471237183,0.18333333730697632,1.0
first,0.2178,crop50_jpeg,0.6436111330986023,0.0,1.0
first,0.2178,macro_average,0.8391666809717814,,
first,0.21789999999999998,crop50,0.9416666626930237,0.30000001192092896,1.0
first,0.21789999999999998,crop50_blur,0.9322222471237183,0.18333333730697632,1.0
first,0.21789999999999998,crop50_jpeg,0.6436111330986023,0.0,1.0
first,0.21789999999999998,macro_average,0.8391666809717814,,
first,0.218,crop50,0.9416666626930237,0.30000001192092896,1.0
first,0.218,crop50_blur,0.9322222471237183,0.18333333730697632,1.0
first,0.218,crop50_jpeg,0.6436111330986023,0.0,1.0
first,0.218,macro_average,0.8391666809717814,,
first,0.21810000000000002,crop50,0.9416666626930237,0.30000001192092896,1.0
first,0.21810000000000002,crop50_blur,0.9322222471237183,0.18333333730697632,1.0
first,0.21810000000000002,crop50_jpeg,0.6436111330986023,0.0,1.0
first,0.21810000000000002,macro_average,0.8391666809717814,,
first,0.2182,crop50,0.9416666626930237,0.30000001192092896,1.0
first,0.2182,crop50_blur,0.9322222471237183,0.18333333730697632,1.0
first,0.2182,crop50_jpeg,0.6436111330986023,0.0,1.0
first,0.2182,macro_average,0.8391666809717814,,
first,0.2183,crop50,0.9416666626930237,0.30000001192092896,1.0
first,0.2183,crop50_blur,0.9322222471237183,0.18333333730697632,1.0
first,0.2183,crop50_jpeg,0.6436111330986023,0.0,1.0
first,0.2183,macro_average,0.8391666809717814,,
first,0.21839999999999998,crop50,0.9416666626930237,0.30000001192092896,1.0
first,0.21839999999999998,crop50_blur,0.9322222471237183,0.18333333730697632,1.0
first,0.21839999999999998,crop50_jpeg,0.6436111330986023,0.0,1.0
first,0.21839999999999998,macro_average,0.8391666809717814,,
first,0.2185,crop50,0.9416666626930237,0.30000001192092896,1.0
first,0.2185,crop50_blur,0.9322222471237183,0.18333333730697632,1.0
first,0.2185,crop50_jpeg,0.6436111330986023,0.0,1.0
first,0.2185,macro_average,0.8391666809717814,,
first,0.21860000000000002,crop50,0.9416666626930237,0.30000001192092896,1.0
first,0.21860000000000002,crop50_blur,0.9322222471237183,0.18333333730697632,1.0
first,0.21860000000000002,crop50_jpeg,0.6436111330986023,0.0,1.0
first,0.21860000000000002,macro_average,0.8391666809717814,,
first,0.2187,crop50,0.9416666626930237,0.30000001192092896,1.0
first,0.2187,crop50_blur,0.9322222471237183,0.18333333730697632,1.0
first,0.2187,crop50_jpeg,0.6436111330986023,0.0,1.0
first,0.2187,macro_average,0.8391666809717814,,
first,0.2188,crop50,0.9416666626930237,0.30000001192092896,1.0
first,0.2188,crop50_blur,0.9322222471237183,0.18333333730697632,1.0
first,0.2188,crop50_jpeg,0.6436111330986023,0.0,1.0
first,0.2188,macro_average,0.8391666809717814,,
first,0.21889999999999998,crop50,0.9416666626930237,0.30000001192092896,1.0
first,0.21889999999999998,crop50_blur,0.9322222471237183,0.18333333730697632,1.0
first,0.21889999999999998,crop50_jpeg,0.6436111330986023,0.0,1.0
first,0.21889999999999998,macro_average,0.8391666809717814,,
first,0.219,crop50,0.9416666626930237,0.30000001192092896,1.0
first,0.219,crop50_blur,0.9322222471237183,0.18333333730697632,1.0
first,0.219,crop50_jpeg,0.6436111330986023,0.0,1.0
first,0.219,macro_average,0.8391666809717814,,
first,0.21910000000000002,crop50,0.9416666626930237,0.30000001192092896,1.0
first,0.21910000000000002,crop50_blur,0.9322222471237183,0.18333333730697632,1.0
first,0.21910000000000002,crop50_jpeg,0.6436111330986023,0.0,1.0
first,0.21910000000000002,macro_average,0.8391666809717814,,
first,0.2192,crop50,0.9416666626930237,0.30000001192092896,1.0
first,0.2192,crop50_blur,0.9322222471237183,0.18333333730697632,1.0
first,0.2192,crop50_jpeg,0.6436111330986023,0.0,1.0
first,0.2192,macro_average,0.8391666809717814,,
first,0.2193,crop50,0.9416666626930237,0.30000001192092896,1.0
first,0.2193,crop50_blur,0.9322222471237183,0.18333333730697632,1.0
first,0.2193,crop50_jpeg,0.6436111330986023,0.0,1.0
first,0.2193,macro_average,0.8391666809717814,,
first,0.21939999999999998,crop50,0.9416666626930237,0.30000001192092896,1.0
first,0.21939999999999998,crop50_blur,0.9322222471237183,0.18333333730697632,1.0
first,0.21939999999999998,crop50_jpeg,0.6436111330986023,0.0,1.0
first,0.21939999999999998,macro_average,0.8391666809717814,,
first,0.2195,crop50,0.9416666626930237,0.30000001192092896,1.0
first,0.2195,crop50_blur,0.9322222471237183,0.18333333730697632,1.0
first,0.2195,crop50_jpeg,0.6436111330986023,0.0,1.0
first,0.2195,macro_average,0.8391666809717814,,
first,0.21960000000000002,crop50,0.9416666626930237,0.30000001192092896,1.0
first,0.21960000000000002,crop50_blur,0.9322222471237183,0.18333333730697632,1.0
first,0.21960000000000002,crop50_jpeg,0.6436111330986023,0.0,1.0
first,0.21960000000000002,macro_average,0.8391666809717814,,
first,0.2197,crop50,0.9416666626930237,0.30000001192092896,1.0
first,0.2197,crop50_blur,0.9322222471237183,0.18333333730697632,1.0
first,0.2197,crop50_jpeg,0.6436111330986023,0.0,1.0
first,0.2197,macro_average,0.8391666809717814,,
first,0.2198,crop50,0.9416666626930237,0.30000001192092896,1.0
first,0.2198,crop50_blur,0.9322222471237183,0.18333333730697632,1.0
first,0.2198,crop50_jpeg,0.6436111330986023,0.0,1.0
first,0.2198,macro_average,0.8391666809717814,,
first,0.21989999999999998,crop50,0.9416666626930237,0.30000001192092896,1.0
first,0.21989999999999998,crop50_blur,0.9322222471237183,0.18333333730697632,1.0
first,0.21989999999999998,crop50_jpeg,0.6436111330986023,0.0,1.0
first,0.21989999999999998,macro_average,0.8391666809717814,,
first,0.22,crop50,0.9416666626930237,0.30000001192092896,1.0
first,0.22,crop50_blur,0.9322222471237183,0.18333333730697632,1.0
first,0.22,crop50_jpeg,0.6436111330986023,0.0,1.0
first,0.22,macro_average,0.8391666809717814,,
