condition,method,sample,bit_accuracy,ber,message_accuracy,selected_oracle_candidate,dcss_usage_rate
full,PIMoG-Original,0,1.0,0.0,1.0,,
full,PIMoG-Original,1,1.0,0.0,1.0,,
full,PIMoG-Original,2,1.0,0.0,1.0,,
full,PIMoG-Original,3,1.0,0.0,1.0,,
full,PIMoG-Original,4,1.0,0.0,1.0,,
full,PIMoG-Original,5,1.0,0.0,1.0,,
full,PIMoG-Original,6,1.0,0.0,1.0,,
full,PIMoG-Original,7,1.0,0.0,1.0,,
full,PIMoG-Original,8,1.0,0.0,1.0,,
full,PIMoG-Original,9,1.0,0.0,1.0,,
full,PIMoG-Original,10,1.0,0.0,1.0,,
full,PIMoG-Original,11,1.0,0.0,1.0,,
full,PIMoG-Original,12,1.0,0.0,1.0,,
full,PIMoG-Original,13,1.0,0.0,1.0,,
full,PIMoG-Original,14,1.0,0.0,1.0,,
full,PIMoG-Original,15,1.0,0.0,1.0,,
full,PIMoG-Original,16,1.0,0.0,1.0,,
full,PIMoG-Original,17,1.0,0.0,1.0,,
full,PIMoG-Original,18,1.0,0.0,1.0,,
full,PIMoG-Original,19,1.0,0.0,1.0,,
full,PIMoG-Original,20,1.0,0.0,1.0,,
full,PIMoG-Original,21,1.0,0.0,1.0,,
full,PIMoG-Original,22,1.0,0.0,1.0,,
full,PIMoG-Original,23,1.0,0.0,1.0,,
full,PIMoG-Original,24,1.0,0.0,1.0,,
full,PIMoG-Original,25,1.0,0.0,1.0,,
full,PIMoG-Original,26,1.0,0.0,1.0,,
full,PIMoG-Original,27,1.0,0.0,1.0,,
full,PIMoG-Original,28,1.0,0.0,1.0,,
full,PIMoG-Original,29,1.0,0.0,1.0,,
full,PIMoG-Original,30,1.0,0.0,1.0,,
full,PIMoG-Original,31,1.0,0.0,1.0,,
full,PIMoG-Original,32,1.0,0.0,1.0,,
full,PIMoG-Original,33,1.0,0.0,1.0,,
full,PIMoG-Original,34,1.0,0.0,1.0,,
full,PIMoG-Original,35,1.0,0.0,1.0,,
full,PIMoG-Original,36,1.0,0.0,1.0,,
full,PIMoG-Original,37,0.9666666388511658,0.03333336114883423,0.0,,
full,PIMoG-Original,38,1.0,0.0,1.0,,
full,PIMoG-Original,39,1.0,0.0,1.0,,
full,PIMoG-Original,40,1.0,0.0,1.0,,
full,PIMoG-Original,41,1.0,0.0,1.0,,
full,PIMoG-Original,42,1.0,0.0,1.0,,
full,PIMoG-Original,43,1.0,0.0,1.0,,
full,PIMoG-Original,44,1.0,0.0,1.0,,
full,PIMoG-Original,45,1.0,0.0,1.0,,
full,PIMoG-Original,46,1.0,0.0,1.0,,
full,PIMoG-Original,47,1.0,0.0,1.0,,
full,PIMoG-Original,48,1.0,0.0,1.0,,
full,PIMoG-Original,49,1.0,0.0,1.0,,
full,PIMoG-Original,50,1.0,0.0,1.0,,
full,PIMoG-Original,51,1.0,0.0,1.0,,
full,PIMoG-Original,52,1.0,0.0,1.0,,
full,PIMoG-Original,53,1.0,0.0,1.0,,
full,PIMoG-Original,54,1.0,0.0,1.0,,
full,PIMoG-Original,55,1.0,0.0,1.0,,
full,PIMoG-Original,56,1.0,0.0,1.0,,
full,PIMoG-Original,57,1.0,0.0,1.0,,
full,PIMoG-Original,58,1.0,0.0,1.0,,
full,PIMoG-Original,59,1.0,0.0,1.0,,
full,PIMoG-Original,60,1.0,0.0,1.0,,
full,PIMoG-Original,61,1.0,0.0,1.0,,
full,PIMoG-Original,62,1.0,0.0,1.0,,
full,PIMoG-Original,63,1.0,0.0,1.0,,
full,PIMoG-Original,64,1.0,0.0,1.0,,
full,PIMoG-Original,65,1.0,0.0,1.0,,
full,PIMoG-Original,66,1.0,0.0,1.0,,
full,PIMoG-Original,67,1.0,0.0,1.0,,
full,PIMoG-Original,68,1.0,0.0,1.0,,
full,PIMoG-Original,69,1.0,0.0,1.0,,
full,PIMoG-Original,70,1.0,0.0,1.0,,
full,PIMoG-Original,71,1.0,0.0,1.0,,
full,PIMoG-Original,72,1.0,0.0,1.0,,
full,PIMoG-Original,73,1.0,0.0,1.0,,
full,PIMoG-Original,74,1.0,0.0,1.0,,
full,PIMoG-Original,75,1.0,0.0,1.0,,
full,PIMoG-Original,76,1.0,0.0,1.0,,
full,PIMoG-Original,77,1.0,0.0,1.0,,
full,PIMoG-Original,78,0.9666666388511658,0.03333336114883423,0.0,,
full,PIMoG-Original,79,1.0,0.0,1.0,,
full,PIMoG-Original,80,1.0,0.0,1.0,,
full,PIMoG-Original,81,1.0,0.0,1.0,,
full,PIMoG-Original,82,1.0,0.0,1.0,,
full,PIMoG-Original,83,1.0,0.0,1.0,,
full,PIMoG-Original,84,1.0,0.0,1.0,,
full,PIMoG-Original,85,1.0,0.0,1.0,,
full,PIMoG-Original,86,1.0,0.0,1.0,,
full,PIMoG-Original,87,0.9666666388511658,0.03333336114883423,0.0,,
full,PIMoG-Original,88,1.0,0.0,1.0,,
full,PIMoG-Original,89,1.0,0.0,1.0,,
full,PIMoG-Original,90,1.0,0.0,1.0,,
full,PIMoG-Original,91,1.0,0.0,1.0,,
full,PIMoG-Original,92,1.0,0.0,1.0,,
full,PIMoG-Original,93,1.0,0.0,1.0,,
full,PIMoG-Original,94,1.0,0.0,1.0,,
full,PIMoG-Original,95,1.0,0.0,1.0,,
full,PIMoG-Original,96,1.0,0.0,1.0,,
full,PIMoG-Original,97,1.0,0.0,1.0,,
full,PIMoG-Original,98,1.0,0.0,1.0,,
full,PIMoG-Original,99,1.0,0.0,1.0,,
full,PIMoG-Original,100,0.9666666388511658,0.03333336114883423,0.0,,
full,PIMoG-Original,101,1.0,0.0,1.0,,
full,PIMoG-Original,102,1.0,0.0,1.0,,
full,PIMoG-Original,103,1.0,0.0,1.0,,
full,PIMoG-Original,104,1.0,0.0,1.0,,
full,PIMoG-Original,105,1.0,0.0,1.0,,
full,PIMoG-Original,106,1.0,0.0,1.0,,
full,PIMoG-Original,107,1.0,0.0,1.0,,
full,PIMoG-Original,108,1.0,0.0,1.0,,
full,PIMoG-Original,109,1.0,0.0,1.0,,
full,PIMoG-Original,110,1.0,0.0,1.0,,
full,PIMoG-Original,111,1.0,0.0,1.0,,
full,PIMoG-Original,112,1.0,0.0,1.0,,
full,PIMoG-Original,113,1.0,0.0,1.0,,
full,PIMoG-Original,114,1.0,0.0,1.0,,
full,PIMoG-Original,115,1.0,0.0,1.0,,
full,PIMoG-Original,116,1.0,0.0,1.0,,
full,PIMoG-Original,117,1.0,0.0,1.0,,
full,PIMoG-Original,118,1.0,0.0,1.0,,
full,PIMoG-Original,119,0.9666666388511658,0.03333336114883423,0.0,,
full,PIMoG-Original,120,1.0,0.0,1.0,,
full,PIMoG-Original,121,1.0,0.0,1.0,,
full,PIMoG-Original,122,1.0,0.0,1.0,,
full,PIMoG-Original,123,1.0,0.0,1.0,,
full,PIMoG-Original,124,1.0,0.0,1.0,,
full,PIMoG-Original,125,1.0,0.0,1.0,,
full,PIMoG-Original,126,1.0,0.0,1.0,,
full,PIMoG-Original,127,1.0,0.0,1.0,,
full,PIMoG-Original,128,1.0,0.0,1.0,,
full,PIMoG-Original,129,1.0,0.0,1.0,,
full,PIMoG-Original,130,1.0,0.0,1.0,,
full,PIMoG-Original,131,1.0,0.0,1.0,,
full,PIMoG-Original,132,1.0,0.0,1.0,,
full,PIMoG-Original,133,1.0,0.0,1.0,,
full,PIMoG-Original,134,1.0,0.0,1.0,,
full,PIMoG-Original,135,1.0,0.0,1.0,,
full,PIMoG-Original,136,1.0,0.0,1.0,,
full,PIMoG-Original,137,1.0,0.0,1.0,,
full,PIMoG-Original,138,1.0,0.0,1.0,,
full,PIMoG-Original,139,1.0,0.0,1.0,,
full,PIMoG-Original,140,1.0,0.0,1.0,,
full,PIMoG-Original,141,1.0,0.0,1.0,,
full,PIMoG-Original,142,1.0,0.0,1.0,,
full,PIMoG-Original,143,1.0,0.0,1.0,,
full,Coarse-Prior,0,1.0,0.0,1.0,,
full,Coarse-Prior,1,1.0,0.0,1.0,,
full,Coarse-Prior,2,1.0,0.0,1.0,,
full,Coarse-Prior,3,1.0,0.0,1.0,,
full,Coarse-Prior,4,1.0,0.0,1.0,,
full,Coarse-Prior,5,1.0,0.0,1.0,,
full,Coarse-Prior,6,1.0,0.0,1.0,,
full,Coarse-Prior,7,1.0,0.0,1.0,,
full,Coarse-Prior,8,1.0,0.0,1.0,,
full,Coarse-Prior,9,1.0,0.0,1.0,,
full,Coarse-Prior,10,1.0,0.0,1.0,,
full,Coarse-Prior,11,1.0,0.0,1.0,,
full,Coarse-Prior,12,1.0,0.0,1.0,,
full,Coarse-Prior,13,1.0,0.0,1.0,,
full,Coarse-Prior,14,1.0,0.0,1.0,,
full,Coarse-Prior,15,1.0,0.0,1.0,,
full,Coarse-Prior,16,1.0,0.0,1.0,,
full,Coarse-Prior,17,1.0,0.0,1.0,,
full,Coarse-Prior,18,1.0,0.0,1.0,,
full,Coarse-Prior,19,1.0,0.0,1.0,,
full,Coarse-Prior,20,1.0,0.0,1.0,,
full,Coarse-Prior,21,1.0,0.0,1.0,,
full,Coarse-Prior,22,1.0,0.0,1.0,,
full,Coarse-Prior,23,1.0,0.0,1.0,,
full,Coarse-Prior,24,1.0,0.0,1.0,,
full,Coarse-Prior,25,1.0,0.0,1.0,,
full,Coarse-Prior,26,1.0,0.0,1.0,,
full,Coarse-Prior,27,1.0,0.0,1.0,,
full,Coarse-Prior,28,1.0,0.0,1.0,,
full,Coarse-Prior,29,1.0,0.0,1.0,,
full,Coarse-Prior,30,1.0,0.0,1.0,,
full,Coarse-Prior,31,1.0,0.0,1.0,,
full,Coarse-Prior,32,1.0,0.0,1.0,,
full,Coarse-Prior,33,1.0,0.0,1.0,,
full,Coarse-Prior,34,1.0,0.0,1.0,,
full,Coarse-Prior,35,1.0,0.0,1.0,,
full,Coarse-Prior,36,1.0,0.0,1.0,,
full,Coarse-Prior,37,0.9666666388511658,0.03333336114883423,0.0,,
full,Coarse-Prior,38,1.0,0.0,1.0,,
full,Coarse-Prior,39,1.0,0.0,1.0,,
full,Coarse-Prior,40,1.0,0.0,1.0,,
full,Coarse-Prior,41,1.0,0.0,1.0,,
full,Coarse-Prior,42,1.0,0.0,1.0,,
full,Coarse-Prior,43,1.0,0.0,1.0,,
full,Coarse-Prior,44,1.0,0.0,1.0,,
full,Coarse-Prior,45,1.0,0.0,1.0,,
full,Coarse-Prior,46,1.0,0.0,1.0,,
full,Coarse-Prior,47,1.0,0.0,1.0,,
full,Coarse-Prior,48,1.0,0.0,1.0,,
full,Coarse-Prior,49,1.0,0.0,1.0,,
full,Coarse-Prior,50,1.0,0.0,1.0,,
full,Coarse-Prior,51,1.0,0.0,1.0,,
full,Coarse-Prior,52,1.0,0.0,1.0,,
full,Coarse-Prior,53,1.0,0.0,1.0,,
full,Coarse-Prior,54,1.0,0.0,1.0,,
full,Coarse-Prior,55,1.0,0.0,1.0,,
full,Coarse-Prior,56,1.0,0.0,1.0,,
full,Coarse-Prior,57,1.0,0.0,1.0,,
full,Coarse-Prior,58,1.0,0.0,1.0,,
full,Coarse-Prior,59,1.0,0.0,1.0,,
full,Coarse-Prior,60,1.0,0.0,1.0,,
full,Coarse-Prior,61,1.0,0.0,1.0,,
full,Coarse-Prior,62,1.0,0.0,1.0,,
full,Coarse-Prior,63,1.0,0.0,1.0,,
full,Coarse-Prior,64,1.0,0.0,1.0,,
full,Coarse-Prior,65,1.0,0.0,1.0,,
full,Coarse-Prior,66,1.0,0.0,1.0,,
full,Coarse-Prior,67,1.0,0.0,1.0,,
full,Coarse-Prior,68,1.0,0.0,1.0,,
full,Coarse-Prior,69,1.0,0.0,1.0,,
full,Coarse-Prior,70,1.0,0.0,1.0,,
full,Coarse-Prior,71,1.0,0.0,1.0,,
full,Coarse-Prior,72,1.0,0.0,1.0,,
full,Coarse-Prior,73,1.0,0.0,1.0,,
full,Coarse-Prior,74,1.0,0.0,1.0,,
full,Coarse-Prior,75,1.0,0.0,1.0,,
full,Coarse-Prior,76,1.0,0.0,1.0,,
full,Coarse-Prior,77,1.0,0.0,1.0,,
full,Coarse-Prior,78,0.9666666388511658,0.03333336114883423,0.0,,
full,Coarse-Prior,79,1.0,0.0,1.0,,
full,Coarse-Prior,80,1.0,0.0,1.0,,
full,Coarse-Prior,81,1.0,0.0,1.0,,
full,Coarse-Prior,82,1.0,0.0,1.0,,
full,Coarse-Prior,83,1.0,0.0,1.0,,
full,Coarse-Prior,84,1.0,0.0,1.0,,
full,Coarse-Prior,85,1.0,0.0,1.0,,
full,Coarse-Prior,86,1.0,0.0,1.0,,
full,Coarse-Prior,87,0.9666666388511658,0.03333336114883423,0.0,,
full,Coarse-Prior,88,1.0,0.0,1.0,,
full,Coarse-Prior,89,1.0,0.0,1.0,,
full,Coarse-Prior,90,1.0,0.0,1.0,,
full,Coarse-Prior,91,1.0,0.0,1.0,,
full,Coarse-Prior,92,1.0,0.0,1.0,,
full,Coarse-Prior,93,1.0,0.0,1.0,,
full,Coarse-Prior,94,1.0,0.0,1.0,,
full,Coarse-Prior,95,1.0,0.0,1.0,,
full,Coarse-Prior,96,1.0,0.0,1.0,,
full,Coarse-Prior,97,1.0,0.0,1.0,,
full,Coarse-Prior,98,1.0,0.0,1.0,,
full,Coarse-Prior,99,1.0,0.0,1.0,,
full,Coarse-Prior,100,0.9666666388511658,0.03333336114883423,0.0,,
full,Coarse-Prior,101,1.0,0.0,1.0,,
full,Coarse-Prior,102,1.0,0.0,1.0,,
full,Coarse-Prior,103,1.0,0.0,1.0,,
full,Coarse-Prior,104,1.0,0.0,1.0,,
full,Coarse-Prior,105,1.0,0.0,1.0,,
full,Coarse-Prior,106,1.0,0.0,1.0,,
full,Coarse-Prior,107,1.0,0.0,1.0,,
full,Coarse-Prior,108,1.0,0.0,1.0,,
full,Coarse-Prior,109,1.0,0.0,1.0,,
full,Coarse-Prior,110,1.0,0.0,1.0,,
full,Coarse-Prior,111,1.0,0.0,1.0,,
full,Coarse-Prior,112,1.0,0.0,1.0,,
full,Coarse-Prior,113,1.0,0.0,1.0,,
full,Coarse-Prior,114,1.0,0.0,1.0,,
full,Coarse-Prior,115,1.0,0.0,1.0,,
full,Coarse-Prior,116,1.0,0.0,1.0,,
full,Coarse-Prior,117,1.0,0.0,1.0,,
full,Coarse-Prior,118,1.0,0.0,1.0,,
full,Coarse-Prior,119,0.9666666388511658,0.03333336114883423,0.0,,
full,Coarse-Prior,120,1.0,0.0,1.0,,
full,Coarse-Prior,121,1.0,0.0,1.0,,
full,Coarse-Prior,122,1.0,0.0,1.0,,
full,Coarse-Prior,123,1.0,0.0,1.0,,
full,Coarse-Prior,124,1.0,0.0,1.0,,
full,Coarse-Prior,125,1.0,0.0,1.0,,
full,Coarse-Prior,126,1.0,0.0,1.0,,
full,Coarse-Prior,127,1.0,0.0,1.0,,
full,Coarse-Prior,128,1.0,0.0,1.0,,
full,Coarse-Prior,129,1.0,0.0,1.0,,
full,Coarse-Prior,130,1.0,0.0,1.0,,
full,Coarse-Prior,131,1.0,0.0,1.0,,
full,Coarse-Prior,132,1.0,0.0,1.0,,
full,Coarse-Prior,133,1.0,0.0,1.0,,
full,Coarse-Prior,134,1.0,0.0,1.0,,
full,Coarse-Prior,135,1.0,0.0,1.0,,
full,Coarse-Prior,136,1.0,0.0,1.0,,
full,Coarse-Prior,137,1.0,0.0,1.0,,
full,Coarse-Prior,138,1.0,0.0,1.0,,
full,Coarse-Prior,139,1.0,0.0,1.0,,
full,Coarse-Prior,140,1.0,0.0,1.0,,
full,Coarse-Prior,141,1.0,0.0,1.0,,
full,Coarse-Prior,142,1.0,0.0,1.0,,
full,Coarse-Prior,143,1.0,0.0,1.0,,
full,Multi-View-Average,0,1.0,0.0,1.0,,
full,Multi-View-Average,1,1.0,0.0,1.0,,
full,Multi-View-Average,2,1.0,0.0,1.0,,
full,Multi-View-Average,3,1.0,0.0,1.0,,
full,Multi-View-Average,4,1.0,0.0,1.0,,
full,Multi-View-Average,5,1.0,0.0,1.0,,
full,Multi-View-Average,6,1.0,0.0,1.0,,
full,Multi-View-Average,7,1.0,0.0,1.0,,
full,Multi-View-Average,8,1.0,0.0,1.0,,
full,Multi-View-Average,9,1.0,0.0,1.0,,
full,Multi-View-Average,10,1.0,0.0,1.0,,
full,Multi-View-Average,11,1.0,0.0,1.0,,
full,Multi-View-Average,12,1.0,0.0,1.0,,
full,Multi-View-Average,13,1.0,0.0,1.0,,
full,Multi-View-Average,14,1.0,0.0,1.0,,
full,Multi-View-Average,15,1.0,0.0,1.0,,
full,Multi-View-Average,16,1.0,0.0,1.0,,
full,Multi-View-Average,17,1.0,0.0,1.0,,
full,Multi-View-Average,18,1.0,0.0,1.0,,
full,Multi-View-Average,19,1.0,0.0,1.0,,
full,Multi-View-Average,20,1.0,0.0,1.0,,
full,Multi-View-Average,21,1.0,0.0,1.0,,
full,Multi-View-Average,22,1.0,0.0,1.0,,
full,Multi-View-Average,23,1.0,0.0,1.0,,
full,Multi-View-Average,24,1.0,0.0,1.0,,
full,Multi-View-Average,25,1.0,0.0,1.0,,
full,Multi-View-Average,26,1.0,0.0,1.0,,
full,Multi-View-Average,27,1.0,0.0,1.0,,
full,Multi-View-Average,28,1.0,0.0,1.0,,
full,Multi-View-Average,29,1.0,0.0,1.0,,
full,Multi-View-Average,30,1.0,0.0,1.0,,
full,Multi-View-Average,31,1.0,0.0,1.0,,
full,Multi-View-Average,32,1.0,0.0,1.0,,
full,Multi-View-Average,33,1.0,0.0,1.0,,
full,Multi-View-Average,34,1.0,0.0,1.0,,
full,Multi-View-Average,35,1.0,0.0,1.0,,
full,Multi-View-Average,36,1.0,0.0,1.0,,
full,Multi-View-Average,37,0.9666666388511658,0.03333336114883423,0.0,,
full,Multi-View-Average,38,1.0,0.0,1.0,,
full,Multi-View-Average,39,1.0,0.0,1.0,,
full,Multi-View-Average,40,1.0,0.0,1.0,,
full,Multi-View-Average,41,1.0,0.0,1.0,,
full,Multi-View-Average,42,1.0,0.0,1.0,,
full,Multi-View-Average,43,1.0,0.0,1.0,,
full,Multi-View-Average,44,1.0,0.0,1.0,,
full,Multi-View-Average,45,1.0,0.0,1.0,,
full,Multi-View-Average,46,1.0,0.0,1.0,,
full,Multi-View-Average,47,1.0,0.0,1.0,,
full,Multi-View-Average,48,1.0,0.0,1.0,,
full,Multi-View-Average,49,1.0,0.0,1.0,,
full,Multi-View-Average,50,1.0,0.0,1.0,,
full,Multi-View-Average,51,1.0,0.0,1.0,,
full,Multi-View-Average,52,1.0,0.0,1.0,,
full,Multi-View-Average,53,1.0,0.0,1.0,,
full,Multi-View-Average,54,1.0,0.0,1.0,,
full,Multi-View-Average,55,1.0,0.0,1.0,,
full,Multi-View-Average,56,1.0,0.0,1.0,,
full,Multi-View-Average,57,1.0,0.0,1.0,,
full,Multi-View-Average,58,1.0,0.0,1.0,,
full,Multi-View-Average,59,1.0,0.0,1.0,,
full,Multi-View-Average,60,1.0,0.0,1.0,,
full,Multi-View-Average,61,1.0,0.0,1.0,,
full,Multi-View-Average,62,1.0,0.0,1.0,,
full,Multi-View-Average,63,1.0,0.0,1.0,,
full,Multi-View-Average,64,1.0,0.0,1.0,,
full,Multi-View-Average,65,1.0,0.0,1.0,,
full,Multi-View-Average,66,1.0,0.0,1.0,,
full,Multi-View-Average,67,1.0,0.0,1.0,,
full,Multi-View-Average,68,1.0,0.0,1.0,,
full,Multi-View-Average,69,1.0,0.0,1.0,,
full,Multi-View-Average,70,1.0,0.0,1.0,,
full,Multi-View-Average,71,1.0,0.0,1.0,,
full,Multi-View-Average,72,1.0,0.0,1.0,,
full,Multi-View-Average,73,1.0,0.0,1.0,,
full,Multi-View-Average,74,1.0,0.0,1.0,,
full,Multi-View-Average,75,1.0,0.0,1.0,,
full,Multi-View-Average,76,1.0,0.0,1.0,,
full,Multi-View-Average,77,1.0,0.0,1.0,,
full,Multi-View-Average,78,0.9666666388511658,0.03333336114883423,0.0,,
full,Multi-View-Average,79,1.0,0.0,1.0,,
full,Multi-View-Average,80,1.0,0.0,1.0,,
full,Multi-View-Average,81,1.0,0.0,1.0,,
full,Multi-View-Average,82,1.0,0.0,1.0,,
full,Multi-View-Average,83,1.0,0.0,1.0,,
full,Multi-View-Average,84,1.0,0.0,1.0,,
full,Multi-View-Average,85,1.0,0.0,1.0,,
full,Multi-View-Average,86,1.0,0.0,1.0,,
full,Multi-View-Average,87,0.9666666388511658,0.03333336114883423,0.0,,
full,Multi-View-Average,88,1.0,0.0,1.0,,
full,Multi-View-Average,89,1.0,0.0,1.0,,
full,Multi-View-Average,90,1.0,0.0,1.0,,
full,Multi-View-Average,91,1.0,0.0,1.0,,
full,Multi-View-Average,92,1.0,0.0,1.0,,
full,Multi-View-Average,93,1.0,0.0,1.0,,
full,Multi-View-Average,94,1.0,0.0,1.0,,
full,Multi-View-Average,95,1.0,0.0,1.0,,
full,Multi-View-Average,96,1.0,0.0,1.0,,
full,Multi-View-Average,97,1.0,0.0,1.0,,
full,Multi-View-Average,98,1.0,0.0,1.0,,
full,Multi-View-Average,99,1.0,0.0,1.0,,
full,Multi-View-Average,100,0.9666666388511658,0.03333336114883423,0.0,,
full,Multi-View-Average,101,1.0,0.0,1.0,,
full,Multi-View-Average,102,1.0,0.0,1.0,,
full,Multi-View-Average,103,1.0,0.0,1.0,,
full,Multi-View-Average,104,1.0,0.0,1.0,,
full,Multi-View-Average,105,1.0,0.0,1.0,,
full,Multi-View-Average,106,1.0,0.0,1.0,,
full,Multi-View-Average,107,1.0,0.0,1.0,,
full,Multi-View-Average,108,1.0,0.0,1.0,,
full,Multi-View-Average,109,1.0,0.0,1.0,,
full,Multi-View-Average,110,1.0,0.0,1.0,,
full,Multi-View-Average,111,1.0,0.0,1.0,,
full,Multi-View-Average,112,1.0,0.0,1.0,,
full,Multi-View-Average,113,1.0,0.0,1.0,,
full,Multi-View-Average,114,1.0,0.0,1.0,,
full,Multi-View-Average,115,1.0,0.0,1.0,,
full,Multi-View-Average,116,1.0,0.0,1.0,,
full,Multi-View-Average,117,1.0,0.0,1.0,,
full,Multi-View-Average,118,1.0,0.0,1.0,,
full,Multi-View-Average,119,0.9666666388511658,0.03333336114883423,0.0,,
full,Multi-View-Average,120,1.0,0.0,1.0,,
full,Multi-View-Average,121,1.0,0.0,1.0,,
full,Multi-View-Average,122,1.0,0.0,1.0,,
full,Multi-View-Average,123,1.0,0.0,1.0,,
full,Multi-View-Average,124,1.0,0.0,1.0,,
full,Multi-View-Average,125,1.0,0.0,1.0,,
full,Multi-View-Average,126,1.0,0.0,1.0,,
full,Multi-View-Average,127,1.0,0.0,1.0,,
full,Multi-View-Average,128,1.0,0.0,1.0,,
full,Multi-View-Average,129,1.0,0.0,1.0,,
full,Multi-View-Average,130,1.0,0.0,1.0,,
full,Multi-View-Average,131,1.0,0.0,1.0,,
full,Multi-View-Average,132,1.0,0.0,1.0,,
full,Multi-View-Average,133,1.0,0.0,1.0,,
full,Multi-View-Average,134,1.0,0.0,1.0,,
full,Multi-View-Average,135,1.0,0.0,1.0,,
full,Multi-View-Average,136,1.0,0.0,1.0,,
full,Multi-View-Average,137,1.0,0.0,1.0,,
full,Multi-View-Average,138,1.0,0.0,1.0,,
full,Multi-View-Average,139,1.0,0.0,1.0,,
full,Multi-View-Average,140,1.0,0.0,1.0,,
full,Multi-View-Average,141,1.0,0.0,1.0,,
full,Multi-View-Average,142,1.0,0.0,1.0,,
full,Multi-View-Average,143,1.0,0.0,1.0,,
full,Single-View-FT,0,1.0,0.0,1.0,,
full,Single-View-FT,1,1.0,0.0,1.0,,
full,Single-View-FT,2,1.0,0.0,1.0,,
full,Single-View-FT,3,1.0,0.0,1.0,,
full,Single-View-FT,4,1.0,0.0,1.0,,
full,Single-View-FT,5,1.0,0.0,1.0,,
full,Single-View-FT,6,1.0,0.0,1.0,,
full,Single-View-FT,7,1.0,0.0,1.0,,
full,Single-View-FT,8,1.0,0.0,1.0,,
full,Single-View-FT,9,1.0,0.0,1.0,,
full,Single-View-FT,10,1.0,0.0,1.0,,
full,Single-View-FT,11,1.0,0.0,1.0,,
full,Single-View-FT,12,0.9666666388511658,0.03333336114883423,0.0,,
full,Single-View-FT,13,1.0,0.0,1.0,,
full,Single-View-FT,14,1.0,0.0,1.0,,
full,Single-View-FT,15,1.0,0.0,1.0,,
full,Single-View-FT,16,1.0,0.0,1.0,,
full,Single-View-FT,17,1.0,0.0,1.0,,
full,Single-View-FT,18,1.0,0.0,1.0,,
full,Single-View-FT,19,1.0,0.0,1.0,,
full,Single-View-FT,20,1.0,0.0,1.0,,
full,Single-View-FT,21,1.0,0.0,1.0,,
full,Single-View-FT,22,1.0,0.0,1.0,,
full,Single-View-FT,23,1.0,0.0,1.0,,
full,Single-View-FT,24,1.0,0.0,1.0,,
full,Single-View-FT,25,1.0,0.0,1.0,,
full,Single-View-FT,26,1.0,0.0,1.0,,
full,Single-View-FT,27,1.0,0.0,1.0,,
full,Single-View-FT,28,1.0,0.0,1.0,,
full,Single-View-FT,29,1.0,0.0,1.0,,
full,Single-View-FT,30,1.0,0.0,1.0,,
full,Single-View-FT,31,1.0,0.0,1.0,,
full,Single-View-FT,32,1.0,0.0,1.0,,
full,Single-View-FT,33,1.0,0.0,1.0,,
full,Single-View-FT,34,1.0,0.0,1.0,,
full,Single-View-FT,35,1.0,0.0,1.0,,
full,Single-View-FT,36,1.0,0.0,1.0,,
full,Single-View-FT,37,0.9666666388511658,0.03333336114883423,0.0,,
full,Single-View-FT,38,1.0,0.0,1.0,,
full,Single-View-FT,39,1.0,0.0,1.0,,
full,Single-View-FT,40,1.0,0.0,1.0,,
full,Single-View-FT,41,1.0,0.0,1.0,,
full,Single-View-FT,42,1.0,0.0,1.0,,
full,Single-View-FT,43,1.0,0.0,1.0,,
full,Single-View-FT,44,1.0,0.0,1.0,,
full,Single-View-FT,45,1.0,0.0,1.0,,
full,Single-View-FT,46,1.0,0.0,1.0,,
full,Single-View-FT,47,1.0,0.0,1.0,,
full,Single-View-FT,48,1.0,0.0,1.0,,
full,Single-View-FT,49,1.0,0.0,1.0,,
full,Single-View-FT,50,1.0,0.0,1.0,,
full,Single-View-FT,51,0.9666666388511658,0.03333336114883423,0.0,,
full,Single-View-FT,52,1.0,0.0,1.0,,
full,Single-View-FT,53,1.0,0.0,1.0,,
full,Single-View-FT,54,1.0,0.0,1.0,,
full,Single-View-FT,55,1.0,0.0,1.0,,
full,Single-View-FT,56,1.0,0.0,1.0,,
full,Single-View-FT,57,1.0,0.0,1.0,,
full,Single-View-FT,58,1.0,0.0,1.0,,
full,Single-View-FT,59,1.0,0.0,1.0,,
full,Single-View-FT,60,1.0,0.0,1.0,,
full,Single-View-FT,61,1.0,0.0,1.0,,
full,Single-View-FT,62,1.0,0.0,1.0,,
full,Single-View-FT,63,1.0,0.0,1.0,,
full,Single-View-FT,64,1.0,0.0,1.0,,
full,Single-View-FT,65,1.0,0.0,1.0,,
full,Single-View-FT,66,1.0,0.0,1.0,,
full,Single-View-FT,67,1.0,0.0,1.0,,
full,Single-View-FT,68,0.9666666388511658,0.03333336114883423,0.0,,
full,Single-View-FT,69,1.0,0.0,1.0,,
full,Single-View-FT,70,1.0,0.0,1.0,,
full,Single-View-FT,71,0.9666666388511658,0.03333336114883423,0.0,,
full,Single-View-FT,72,1.0,0.0,1.0,,
full,Single-View-FT,73,1.0,0.0,1.0,,
full,Single-View-FT,74,1.0,0.0,1.0,,
full,Single-View-FT,75,1.0,0.0,1.0,,
full,Single-View-FT,76,1.0,0.0,1.0,,
full,Single-View-FT,77,1.0,0.0,1.0,,
full,Single-View-FT,78,0.9666666388511658,0.03333336114883423,0.0,,
full,Single-View-FT,79,1.0,0.0,1.0,,
full,Single-View-FT,80,1.0,0.0,1.0,,
full,Single-View-FT,81,1.0,0.0,1.0,,
full,Single-View-FT,82,1.0,0.0,1.0,,
full,Single-View-FT,83,1.0,0.0,1.0,,
full,Single-View-FT,84,1.0,0.0,1.0,,
full,Single-View-FT,85,1.0,0.0,1.0,,
full,Single-View-FT,86,1.0,0.0,1.0,,
full,Single-View-FT,87,0.9666666388511658,0.03333336114883423,0.0,,
full,Single-View-FT,88,1.0,0.0,1.0,,
full,Single-View-FT,89,1.0,0.0,1.0,,
full,Single-View-FT,90,1.0,0.0,1.0,,
full,Single-View-FT,91,1.0,0.0,1.0,,
full,Single-View-FT,92,1.0,0.0,1.0,,
full,Single-View-FT,93,1.0,0.0,1.0,,
full,Single-View-FT,94,1.0,0.0,1.0,,
full,Single-View-FT,95,1.0,0.0,1.0,,
full,Single-View-FT,96,1.0,0.0,1.0,,
full,Single-View-FT,97,1.0,0.0,1.0,,
full,Single-View-FT,98,1.0,0.0,1.0,,
full,Single-View-FT,99,0.9666666388511658,0.03333336114883423,0.0,,
full,Single-View-FT,100,1.0,0.0,1.0,,
full,Single-View-FT,101,0.9666666388511658,0.03333336114883423,0.0,,
full,Single-View-FT,102,1.0,0.0,1.0,,
full,Single-View-FT,103,1.0,0.0,1.0,,
full,Single-View-FT,104,1.0,0.0,1.0,,
full,Single-View-FT,105,1.0,0.0,1.0,,
full,Single-View-FT,106,1.0,0.0,1.0,,
full,Single-View-FT,107,1.0,0.0,1.0,,
full,Single-View-FT,108,0.9666666388511658,0.03333336114883423,0.0,,
full,Single-View-FT,109,1.0,0.0,1.0,,
full,Single-View-FT,110,1.0,0.0,1.0,,
full,Single-View-FT,111,1.0,0.0,1.0,,
full,Single-View-FT,112,1.0,0.0,1.0,,
full,Single-View-FT,113,1.0,0.0,1.0,,
full,Single-View-FT,114,1.0,0.0,1.0,,
full,Single-View-FT,115,1.0,0.0,1.0,,
full,Single-View-FT,116,1.0,0.0,1.0,,
full,Single-View-FT,117,1.0,0.0,1.0,,
full,Single-View-FT,118,1.0,0.0,1.0,,
full,Single-View-FT,119,1.0,0.0,1.0,,
full,Single-View-FT,120,1.0,0.0,1.0,,
full,Single-View-FT,121,1.0,0.0,1.0,,
full,Single-View-FT,122,1.0,0.0,1.0,,
full,Single-View-FT,123,1.0,0.0,1.0,,
full,Single-View-FT,124,1.0,0.0,1.0,,
full,Single-View-FT,125,1.0,0.0,1.0,,
full,Single-View-FT,126,1.0,0.0,1.0,,
full,Single-View-FT,127,1.0,0.0,1.0,,
full,Single-View-FT,128,1.0,0.0,1.0,,
full,Single-View-FT,129,1.0,0.0,1.0,,
full,Single-View-FT,130,1.0,0.0,1.0,,
full,Single-View-FT,131,1.0,0.0,1.0,,
full,Single-View-FT,132,1.0,0.0,1.0,,
full,Single-View-FT,133,1.0,0.0,1.0,,
full,Single-View-FT,134,1.0,0.0,1.0,,
full,Single-View-FT,135,1.0,0.0,1.0,,
full,Single-View-FT,136,1.0,0.0,1.0,,
full,Single-View-FT,137,1.0,0.0,1.0,,
full,Single-View-FT,138,1.0,0.0,1.0,,
full,Single-View-FT,139,1.0,0.0,1.0,,
full,Single-View-FT,140,1.0,0.0,1.0,,
full,Single-View-FT,141,1.0,0.0,1.0,,
full,Single-View-FT,142,1.0,0.0,1.0,,
full,Single-View-FT,143,1.0,0.0,1.0,,
full,PMFA,0,1.0,0.0,1.0,1.0,
full,PMFA,1,1.0,0.0,1.0,1.0,
full,PMFA,2,1.0,0.0,1.0,1.0,
full,PMFA,3,1.0,0.0,1.0,1.0,
full,PMFA,4,1.0,0.0,1.0,1.0,
full,PMFA,5,1.0,0.0,1.0,1.0,
full,PMFA,6,1.0,0.0,1.0,1.0,
full,PMFA,7,1.0,0.0,1.0,1.0,
full,PMFA,8,1.0,0.0,1.0,1.0,
full,PMFA,9,1.0,0.0,1.0,1.0,
full,PMFA,10,1.0,0.0,1.0,1.0,
full,PMFA,11,1.0,0.0,1.0,1.0,
full,PMFA,12,0.9666666388511658,0.03333336114883423,0.0,1.0,
full,PMFA,13,1.0,0.0,1.0,1.0,
full,PMFA,14,1.0,0.0,1.0,1.0,
full,PMFA,15,1.0,0.0,1.0,1.0,
full,PMFA,16,1.0,0.0,1.0,1.0,
full,PMFA,17,1.0,0.0,1.0,1.0,
full,PMFA,18,1.0,0.0,1.0,1.0,
full,PMFA,19,1.0,0.0,1.0,1.0,
full,PMFA,20,1.0,0.0,1.0,1.0,
full,PMFA,21,1.0,0.0,1.0,1.0,
full,PMFA,22,1.0,0.0,1.0,1.0,
full,PMFA,23,1.0,0.0,1.0,1.0,
full,PMFA,24,1.0,0.0,1.0,1.0,
full,PMFA,25,1.0,0.0,1.0,1.0,
full,PMFA,26,1.0,0.0,1.0,1.0,
full,PMFA,27,1.0,0.0,1.0,1.0,
full,PMFA,28,1.0,0.0,1.0,1.0,
full,PMFA,29,1.0,0.0,1.0,1.0,
full,PMFA,30,1.0,0.0,1.0,1.0,
full,PMFA,31,1.0,0.0,1.0,1.0,
full,PMFA,32,1.0,0.0,1.0,1.0,
full,PMFA,33,1.0,0.0,1.0,1.0,
full,PMFA,34,1.0,0.0,1.0,1.0,
full,PMFA,35,1.0,0.0,1.0,1.0,
full,PMFA,36,0.9666666388511658,0.03333336114883423,0.0,1.0,
full,PMFA,37,0.9666666388511658,0.03333336114883423,0.0,1.0,
full,PMFA,38,0.9666666388511658,0.03333336114883423,0.0,1.0,
full,PMFA,39,1.0,0.0,1.0,1.0,
full,PMFA,40,1.0,0.0,1.0,1.0,
full,PMFA,41,1.0,0.0,1.0,1.0,
full,PMFA,42,1.0,0.0,1.0,1.0,
full,PMFA,43,1.0,0.0,1.0,1.0,
full,PMFA,44,1.0,0.0,1.0,1.0,
full,PMFA,45,1.0,0.0,1.0,1.0,
full,PMFA,46,1.0,0.0,1.0,1.0,
full,PMFA,47,1.0,0.0,1.0,1.0,
full,PMFA,48,1.0,0.0,1.0,1.0,
full,PMFA,49,1.0,0.0,1.0,1.0,
full,PMFA,50,1.0,0.0,1.0,1.0,
full,PMFA,51,0.9666666388511658,0.03333336114883423,0.0,1.0,
full,PMFA,52,1.0,0.0,1.0,1.0,
full,PMFA,53,1.0,0.0,1.0,1.0,
full,PMFA,54,1.0,0.0,1.0,1.0,
full,PMFA,55,1.0,0.0,1.0,1.0,
full,PMFA,56,1.0,0.0,1.0,1.0,
full,PMFA,57,1.0,0.0,1.0,1.0,
full,PMFA,58,1.0,0.0,1.0,1.0,
full,PMFA,59,1.0,0.0,1.0,1.0,
full,PMFA,60,1.0,0.0,1.0,1.0,
full,PMFA,61,1.0,0.0,1.0,1.0,
full,PMFA,62,1.0,0.0,1.0,1.0,
full,PMFA,63,1.0,0.0,1.0,1.0,
full,PMFA,64,1.0,0.0,1.0,1.0,
full,PMFA,65,1.0,0.0,1.0,1.0,
full,PMFA,66,1.0,0.0,1.0,1.0,
full,PMFA,67,1.0,0.0,1.0,1.0,
full,PMFA,68,0.9666666388511658,0.03333336114883423,0.0,1.0,
full,PMFA,69,1.0,0.0,1.0,1.0,
full,PMFA,70,1.0,0.0,1.0,1.0,
full,PMFA,71,0.9666666388511658,0.03333336114883423,0.0,1.0,
full,PMFA,72,1.0,0.0,1.0,1.0,
full,PMFA,73,1.0,0.0,1.0,1.0,
full,PMFA,74,1.0,0.0,1.0,1.0,
full,PMFA,75,1.0,0.0,1.0,1.0,
full,PMFA,76,1.0,0.0,1.0,1.0,
full,PMFA,77,1.0,0.0,1.0,1.0,
full,PMFA,78,0.9666666388511658,0.03333336114883423,0.0,1.0,
full,PMFA,79,1.0,0.0,1.0,1.0,
full,PMFA,80,1.0,0.0,1.0,1.0,
full,PMFA,81,1.0,0.0,1.0,1.0,
full,PMFA,82,1.0,0.0,1.0,1.0,
full,PMFA,83,1.0,0.0,1.0,1.0,
full,PMFA,84,1.0,0.0,1.0,1.0,
full,PMFA,85,1.0,0.0,1.0,1.0,
full,PMFA,86,1.0,0.0,1.0,1.0,
full,PMFA,87,0.9666666388511658,0.03333336114883423,0.0,1.0,
full,PMFA,88,1.0,0.0,1.0,1.0,
full,PMFA,89,1.0,0.0,1.0,1.0,
full,PMFA,90,1.0,0.0,1.0,1.0,
full,PMFA,91,1.0,0.0,1.0,1.0,
full,PMFA,92,1.0,0.0,1.0,1.0,
full,PMFA,93,1.0,0.0,1.0,1.0,
full,PMFA,94,1.0,0.0,1.0,1.0,
full,PMFA,95,1.0,0.0,1.0,1.0,
full,PMFA,96,1.0,0.0,1.0,1.0,
full,PMFA,97,1.0,0.0,1.0,1.0,
full,PMFA,98,1.0,0.0,1.0,1.0,
full,PMFA,99,0.9666666388511658,0.03333336114883423,0.0,1.0,
full,PMFA,100,1.0,0.0,1.0,1.0,
full,PMFA,101,0.9666666388511658,0.03333336114883423,0.0,1.0,
full,PMFA,102,1.0,0.0,1.0,1.0,
full,PMFA,103,1.0,0.0,1.0,1.0,
full,PMFA,104,1.0,0.0,1.0,1.0,
full,PMFA,105,1.0,0.0,1.0,1.0,
full,PMFA,106,1.0,0.0,1.0,1.0,
full,PMFA,107,1.0,0.0,1.0,1.0,
full,PMFA,108,0.9666666388511658,0.03333336114883423,0.0,1.0,
full,PMFA,109,1.0,0.0,1.0,1.0,
full,PMFA,110,1.0,0.0,1.0,1.0,
full,PMFA,111,1.0,0.0,1.0,1.0,
full,PMFA,112,1.0,0.0,1.0,1.0,
full,PMFA,113,1.0,0.0,1.0,1.0,
full,PMFA,114,1.0,0.0,1.0,1.0,
full,PMFA,115,1.0,0.0,1.0,1.0,
full,PMFA,116,1.0,0.0,1.0,1.0,
full,PMFA,117,1.0,0.0,1.0,1.0,
full,PMFA,118,1.0,0.0,1.0,1.0,
full,PMFA,119,0.9666666388511658,0.03333336114883423,0.0,1.0,
full,PMFA,120,1.0,0.0,1.0,1.0,
full,PMFA,121,1.0,0.0,1.0,1.0,
full,PMFA,122,1.0,0.0,1.0,1.0,
full,PMFA,123,1.0,0.0,1.0,1.0,
full,PMFA,124,1.0,0.0,1.0,1.0,
full,PMFA,125,1.0,0.0,1.0,1.0,
full,PMFA,126,1.0,0.0,1.0,1.0,
full,PMFA,127,1.0,0.0,1.0,1.0,
full,PMFA,128,1.0,0.0,1.0,1.0,
full,PMFA,129,1.0,0.0,1.0,1.0,
full,PMFA,130,1.0,0.0,1.0,1.0,
full,PMFA,131,1.0,0.0,1.0,1.0,
full,PMFA,132,1.0,0.0,1.0,1.0,
full,PMFA,133,1.0,0.0,1.0,1.0,
full,PMFA,134,1.0,0.0,1.0,1.0,
full,PMFA,135,1.0,0.0,1.0,1.0,
full,PMFA,136,1.0,0.0,1.0,1.0,
full,PMFA,137,1.0,0.0,1.0,1.0,
full,PMFA,138,1.0,0.0,1.0,1.0,
full,PMFA,139,1.0,0.0,1.0,1.0,
full,PMFA,140,1.0,0.0,1.0,1.0,
full,PMFA,141,1.0,0.0,1.0,1.0,
full,PMFA,142,1.0,0.0,1.0,1.0,
full,PMFA,143,1.0,0.0,1.0,1.0,
full,Decoder-Tail-FT,0,1.0,0.0,1.0,,
full,Decoder-Tail-FT,1,0.9333333373069763,0.06666666269302368,0.0,,
full,Decoder-Tail-FT,2,0.9666666388511658,0.03333336114883423,0.0,,
full,Decoder-Tail-FT,3,1.0,0.0,1.0,,
full,Decoder-Tail-FT,4,1.0,0.0,1.0,,
full,Decoder-Tail-FT,5,1.0,0.0,1.0,,
full,Decoder-Tail-FT,6,1.0,0.0,1.0,,
full,Decoder-Tail-FT,7,0.9666666388511658,0.03333336114883423,0.0,,
full,Decoder-Tail-FT,8,1.0,0.0,1.0,,
full,Decoder-Tail-FT,9,1.0,0.0,1.0,,
full,Decoder-Tail-FT,10,1.0,0.0,1.0,,
full,Decoder-Tail-FT,11,1.0,0.0,1.0,,
full,Decoder-Tail-FT,12,0.9666666388511658,0.03333336114883423,0.0,,
full,Decoder-Tail-FT,13,1.0,0.0,1.0,,
full,Decoder-Tail-FT,14,0.9333333373069763,0.06666666269302368,0.0,,
full,Decoder-Tail-FT,15,1.0,0.0,1.0,,
full,Decoder-Tail-FT,16,1.0,0.0,1.0,,
full,Decoder-Tail-FT,17,1.0,0.0,1.0,,
full,Decoder-Tail-FT,18,1.0,0.0,1.0,,
full,Decoder-Tail-FT,19,1.0,0.0,1.0,,
full,Decoder-Tail-FT,20,1.0,0.0,1.0,,
full,Decoder-Tail-FT,21,0.9666666388511658,0.03333336114883423,0.0,,
full,Decoder-Tail-FT,22,1.0,0.0,1.0,,
full,Decoder-Tail-FT,23,1.0,0.0,1.0,,
full,Decoder-Tail-FT,24,1.0,0.0,1.0,,
full,Decoder-Tail-FT,25,1.0,0.0,1.0,,
full,Decoder-Tail-FT,26,1.0,0.0,1.0,,
full,Decoder-Tail-FT,27,1.0,0.0,1.0,,
full,Decoder-Tail-FT,28,1.0,0.0,1.0,,
full,Decoder-Tail-FT,29,1.0,0.0,1.0,,
full,Decoder-Tail-FT,30,1.0,0.0,1.0,,
full,Decoder-Tail-FT,31,1.0,0.0,1.0,,
full,Decoder-Tail-FT,32,1.0,0.0,1.0,,
full,Decoder-Tail-FT,33,1.0,0.0,1.0,,
full,Decoder-Tail-FT,34,1.0,0.0,1.0,,
full,Decoder-Tail-FT,35,1.0,0.0,1.0,,
full,Decoder-Tail-FT,36,1.0,0.0,1.0,,
full,Decoder-Tail-FT,37,1.0,0.0,1.0,,
full,Decoder-Tail-FT,38,1.0,0.0,1.0,,
full,Decoder-Tail-FT,39,1.0,0.0,1.0,,
full,Decoder-Tail-FT,40,1.0,0.0,1.0,,
full,Decoder-Tail-FT,41,1.0,0.0,1.0,,
full,Decoder-Tail-FT,42,1.0,0.0,1.0,,
full,Decoder-Tail-FT,43,1.0,0.0,1.0,,
full,Decoder-Tail-FT,44,1.0,0.0,1.0,,
full,Decoder-Tail-FT,45,1.0,0.0,1.0,,
full,Decoder-Tail-FT,46,1.0,0.0,1.0,,
full,Decoder-Tail-FT,47,1.0,0.0,1.0,,
full,Decoder-Tail-FT,48,1.0,0.0,1.0,,
full,Decoder-Tail-FT,49,1.0,0.0,1.0,,
full,Decoder-Tail-FT,50,1.0,0.0,1.0,,
full,Decoder-Tail-FT,51,1.0,0.0,1.0,,
full,Decoder-Tail-FT,52,1.0,0.0,1.0,,
full,Decoder-Tail-FT,53,1.0,0.0,1.0,,
full,Decoder-Tail-FT,54,1.0,0.0,1.0,,
full,Decoder-Tail-FT,55,1.0,0.0,1.0,,
full,Decoder-Tail-FT,56,1.0,0.0,1.0,,
full,Decoder-Tail-FT,57,1.0,0.0,1.0,,
full,Decoder-Tail-FT,58,1.0,0.0,1.0,,
full,Decoder-Tail-FT,59,1.0,0.0,1.0,,
full,Decoder-Tail-FT,60,1.0,0.0,1.0,,
full,Decoder-Tail-FT,61,1.0,0.0,1.0,,
full,Decoder-Tail-FT,62,1.0,0.0,1.0,,
full,Decoder-Tail-FT,63,1.0,0.0,1.0,,
full,Decoder-Tail-FT,64,1.0,0.0,1.0,,
full,Decoder-Tail-FT,65,1.0,0.0,1.0,,
full,Decoder-Tail-FT,66,1.0,0.0,1.0,,
full,Decoder-Tail-FT,67,1.0,0.0,1.0,,
full,Decoder-Tail-FT,68,1.0,0.0,1.0,,
full,Decoder-Tail-FT,69,1.0,0.0,1.0,,
full,Decoder-Tail-FT,70,1.0,0.0,1.0,,
full,Decoder-Tail-FT,71,0.9666666388511658,0.03333336114883423,0.0,,
full,Decoder-Tail-FT,72,1.0,0.0,1.0,,
full,Decoder-Tail-FT,73,1.0,0.0,1.0,,
full,Decoder-Tail-FT,74,0.9666666388511658,0.03333336114883423,0.0,,
full,Decoder-Tail-FT,75,1.0,0.0,1.0,,
full,Decoder-Tail-FT,76,1.0,0.0,1.0,,
full,Decoder-Tail-FT,77,1.0,0.0,1.0,,
full,Decoder-Tail-FT,78,0.9333333373069763,0.06666666269302368,0.0,,
full,Decoder-Tail-FT,79,1.0,0.0,1.0,,
full,Decoder-Tail-FT,80,0.9666666388511658,0.03333336114883423,0.0,,
full,Decoder-Tail-FT,81,1.0,0.0,1.0,,
full,Decoder-Tail-FT,82,1.0,0.0,1.0,,
full,Decoder-Tail-FT,83,0.9666666388511658,0.03333336114883423,0.0,,
full,Decoder-Tail-FT,84,1.0,0.0,1.0,,
full,Decoder-Tail-FT,85,1.0,0.0,1.0,,
full,Decoder-Tail-FT,86,1.0,0.0,1.0,,
full,Decoder-Tail-FT,87,1.0,0.0,1.0,,
full,Decoder-Tail-FT,88,1.0,0.0,1.0,,
full,Decoder-Tail-FT,89,1.0,0.0,1.0,,
full,Decoder-Tail-FT,90,1.0,0.0,1.0,,
full,Decoder-Tail-FT,91,1.0,0.0,1.0,,
full,Decoder-Tail-FT,92,1.0,0.0,1.0,,
full,Decoder-Tail-FT,93,1.0,0.0,1.0,,
full,Decoder-Tail-FT,94,1.0,0.0,1.0,,
full,Decoder-Tail-FT,95,1.0,0.0,1.0,,
full,Decoder-Tail-FT,96,1.0,0.0,1.0,,
full,Decoder-Tail-FT,97,1.0,0.0,1.0,,
full,Decoder-Tail-FT,98,0.9666666388511658,0.03333336114883423,0.0,,
full,Decoder-Tail-FT,99,0.9666666388511658,0.03333336114883423,0.0,,
full,Decoder-Tail-FT,100,1.0,0.0,1.0,,
full,Decoder-Tail-FT,101,1.0,0.0,1.0,,
full,Decoder-Tail-FT,102,1.0,0.0,1.0,,
full,Decoder-Tail-FT,103,1.0,0.0,1.0,,
full,Decoder-Tail-FT,104,1.0,0.0,1.0,,
full,Decoder-Tail-FT,105,1.0,0.0,1.0,,
full,Decoder-Tail-FT,106,1.0,0.0,1.0,,
full,Decoder-Tail-FT,107,1.0,0.0,1.0,,
full,Decoder-Tail-FT,108,0.9666666388511658,0.03333336114883423,0.0,,
full,Decoder-Tail-FT,109,0.9666666388511658,0.03333336114883423,0.0,,
full,Decoder-Tail-FT,110,0.9333333373069763,0.06666666269302368,0.0,,
full,Decoder-Tail-FT,111,0.9666666388511658,0.03333336114883423,0.0,,
full,Decoder-Tail-FT,112,0.9666666388511658,0.03333336114883423,0.0,,
full,Decoder-Tail-FT,113,1.0,0.0,1.0,,
full,Decoder-Tail-FT,114,1.0,0.0,1.0,,
full,Decoder-Tail-FT,115,1.0,0.0,1.0,,
full,Decoder-Tail-FT,116,1.0,0.0,1.0,,
full,Decoder-Tail-FT,117,1.0,0.0,1.0,,
full,Decoder-Tail-FT,118,1.0,0.0,1.0,,
full,Decoder-Tail-FT,119,1.0,0.0,1.0,,
full,Decoder-Tail-FT,120,1.0,0.0,1.0,,
full,Decoder-Tail-FT,121,0.9666666388511658,0.03333336114883423,0.0,,
full,Decoder-Tail-FT,122,1.0,0.0,1.0,,
full,Decoder-Tail-FT,123,1.0,0.0,1.0,,
full,Decoder-Tail-FT,124,1.0,0.0,1.0,,
full,Decoder-Tail-FT,125,1.0,0.0,1.0,,
full,Decoder-Tail-FT,126,1.0,0.0,1.0,,
full,Decoder-Tail-FT,127,1.0,0.0,1.0,,
full,Decoder-Tail-FT,128,1.0,0.0,1.0,,
full,Decoder-Tail-FT,129,1.0,0.0,1.0,,
full,Decoder-Tail-FT,130,1.0,0.0,1.0,,
full,Decoder-Tail-FT,131,1.0,0.0,1.0,,
full,Decoder-Tail-FT,132,1.0,0.0,1.0,,
full,Decoder-Tail-FT,133,1.0,0.0,1.0,,
full,Decoder-Tail-FT,134,1.0,0.0,1.0,,
full,Decoder-Tail-FT,135,1.0,0.0,1.0,,
full,Decoder-Tail-FT,136,1.0,0.0,1.0,,
full,Decoder-Tail-FT,137,1.0,0.0,1.0,,
full,Decoder-Tail-FT,138,1.0,0.0,1.0,,
full,Decoder-Tail-FT,139,1.0,0.0,1.0,,
full,Decoder-Tail-FT,140,1.0,0.0,1.0,,
full,Decoder-Tail-FT,141,1.0,0.0,1.0,,
full,Decoder-Tail-FT,142,0.9666666388511658,0.03333336114883423,0.0,,
full,Decoder-Tail-FT,143,1.0,0.0,1.0,,
full,Oracle-Alignment,0,1.0,0.0,1.0,,
full,Oracle-Alignment,1,1.0,0.0,1.0,,
full,Oracle-Alignment,2,1.0,0.0,1.0,,
full,Oracle-Alignment,3,1.0,0.0,1.0,,
full,Oracle-Alignment,4,1.0,0.0,1.0,,
full,Oracle-Alignment,5,1.0,0.0,1.0,,
full,Oracle-Alignment,6,1.0,0.0,1.0,,
full,Oracle-Alignment,7,1.0,0.0,1.0,,
full,Oracle-Alignment,8,1.0,0.0,1.0,,
full,Oracle-Alignment,9,1.0,0.0,1.0,,
full,Oracle-Alignment,10,1.0,0.0,1.0,,
full,Oracle-Alignment,11,1.0,0.0,1.0,,
full,Oracle-Alignment,12,1.0,0.0,1.0,,
full,Oracle-Alignment,13,1.0,0.0,1.0,,
full,Oracle-Alignment,14,1.0,0.0,1.0,,
full,Oracle-Alignment,15,1.0,0.0,1.0,,
full,Oracle-Alignment,16,1.0,0.0,1.0,,
full,Oracle-Alignment,17,1.0,0.0,1.0,,
full,Oracle-Alignment,18,1.0,0.0,1.0,,
full,Oracle-Alignment,19,1.0,0.0,1.0,,
full,Oracle-Alignment,20,1.0,0.0,1.0,,
full,Oracle-Alignment,21,1.0,0.0,1.0,,
full,Oracle-Alignment,22,1.0,0.0,1.0,,
full,Oracle-Alignment,23,1.0,0.0,1.0,,
full,Oracle-Alignment,24,1.0,0.0,1.0,,
full,Oracle-Alignment,25,1.0,0.0,1.0,,
full,Oracle-Alignment,26,1.0,0.0,1.0,,
full,Oracle-Alignment,27,1.0,0.0,1.0,,
full,Oracle-Alignment,28,1.0,0.0,1.0,,
full,Oracle-Alignment,29,1.0,0.0,1.0,,
full,Oracle-Alignment,30,1.0,0.0,1.0,,
full,Oracle-Alignment,31,1.0,0.0,1.0,,
full,Oracle-Alignment,32,1.0,0.0,1.0,,
full,Oracle-Alignment,33,1.0,0.0,1.0,,
full,Oracle-Alignment,34,1.0,0.0,1.0,,
full,Oracle-Alignment,35,1.0,0.0,1.0,,
full,Oracle-Alignment,36,1.0,0.0,1.0,,
full,Oracle-Alignment,37,0.9666666388511658,0.03333336114883423,0.0,,
full,Oracle-Alignment,38,1.0,0.0,1.0,,
full,Oracle-Alignment,39,1.0,0.0,1.0,,
full,Oracle-Alignment,40,1.0,0.0,1.0,,
full,Oracle-Alignment,41,1.0,0.0,1.0,,
full,Oracle-Alignment,42,1.0,0.0,1.0,,
full,Oracle-Alignment,43,1.0,0.0,1.0,,
full,Oracle-Alignment,44,1.0,0.0,1.0,,
full,Oracle-Alignment,45,1.0,0.0,1.0,,
full,Oracle-Alignment,46,1.0,0.0,1.0,,
full,Oracle-Alignment,47,1.0,0.0,1.0,,
full,Oracle-Alignment,48,1.0,0.0,1.0,,
full,Oracle-Alignment,49,1.0,0.0,1.0,,
full,Oracle-Alignment,50,1.0,0.0,1.0,,
full,Oracle-Alignment,51,1.0,0.0,1.0,,
full,Oracle-Alignment,52,1.0,0.0,1.0,,
full,Oracle-Alignment,53,1.0,0.0,1.0,,
full,Oracle-Alignment,54,1.0,0.0,1.0,,
full,Oracle-Alignment,55,1.0,0.0,1.0,,
full,Oracle-Alignment,56,1.0,0.0,1.0,,
full,Oracle-Alignment,57,1.0,0.0,1.0,,
full,Oracle-Alignment,58,1.0,0.0,1.0,,
full,Oracle-Alignment,59,1.0,0.0,1.0,,
full,Oracle-Alignment,60,1.0,0.0,1.0,,
full,Oracle-Alignment,61,1.0,0.0,1.0,,
full,Oracle-Alignment,62,1.0,0.0,1.0,,
full,Oracle-Alignment,63,1.0,0.0,1.0,,
full,Oracle-Alignment,64,1.0,0.0,1.0,,
full,Oracle-Alignment,65,1.0,0.0,1.0,,
full,Oracle-Alignment,66,1.0,0.0,1.0,,
full,Oracle-Alignment,67,1.0,0.0,1.0,,
full,Oracle-Alignment,68,1.0,0.0,1.0,,
full,Oracle-Alignment,69,1.0,0.0,1.0,,
full,Oracle-Alignment,70,1.0,0.0,1.0,,
full,Oracle-Alignment,71,1.0,0.0,1.0,,
full,Oracle-Alignment,72,1.0,0.0,1.0,,
full,Oracle-Alignment,73,1.0,0.0,1.0,,
full,Oracle-Alignment,74,1.0,0.0,1.0,,
full,Oracle-Alignment,75,1.0,0.0,1.0,,
full,Oracle-Alignment,76,1.0,0.0,1.0,,
full,Oracle-Alignment,77,1.0,0.0,1.0,,
full,Oracle-Alignment,78,0.9666666388511658,0.03333336114883423,0.0,,
full,Oracle-Alignment,79,1.0,0.0,1.0,,
full,Oracle-Alignment,80,1.0,0.0,1.0,,
full,Oracle-Alignment,81,1.0,0.0,1.0,,
full,Oracle-Alignment,82,1.0,0.0,1.0,,
full,Oracle-Alignment,83,1.0,0.0,1.0,,
full,Oracle-Alignment,84,1.0,0.0,1.0,,
full,Oracle-Alignment,85,1.0,0.0,1.0,,
full,Oracle-Alignment,86,1.0,0.0,1.0,,
full,Oracle-Alignment,87,0.9666666388511658,0.03333336114883423,0.0,,
full,Oracle-Alignment,88,1.0,0.0,1.0,,
full,Oracle-Alignment,89,1.0,0.0,1.0,,
full,Oracle-Alignment,90,1.0,0.0,1.0,,
full,Oracle-Alignment,91,1.0,0.0,1.0,,
full,Oracle-Alignment,92,1.0,0.0,1.0,,
full,Oracle-Alignment,93,1.0,0.0,1.0,,
full,Oracle-Alignment,94,1.0,0.0,1.0,,
full,Oracle-Alignment,95,1.0,0.0,1.0,,
full,Oracle-Alignment,96,1.0,0.0,1.0,,
full,Oracle-Alignment,97,1.0,0.0,1.0,,
full,Oracle-Alignment,98,1.0,0.0,1.0,,
full,Oracle-Alignment,99,1.0,0.0,1.0,,
full,Oracle-Alignment,100,0.9666666388511658,0.03333336114883423,0.0,,
full,Oracle-Alignment,101,1.0,0.0,1.0,,
full,Oracle-Alignment,102,1.0,0.0,1.0,,
full,Oracle-Alignment,103,1.0,0.0,1.0,,
full,Oracle-Alignment,104,1.0,0.0,1.0,,
full,Oracle-Alignment,105,1.0,0.0,1.0,,
full,Oracle-Alignment,106,1.0,0.0,1.0,,
full,Oracle-Alignment,107,1.0,0.0,1.0,,
full,Oracle-Alignment,108,1.0,0.0,1.0,,
full,Oracle-Alignment,109,1.0,0.0,1.0,,
full,Oracle-Alignment,110,1.0,0.0,1.0,,
full,Oracle-Alignment,111,1.0,0.0,1.0,,
full,Oracle-Alignment,112,1.0,0.0,1.0,,
full,Oracle-Alignment,113,1.0,0.0,1.0,,
full,Oracle-Alignment,114,1.0,0.0,1.0,,
full,Oracle-Alignment,115,1.0,0.0,1.0,,
full,Oracle-Alignment,116,1.0,0.0,1.0,,
full,Oracle-Alignment,117,1.0,0.0,1.0,,
full,Oracle-Alignment,118,1.0,0.0,1.0,,
full,Oracle-Alignment,119,0.9666666388511658,0.03333336114883423,0.0,,
full,Oracle-Alignment,120,1.0,0.0,1.0,,
full,Oracle-Alignment,121,1.0,0.0,1.0,,
full,Oracle-Alignment,122,1.0,0.0,1.0,,
full,Oracle-Alignment,123,1.0,0.0,1.0,,
full,Oracle-Alignment,124,1.0,0.0,1.0,,
full,Oracle-Alignment,125,1.0,0.0,1.0,,
full,Oracle-Alignment,126,1.0,0.0,1.0,,
full,Oracle-Alignment,127,1.0,0.0,1.0,,
full,Oracle-Alignment,128,1.0,0.0,1.0,,
full,Oracle-Alignment,129,1.0,0.0,1.0,,
full,Oracle-Alignment,130,1.0,0.0,1.0,,
full,Oracle-Alignment,131,1.0,0.0,1.0,,
full,Oracle-Alignment,132,1.0,0.0,1.0,,
full,Oracle-Alignment,133,1.0,0.0,1.0,,
full,Oracle-Alignment,134,1.0,0.0,1.0,,
full,Oracle-Alignment,135,1.0,0.0,1.0,,
full,Oracle-Alignment,136,1.0,0.0,1.0,,
full,Oracle-Alignment,137,1.0,0.0,1.0,,
full,Oracle-Alignment,138,1.0,0.0,1.0,,
full,Oracle-Alignment,139,1.0,0.0,1.0,,
full,Oracle-Alignment,140,1.0,0.0,1.0,,
full,Oracle-Alignment,141,1.0,0.0,1.0,,
full,Oracle-Alignment,142,1.0,0.0,1.0,,
full,Oracle-Alignment,143,1.0,0.0,1.0,,
full,DCSS,0,1.0,0.0,1.0,,
full,DCSS,1,1.0,0.0,1.0,,
full,DCSS,2,1.0,0.0,1.0,,
full,DCSS,3,1.0,0.0,1.0,,
full,DCSS,4,1.0,0.0,1.0,,
full,DCSS,5,1.0,0.0,1.0,,
full,DCSS,6,1.0,0.0,1.0,,
full,DCSS,7,1.0,0.0,1.0,,
full,DCSS,8,1.0,0.0,1.0,,
full,DCSS,9,1.0,0.0,1.0,,
full,DCSS,10,1.0,0.0,1.0,,
full,DCSS,11,1.0,0.0,1.0,,
full,DCSS,12,1.0,0.0,1.0,,
full,DCSS,13,1.0,0.0,1.0,,
full,DCSS,14,1.0,0.0,1.0,,
full,DCSS,15,1.0,0.0,1.0,,
full,DCSS,16,1.0,0.0,1.0,,
full,DCSS,17,1.0,0.0,1.0,,
full,DCSS,18,1.0,0.0,1.0,,
full,DCSS,19,1.0,0.0,1.0,,
full,DCSS,20,1.0,0.0,1.0,,
full,DCSS,21,1.0,0.0,1.0,,
full,DCSS,22,1.0,0.0,1.0,,
full,DCSS,23,1.0,0.0,1.0,,
full,DCSS,24,1.0,0.0,1.0,,
full,DCSS,25,1.0,0.0,1.0,,
full,DCSS,26,1.0,0.0,1.0,,
full,DCSS,27,1.0,0.0,1.0,,
full,DCSS,28,1.0,0.0,1.0,,
full,DCSS,29,1.0,0.0,1.0,,
full,DCSS,30,1.0,0.0,1.0,,
full,DCSS,31,1.0,0.0,1.0,,
full,DCSS,32,1.0,0.0,1.0,,
full,DCSS,33,1.0,0.0,1.0,,
full,DCSS,34,1.0,0.0,1.0,,
full,DCSS,35,1.0,0.0,1.0,,
full,DCSS,36,1.0,0.0,1.0,,
full,DCSS,37,0.9666666388511658,0.03333336114883423,0.0,,
full,DCSS,38,1.0,0.0,1.0,,
full,DCSS,39,1.0,0.0,1.0,,
full,DCSS,40,1.0,0.0,1.0,,
full,DCSS,41,1.0,0.0,1.0,,
full,DCSS,42,1.0,0.0,1.0,,
full,DCSS,43,1.0,0.0,1.0,,
full,DCSS,44,1.0,0.0,1.0,,
full,DCSS,45,1.0,0.0,1.0,,
full,DCSS,46,1.0,0.0,1.0,,
full,DCSS,47,1.0,0.0,1.0,,
full,DCSS,48,1.0,0.0,1.0,,
full,DCSS,49,1.0,0.0,1.0,,
full,DCSS,50,1.0,0.0,1.0,,
full,DCSS,51,1.0,0.0,1.0,,
full,DCSS,52,1.0,0.0,1.0,,
full,DCSS,53,1.0,0.0,1.0,,
full,DCSS,54,1.0,0.0,1.0,,
full,DCSS,55,1.0,0.0,1.0,,
full,DCSS,56,1.0,0.0,1.0,,
full,DCSS,57,1.0,0.0,1.0,,
full,DCSS,58,1.0,0.0,1.0,,
full,DCSS,59,1.0,0.0,1.0,,
full,DCSS,60,1.0,0.0,1.0,,
full,DCSS,61,1.0,0.0,1.0,,
full,DCSS,62,1.0,0.0,1.0,,
full,DCSS,63,1.0,0.0,1.0,,
full,DCSS,64,1.0,0.0,1.0,,
full,DCSS,65,1.0,0.0,1.0,,
full,DCSS,66,1.0,0.0,1.0,,
full,DCSS,67,1.0,0.0,1.0,,
full,DCSS,68,1.0,0.0,1.0,,
full,DCSS,69,1.0,0.0,1.0,,
full,DCSS,70,1.0,0.0,1.0,,
full,DCSS,71,1.0,0.0,1.0,,
full,DCSS,72,1.0,0.0,1.0,,
full,DCSS,73,1.0,0.0,1.0,,
full,DCSS,74,1.0,0.0,1.0,,
full,DCSS,75,1.0,0.0,1.0,,
full,DCSS,76,1.0,0.0,1.0,,
full,DCSS,77,1.0,0.0,1.0,,
full,DCSS,78,0.9666666388511658,0.03333336114883423,0.0,,
full,DCSS,79,1.0,0.0,1.0,,
full,DCSS,80,1.0,0.0,1.0,,
full,DCSS,81,1.0,0.0,1.0,,
full,DCSS,82,1.0,0.0,1.0,,
full,DCSS,83,1.0,0.0,1.0,,
full,DCSS,84,1.0,0.0,1.0,,
full,DCSS,85,1.0,0.0,1.0,,
full,DCSS,86,1.0,0.0,1.0,,
full,DCSS,87,0.9666666388511658,0.03333336114883423,0.0,,
full,DCSS,88,1.0,0.0,1.0,,
full,DCSS,89,1.0,0.0,1.0,,
full,DCSS,90,1.0,0.0,1.0,,
full,DCSS,91,1.0,0.0,1.0,,
full,DCSS,92,1.0,0.0,1.0,,
full,DCSS,93,1.0,0.0,1.0,,
full,DCSS,94,1.0,0.0,1.0,,
full,DCSS,95,1.0,0.0,1.0,,
full,DCSS,96,1.0,0.0,1.0,,
full,DCSS,97,1.0,0.0,1.0,,
full,DCSS,98,1.0,0.0,1.0,,
full,DCSS,99,1.0,0.0,1.0,,
full,DCSS,100,0.9666666388511658,0.03333336114883423,0.0,,
full,DCSS,101,1.0,0.0,1.0,,
full,DCSS,102,1.0,0.0,1.0,,
full,DCSS,103,1.0,0.0,1.0,,
full,DCSS,104,1.0,0.0,1.0,,
full,DCSS,105,1.0,0.0,1.0,,
full,DCSS,106,1.0,0.0,1.0,,
full,DCSS,107,1.0,0.0,1.0,,
full,DCSS,108,1.0,0.0,1.0,,
full,DCSS,109,1.0,0.0,1.0,,
full,DCSS,110,1.0,0.0,1.0,,
full,DCSS,111,1.0,0.0,1.0,,
full,DCSS,112,1.0,0.0,1.0,,
full,DCSS,113,1.0,0.0,1.0,,
full,DCSS,114,1.0,0.0,1.0,,
full,DCSS,115,1.0,0.0,1.0,,
full,DCSS,116,1.0,0.0,1.0,,
full,DCSS,117,1.0,0.0,1.0,,
full,DCSS,118,1.0,0.0,1.0,,
full,DCSS,119,0.9666666388511658,0.03333336114883423,0.0,,
full,DCSS,120,1.0,0.0,1.0,,
full,DCSS,121,1.0,0.0,1.0,,
full,DCSS,122,1.0,0.0,1.0,,
full,DCSS,123,1.0,0.0,1.0,,
full,DCSS,124,1.0,0.0,1.0,,
full,DCSS,125,1.0,0.0,1.0,,
full,DCSS,126,1.0,0.0,1.0,,
full,DCSS,127,1.0,0.0,1.0,,
full,DCSS,128,1.0,0.0,1.0,,
full,DCSS,129,1.0,0.0,1.0,,
full,DCSS,130,1.0,0.0,1.0,,
full,DCSS,131,1.0,0.0,1.0,,
full,DCSS,132,1.0,0.0,1.0,,
full,DCSS,133,1.0,0.0,1.0,,
full,DCSS,134,1.0,0.0,1.0,,
full,DCSS,135,1.0,0.0,1.0,,
full,DCSS,136,1.0,0.0,1.0,,
full,DCSS,137,1.0,0.0,1.0,,
full,DCSS,138,1.0,0.0,1.0,,
full,DCSS,139,1.0,0.0,1.0,,
full,DCSS,140,1.0,0.0,1.0,,
full,DCSS,141,1.0,0.0,1.0,,
full,DCSS,142,1.0,0.0,1.0,,
full,DCSS,143,1.0,0.0,1.0,,
full,DCSS-FT,0,1.0,0.0,1.0,,
full,DCSS-FT,1,1.0,0.0,1.0,,
full,DCSS-FT,2,1.0,0.0,1.0,,
full,DCSS-FT,3,1.0,0.0,1.0,,
full,DCSS-FT,4,1.0,0.0,1.0,,
full,DCSS-FT,5,1.0,0.0,1.0,,
full,DCSS-FT,6,1.0,0.0,1.0,,
full,DCSS-FT,7,1.0,0.0,1.0,,
full,DCSS-FT,8,1.0,0.0,1.0,,
full,DCSS-FT,9,1.0,0.0,1.0,,
full,DCSS-FT,10,1.0,0.0,1.0,,
full,DCSS-FT,11,1.0,0.0,1.0,,
full,DCSS-FT,12,0.9666666388511658,0.03333336114883423,0.0,,
full,DCSS-FT,13,1.0,0.0,1.0,,
full,DCSS-FT,14,1.0,0.0,1.0,,
full,DCSS-FT,15,1.0,0.0,1.0,,
full,DCSS-FT,16,1.0,0.0,1.0,,
full,DCSS-FT,17,1.0,0.0,1.0,,
full,DCSS-FT,18,1.0,0.0,1.0,,
full,DCSS-FT,19,1.0,0.0,1.0,,
full,DCSS-FT,20,1.0,0.0,1.0,,
full,DCSS-FT,21,1.0,0.0,1.0,,
full,DCSS-FT,22,1.0,0.0,1.0,,
full,DCSS-FT,23,1.0,0.0,1.0,,
full,DCSS-FT,24,1.0,0.0,1.0,,
full,DCSS-FT,25,1.0,0.0,1.0,,
full,DCSS-FT,26,1.0,0.0,1.0,,
full,DCSS-FT,27,1.0,0.0,1.0,,
full,DCSS-FT,28,1.0,0.0,1.0,,
full,DCSS-FT,29,1.0,0.0,1.0,,
full,DCSS-FT,30,1.0,0.0,1.0,,
full,DCSS-FT,31,1.0,0.0,1.0,,
full,DCSS-FT,32,1.0,0.0,1.0,,
full,DCSS-FT,33,1.0,0.0,1.0,,
full,DCSS-FT,34,1.0,0.0,1.0,,
full,DCSS-FT,35,1.0,0.0,1.0,,
full,DCSS-FT,36,1.0,0.0,1.0,,
full,DCSS-FT,37,0.9666666388511658,0.03333336114883423,0.0,,
full,DCSS-FT,38,1.0,0.0,1.0,,
full,DCSS-FT,39,1.0,0.0,1.0,,
full,DCSS-FT,40,1.0,0.0,1.0,,
full,DCSS-FT,41,1.0,0.0,1.0,,
full,DCSS-FT,42,1.0,0.0,1.0,,
full,DCSS-FT,43,1.0,0.0,1.0,,
full,DCSS-FT,44,1.0,0.0,1.0,,
full,DCSS-FT,45,1.0,0.0,1.0,,
full,DCSS-FT,46,1.0,0.0,1.0,,
full,DCSS-FT,47,1.0,0.0,1.0,,
full,DCSS-FT,48,1.0,0.0,1.0,,
full,DCSS-FT,49,1.0,0.0,1.0,,
full,DCSS-FT,50,1.0,0.0,1.0,,
full,DCSS-FT,51,0.9666666388511658,0.03333336114883423,0.0,,
full,DCSS-FT,52,1.0,0.0,1.0,,
full,DCSS-FT,53,1.0,0.0,1.0,,
full,DCSS-FT,54,1.0,0.0,1.0,,
full,DCSS-FT,55,1.0,0.0,1.0,,
full,DCSS-FT,56,1.0,0.0,1.0,,
full,DCSS-FT,57,1.0,0.0,1.0,,
full,DCSS-FT,58,1.0,0.0,1.0,,
full,DCSS-FT,59,1.0,0.0,1.0,,
full,DCSS-FT,60,1.0,0.0,1.0,,
full,DCSS-FT,61,1.0,0.0,1.0,,
full,DCSS-FT,62,1.0,0.0,1.0,,
full,DCSS-FT,63,1.0,0.0,1.0,,
full,DCSS-FT,64,1.0,0.0,1.0,,
full,DCSS-FT,65,1.0,0.0,1.0,,
full,DCSS-FT,66,1.0,0.0,1.0,,
full,DCSS-FT,67,1.0,0.0,1.0,,
full,DCSS-FT,68,1.0,0.0,1.0,,
full,DCSS-FT,69,1.0,0.0,1.0,,
full,DCSS-FT,70,1.0,0.0,1.0,,
full,DCSS-FT,71,0.9666666388511658,0.03333336114883423,0.0,,
full,DCSS-FT,72,1.0,0.0,1.0,,
full,DCSS-FT,73,1.0,0.0,1.0,,
full,DCSS-FT,74,1.0,0.0,1.0,,
full,DCSS-FT,75,1.0,0.0,1.0,,
full,DCSS-FT,76,1.0,0.0,1.0,,
full,DCSS-FT,77,1.0,0.0,1.0,,
full,DCSS-FT,78,0.9666666388511658,0.03333336114883423,0.0,,
full,DCSS-FT,79,1.0,0.0,1.0,,
full,DCSS-FT,80,1.0,0.0,1.0,,
full,DCSS-FT,81,1.0,0.0,1.0,,
full,DCSS-FT,82,1.0,0.0,1.0,,
full,DCSS-FT,83,1.0,0.0,1.0,,
full,DCSS-FT,84,1.0,0.0,1.0,,
full,DCSS-FT,85,1.0,0.0,1.0,,
full,DCSS-FT,86,1.0,0.0,1.0,,
full,DCSS-FT,87,0.9666666388511658,0.03333336114883423,0.0,,
full,DCSS-FT,88,1.0,0.0,1.0,,
full,DCSS-FT,89,1.0,0.0,1.0,,
full,DCSS-FT,90,1.0,0.0,1.0,,
full,DCSS-FT,91,1.0,0.0,1.0,,
full,DCSS-FT,92,1.0,0.0,1.0,,
full,DCSS-FT,93,1.0,0.0,1.0,,
full,DCSS-FT,94,1.0,0.0,1.0,,
full,DCSS-FT,95,1.0,0.0,1.0,,
full,DCSS-FT,96,1.0,0.0,1.0,,
full,DCSS-FT,97,1.0,0.0,1.0,,
full,DCSS-FT,98,1.0,0.0,1.0,,
full,DCSS-FT,99,0.9666666388511658,0.03333336114883423,0.0,,
full,DCSS-FT,100,1.0,0.0,1.0,,
full,DCSS-FT,101,0.9666666388511658,0.03333336114883423,0.0,,
full,DCSS-FT,102,1.0,0.0,1.0,,
full,DCSS-FT,103,1.0,0.0,1.0,,
full,DCSS-FT,104,1.0,0.0,1.0,,
full,DCSS-FT,105,1.0,0.0,1.0,,
full,DCSS-FT,106,1.0,0.0,1.0,,
full,DCSS-FT,107,1.0,0.0,1.0,,
full,DCSS-FT,108,0.9666666388511658,0.03333336114883423,0.0,,
full,DCSS-FT,109,1.0,0.0,1.0,,
full,DCSS-FT,110,1.0,0.0,1.0,,
full,DCSS-FT,111,1.0,0.0,1.0,,
full,DCSS-FT,112,1.0,0.0,1.0,,
full,DCSS-FT,113,1.0,0.0,1.0,,
full,DCSS-FT,114,1.0,0.0,1.0,,
full,DCSS-FT,115,1.0,0.0,1.0,,
full,DCSS-FT,116,1.0,0.0,1.0,,
full,DCSS-FT,117,1.0,0.0,1.0,,
full,DCSS-FT,118,1.0,0.0,1.0,,
full,DCSS-FT,119,1.0,0.0,1.0,,
full,DCSS-FT,120,1.0,0.0,1.0,,
full,DCSS-FT,121,1.0,0.0,1.0,,
full,DCSS-FT,122,1.0,0.0,1.0,,
full,DCSS-FT,123,1.0,0.0,1.0,,
full,DCSS-FT,124,1.0,0.0,1.0,,
full,DCSS-FT,125,1.0,0.0,1.0,,
full,DCSS-FT,126,1.0,0.0,1.0,,
full,DCSS-FT,127,1.0,0.0,1.0,,
full,DCSS-FT,128,1.0,0.0,1.0,,
full,DCSS-FT,129,1.0,0.0,1.0,,
full,DCSS-FT,130,1.0,0.0,1.0,,
full,DCSS-FT,131,1.0,0.0,1.0,,
full,DCSS-FT,132,1.0,0.0,1.0,,
full,DCSS-FT,133,1.0,0.0,1.0,,
full,DCSS-FT,134,1.0,0.0,1.0,,
full,DCSS-FT,135,1.0,0.0,1.0,,
full,DCSS-FT,136,1.0,0.0,1.0,,
full,DCSS-FT,137,1.0,0.0,1.0,,
full,DCSS-FT,138,1.0,0.0,1.0,,
full,DCSS-FT,139,1.0,0.0,1.0,,
full,DCSS-FT,140,1.0,0.0,1.0,,
full,DCSS-FT,141,1.0,0.0,1.0,,
full,DCSS-FT,142,1.0,0.0,1.0,,
full,DCSS-FT,143,1.0,0.0,1.0,,
full,R-DCSS,0,1.0,0.0,1.0,,1.0
full,R-DCSS,1,1.0,0.0,1.0,,1.0
full,R-DCSS,2,1.0,0.0,1.0,,1.0
full,R-DCSS,3,1.0,0.0,1.0,,1.0
full,R-DCSS,4,1.0,0.0,1.0,,1.0
full,R-DCSS,5,1.0,0.0,1.0,,1.0
full,R-DCSS,6,1.0,0.0,1.0,,1.0
full,R-DCSS,7,1.0,0.0,1.0,,1.0
full,R-DCSS,8,1.0,0.0,1.0,,1.0
full,R-DCSS,9,1.0,0.0,1.0,,1.0
full,R-DCSS,10,1.0,0.0,1.0,,1.0
full,R-DCSS,11,1.0,0.0,1.0,,1.0
full,R-DCSS,12,1.0,0.0,1.0,,1.0
full,R-DCSS,13,1.0,0.0,1.0,,1.0
full,R-DCSS,14,1.0,0.0,1.0,,1.0
full,R-DCSS,15,1.0,0.0,1.0,,1.0
full,R-DCSS,16,1.0,0.0,1.0,,1.0
full,R-DCSS,17,1.0,0.0,1.0,,1.0
full,R-DCSS,18,1.0,0.0,1.0,,1.0
full,R-DCSS,19,1.0,0.0,1.0,,1.0
full,R-DCSS,20,1.0,0.0,1.0,,1.0
full,R-DCSS,21,1.0,0.0,1.0,,1.0
full,R-DCSS,22,1.0,0.0,1.0,,1.0
full,R-DCSS,23,1.0,0.0,1.0,,1.0
full,R-DCSS,24,1.0,0.0,1.0,,1.0
full,R-DCSS,25,1.0,0.0,1.0,,1.0
full,R-DCSS,26,1.0,0.0,1.0,,1.0
full,R-DCSS,27,1.0,0.0,1.0,,1.0
full,R-DCSS,28,1.0,0.0,1.0,,1.0
full,R-DCSS,29,1.0,0.0,1.0,,1.0
full,R-DCSS,30,1.0,0.0,1.0,,1.0
full,R-DCSS,31,1.0,0.0,1.0,,1.0
full,R-DCSS,32,1.0,0.0,1.0,,1.0
full,R-DCSS,33,1.0,0.0,1.0,,1.0
full,R-DCSS,34,1.0,0.0,1.0,,1.0
full,R-DCSS,35,1.0,0.0,1.0,,1.0
full,R-DCSS,36,1.0,0.0,1.0,,1.0
full,R-DCSS,37,0.9666666388511658,0.03333336114883423,0.0,,1.0
full,R-DCSS,38,1.0,0.0,1.0,,1.0
full,R-DCSS,39,1.0,0.0,1.0,,1.0
full,R-DCSS,40,1.0,0.0,1.0,,1.0
full,R-DCSS,41,1.0,0.0,1.0,,1.0
full,R-DCSS,42,1.0,0.0,1.0,,1.0
full,R-DCSS,43,1.0,0.0,1.0,,1.0
full,R-DCSS,44,1.0,0.0,1.0,,1.0
full,R-DCSS,45,1.0,0.0,1.0,,1.0
full,R-DCSS,46,1.0,0.0,1.0,,1.0
full,R-DCSS,47,1.0,0.0,1.0,,1.0
full,R-DCSS,48,1.0,0.0,1.0,,1.0
full,R-DCSS,49,1.0,0.0,1.0,,1.0
full,R-DCSS,50,1.0,0.0,1.0,,1.0
full,R-DCSS,51,1.0,0.0,1.0,,1.0
full,R-DCSS,52,1.0,0.0,1.0,,1.0
full,R-DCSS,53,1.0,0.0,1.0,,1.0
full,R-DCSS,54,1.0,0.0,1.0,,1.0
full,R-DCSS,55,1.0,0.0,1.0,,1.0
full,R-DCSS,56,1.0,0.0,1.0,,1.0
full,R-DCSS,57,1.0,0.0,1.0,,1.0
full,R-DCSS,58,1.0,0.0,1.0,,1.0
full,R-DCSS,59,1.0,0.0,1.0,,1.0
full,R-DCSS,60,1.0,0.0,1.0,,1.0
full,R-DCSS,61,1.0,0.0,1.0,,1.0
full,R-DCSS,62,1.0,0.0,1.0,,1.0
full,R-DCSS,63,1.0,0.0,1.0,,1.0
full,R-DCSS,64,1.0,0.0,1.0,,1.0
full,R-DCSS,65,1.0,0.0,1.0,,1.0
full,R-DCSS,66,1.0,0.0,1.0,,1.0
full,R-DCSS,67,1.0,0.0,1.0,,1.0
full,R-DCSS,68,1.0,0.0,1.0,,1.0
full,R-DCSS,69,1.0,0.0,1.0,,1.0
full,R-DCSS,70,1.0,0.0,1.0,,1.0
full,R-DCSS,71,1.0,0.0,1.0,,1.0
full,R-DCSS,72,1.0,0.0,1.0,,1.0
full,R-DCSS,73,1.0,0.0,1.0,,1.0
full,R-DCSS,74,1.0,0.0,1.0,,1.0
full,R-DCSS,75,1.0,0.0,1.0,,1.0
full,R-DCSS,76,1.0,0.0,1.0,,1.0
full,R-DCSS,77,1.0,0.0,1.0,,1.0
full,R-DCSS,78,0.9666666388511658,0.03333336114883423,0.0,,1.0
full,R-DCSS,79,1.0,0.0,1.0,,1.0
full,R-DCSS,80,1.0,0.0,1.0,,1.0
full,R-DCSS,81,1.0,0.0,1.0,,1.0
full,R-DCSS,82,1.0,0.0,1.0,,1.0
full,R-DCSS,83,1.0,0.0,1.0,,1.0
full,R-DCSS,84,1.0,0.0,1.0,,1.0
full,R-DCSS,85,1.0,0.0,1.0,,1.0
full,R-DCSS,86,1.0,0.0,1.0,,1.0
full,R-DCSS,87,0.9666666388511658,0.03333336114883423,0.0,,1.0
full,R-DCSS,88,1.0,0.0,1.0,,1.0
full,R-DCSS,89,1.0,0.0,1.0,,1.0
full,R-DCSS,90,1.0,0.0,1.0,,1.0
full,R-DCSS,91,1.0,0.0,1.0,,1.0
full,R-DCSS,92,1.0,0.0,1.0,,1.0
full,R-DCSS,93,1.0,0.0,1.0,,1.0
full,R-DCSS,94,1.0,0.0,1.0,,1.0
full,R-DCSS,95,1.0,0.0,1.0,,1.0
full,R-DCSS,96,1.0,0.0,1.0,,1.0
full,R-DCSS,97,1.0,0.0,1.0,,1.0
full,R-DCSS,98,1.0,0.0,1.0,,1.0
full,R-DCSS,99,1.0,0.0,1.0,,1.0
full,R-DCSS,100,0.9666666388511658,0.03333336114883423,0.0,,1.0
full,R-DCSS,101,1.0,0.0,1.0,,1.0
full,R-DCSS,102,1.0,0.0,1.0,,1.0
full,R-DCSS,103,1.0,0.0,1.0,,1.0
full,R-DCSS,104,1.0,0.0,1.0,,1.0
full,R-DCSS,105,1.0,0.0,1.0,,1.0
full,R-DCSS,106,1.0,0.0,1.0,,1.0
full,R-DCSS,107,1.0,0.0,1.0,,1.0
full,R-DCSS,108,1.0,0.0,1.0,,1.0
full,R-DCSS,109,1.0,0.0,1.0,,1.0
full,R-DCSS,110,1.0,0.0,1.0,,1.0
full,R-DCSS,111,1.0,0.0,1.0,,1.0
full,R-DCSS,112,1.0,0.0,1.0,,1.0
full,R-DCSS,113,1.0,0.0,1.0,,1.0
full,R-DCSS,114,1.0,0.0,1.0,,1.0
full,R-DCSS,115,1.0,0.0,1.0,,1.0
full,R-DCSS,116,1.0,0.0,1.0,,1.0
full,R-DCSS,117,1.0,0.0,1.0,,1.0
full,R-DCSS,118,1.0,0.0,1.0,,1.0
full,R-DCSS,119,0.9666666388511658,0.03333336114883423,0.0,,1.0
full,R-DCSS,120,1.0,0.0,1.0,,1.0
full,R-DCSS,121,1.0,0.0,1.0,,1.0
full,R-DCSS,122,1.0,0.0,1.0,,1.0
full,R-DCSS,123,1.0,0.0,1.0,,1.0
full,R-DCSS,124,1.0,0.0,1.0,,1.0
full,R-DCSS,125,1.0,0.0,1.0,,1.0
full,R-DCSS,126,1.0,0.0,1.0,,1.0
full,R-DCSS,127,1.0,0.0,1.0,,1.0
full,R-DCSS,128,1.0,0.0,1.0,,1.0
full,R-DCSS,129,1.0,0.0,1.0,,1.0
full,R-DCSS,130,1.0,0.0,1.0,,1.0
full,R-DCSS,131,1.0,0.0,1.0,,1.0
full,R-DCSS,132,1.0,0.0,1.0,,1.0
full,R-DCSS,133,1.0,0.0,1.0,,1.0
full,R-DCSS,134,1.0,0.0,1.0,,1.0
full,R-DCSS,135,1.0,0.0,1.0,,1.0
full,R-DCSS,136,1.0,0.0,1.0,,1.0
full,R-DCSS,137,1.0,0.0,1.0,,1.0
full,R-DCSS,138,1.0,0.0,1.0,,1.0
full,R-DCSS,139,1.0,0.0,1.0,,1.0
full,R-DCSS,140,1.0,0.0,1.0,,1.0
full,R-DCSS,141,1.0,0.0,1.0,,1.0
full,R-DCSS,142,1.0,0.0,1.0,,1.0
full,R-DCSS,143,1.0,0.0,1.0,,1.0
crop70,PIMoG-Original,0,0.5333333611488342,0.46666663885116577,0.0,,
crop70,PIMoG-Original,1,0.5333333611488342,0.46666663885116577,0.0,,
crop70,PIMoG-Original,2,0.46666666865348816,0.5333333313465118,0.0,,
crop70,PIMoG-Original,3,0.6333333253860474,0.36666667461395264,0.0,,
crop70,PIMoG-Original,4,0.46666666865348816,0.5333333313465118,0.0,,
crop70,PIMoG-Original,5,0.36666667461395264,0.6333333253860474,0.0,,
crop70,PIMoG-Original,6,0.5666666626930237,0.4333333373069763,0.0,,
crop70,PIMoG-Original,7,0.5,0.5,0.0,,
crop70,PIMoG-Original,8,0.6333333253860474,0.36666667461395264,0.0,,
crop70,PIMoG-Original,9,0.6000000238418579,0.3999999761581421,0.0,,
crop70,PIMoG-Original,10,0.5,0.5,0.0,,
crop70,PIMoG-Original,11,0.36666667461395264,0.6333333253860474,0.0,,
crop70,PIMoG-Original,12,0.5,0.5,0.0,,
crop70,PIMoG-Original,13,0.5333333611488342,0.46666663885116577,0.0,,
crop70,PIMoG-Original,14,0.4333333373069763,0.5666666626930237,0.0,,
crop70,PIMoG-Original,15,0.6000000238418579,0.3999999761581421,0.0,,
crop70,PIMoG-Original,16,0.5,0.5,0.0,,
crop70,PIMoG-Original,17,0.5,0.5,0.0,,
crop70,PIMoG-Original,18,0.5,0.5,0.0,,
crop70,PIMoG-Original,19,0.6000000238418579,0.3999999761581421,0.0,,
crop70,PIMoG-Original,20,0.4000000059604645,0.5999999940395355,0.0,,
crop70,PIMoG-Original,21,0.5333333611488342,0.46666663885116577,0.0,,
crop70,PIMoG-Original,22,0.4000000059604645,0.5999999940395355,0.0,,
crop70,PIMoG-Original,23,0.5333333611488342,0.46666663885116577,0.0,,
crop70,PIMoG-Original,24,0.46666666865348816,0.5333333313465118,0.0,,
crop70,PIMoG-Original,25,0.5333333611488342,0.46666663885116577,0.0,,
crop70,PIMoG-Original,26,0.6000000238418579,0.3999999761581421,0.0,,
crop70,PIMoG-Original,27,0.36666667461395264,0.6333333253860474,0.0,,
crop70,PIMoG-Original,28,0.5,0.5,0.0,,
crop70,PIMoG-Original,29,0.4000000059604645,0.5999999940395355,0.0,,
crop70,PIMoG-Original,30,0.5,0.5,0.0,,
crop70,PIMoG-Original,31,0.36666667461395264,0.6333333253860474,0.0,,
crop70,PIMoG-Original,32,0.2666666805744171,0.7333333194255829,0.0,,
crop70,PIMoG-Original,33,0.46666666865348816,0.5333333313465118,0.0,,
crop70,PIMoG-Original,34,0.5666666626930237,0.4333333373069763,0.0,,
crop70,PIMoG-Original,35,0.6000000238418579,0.3999999761581421,0.0,,
crop70,PIMoG-Original,36,0.36666667461395264,0.6333333253860474,0.0,,
crop70,PIMoG-Original,37,0.5333333611488342,0.46666663885116577,0.0,,
crop70,PIMoG-Original,38,0.4333333373069763,0.5666666626930237,0.0,,
crop70,PIMoG-Original,39,0.5666666626930237,0.4333333373069763,0.0,,
crop70,PIMoG-Original,40,0.5,0.5,0.0,,
crop70,PIMoG-Original,41,0.46666666865348816,0.5333333313465118,0.0,,
crop70,PIMoG-Original,42,0.5,0.5,0.0,,
crop70,PIMoG-Original,43,0.5333333611488342,0.46666663885116577,0.0,,
crop70,PIMoG-Original,44,0.5,0.5,0.0,,
crop70,PIMoG-Original,45,0.4000000059604645,0.5999999940395355,0.0,,
crop70,PIMoG-Original,46,0.36666667461395264,0.6333333253860474,0.0,,
crop70,PIMoG-Original,47,0.4333333373069763,0.5666666626930237,0.0,,
crop70,PIMoG-Original,48,0.4333333373069763,0.5666666626930237,0.0,,
crop70,PIMoG-Original,49,0.5333333611488342,0.46666663885116577,0.0,,
crop70,PIMoG-Original,50,0.4000000059604645,0.5999999940395355,0.0,,
crop70,PIMoG-Original,51,0.5,0.5,0.0,,
crop70,PIMoG-Original,52,0.46666666865348816,0.5333333313465118,0.0,,
crop70,PIMoG-Original,53,0.6666666865348816,0.3333333134651184,0.0,,
crop70,PIMoG-Original,54,0.36666667461395264,0.6333333253860474,0.0,,
crop70,PIMoG-Original,55,0.30000001192092896,0.699999988079071,0.0,,
crop70,PIMoG-Original,56,0.4000000059604645,0.5999999940395355,0.0,,
crop70,PIMoG-Original,57,0.6000000238418579,0.3999999761581421,0.0,,
crop70,PIMoG-Original,58,0.6000000238418579,0.3999999761581421,0.0,,
crop70,PIMoG-Original,59,0.6666666865348816,0.3333333134651184,0.0,,
crop70,PIMoG-Original,60,0.5,0.5,0.0,,
crop70,PIMoG-Original,61,0.30000001192092896,0.699999988079071,0.0,,
crop70,PIMoG-Original,62,0.4333333373069763,0.5666666626930237,0.0,,
crop70,PIMoG-Original,63,0.5333333611488342,0.46666663885116577,0.0,,
crop70,PIMoG-Original,64,0.6000000238418579,0.3999999761581421,0.0,,
crop70,PIMoG-Original,65,0.5666666626930237,0.4333333373069763,0.0,,
crop70,PIMoG-Original,66,0.5,0.5,0.0,,
crop70,PIMoG-Original,67,0.6333333253860474,0.36666667461395264,0.0,,
crop70,PIMoG-Original,68,0.5,0.5,0.0,,
crop70,PIMoG-Original,69,0.4333333373069763,0.5666666626930237,0.0,,
crop70,PIMoG-Original,70,0.46666666865348816,0.5333333313465118,0.0,,
crop70,PIMoG-Original,71,0.6666666865348816,0.3333333134651184,0.0,,
crop70,PIMoG-Original,72,0.5,0.5,0.0,,
crop70,PIMoG-Original,73,0.4000000059604645,0.5999999940395355,0.0,,
crop70,PIMoG-Original,74,0.6000000238418579,0.3999999761581421,0.0,,
crop70,PIMoG-Original,75,0.5,0.5,0.0,,
crop70,PIMoG-Original,76,0.4333333373069763,0.5666666626930237,0.0,,
crop70,PIMoG-Original,77,0.5666666626930237,0.4333333373069763,0.0,,
crop70,PIMoG-Original,78,0.4333333373069763,0.5666666626930237,0.0,,
crop70,PIMoG-Original,79,0.46666666865348816,0.5333333313465118,0.0,,
crop70,PIMoG-Original,80,0.5333333611488342,0.46666663885116577,0.0,,
crop70,PIMoG-Original,81,0.6000000238418579,0.3999999761581421,0.0,,
crop70,PIMoG-Original,82,0.4333333373069763,0.5666666626930237,0.0,,
crop70,PIMoG-Original,83,0.36666667461395264,0.6333333253860474,0.0,,
crop70,PIMoG-Original,84,0.46666666865348816,0.5333333313465118,0.0,,
crop70,PIMoG-Original,85,0.5,0.5,0.0,,
crop70,PIMoG-Original,86,0.5,0.5,0.0,,
crop70,PIMoG-Original,87,0.4000000059604645,0.5999999940395355,0.0,,
crop70,PIMoG-Original,88,0.6000000238418579,0.3999999761581421,0.0,,
crop70,PIMoG-Original,89,0.5,0.5,0.0,,
crop70,PIMoG-Original,90,0.5666666626930237,0.4333333373069763,0.0,,
crop70,PIMoG-Original,91,0.5666666626930237,0.4333333373069763,0.0,,
crop70,PIMoG-Original,92,0.5333333611488342,0.46666663885116577,0.0,,
crop70,PIMoG-Original,93,0.5,0.5,0.0,,
crop70,PIMoG-Original,94,0.46666666865348816,0.5333333313465118,0.0,,
crop70,PIMoG-Original,95,0.36666667461395264,0.6333333253860474,0.0,,
crop70,PIMoG-Original,96,0.6333333253860474,0.36666667461395264,0.0,,
crop70,PIMoG-Original,97,0.4333333373069763,0.5666666626930237,0.0,,
crop70,PIMoG-Original,98,0.4333333373069763,0.5666666626930237,0.0,,
crop70,PIMoG-Original,99,0.5333333611488342,0.46666663885116577,0.0,,
crop70,PIMoG-Original,100,0.4000000059604645,0.5999999940395355,0.0,,
crop70,PIMoG-Original,101,0.5333333611488342,0.46666663885116577,0.0,,
crop70,PIMoG-Original,102,0.5666666626930237,0.4333333373069763,0.0,,
crop70,PIMoG-Original,103,0.36666667461395264,0.6333333253860474,0.0,,
crop70,PIMoG-Original,104,0.5666666626930237,0.4333333373069763,0.0,,
crop70,PIMoG-Original,105,0.5333333611488342,0.46666663885116577,0.0,,
crop70,PIMoG-Original,106,0.6333333253860474,0.36666667461395264,0.0,,
crop70,PIMoG-Original,107,0.4333333373069763,0.5666666626930237,0.0,,
crop70,PIMoG-Original,108,0.4333333373069763,0.5666666626930237,0.0,,
crop70,PIMoG-Original,109,0.5,0.5,0.0,,
crop70,PIMoG-Original,110,0.5333333611488342,0.46666663885116577,0.0,,
crop70,PIMoG-Original,111,0.5333333611488342,0.46666663885116577,0.0,,
crop70,PIMoG-Original,112,0.5666666626930237,0.4333333373069763,0.0,,
crop70,PIMoG-Original,113,0.4000000059604645,0.5999999940395355,0.0,,
crop70,PIMoG-Original,114,0.4000000059604645,0.5999999940395355,0.0,,
crop70,PIMoG-Original,115,0.5333333611488342,0.46666663885116577,0.0,,
crop70,PIMoG-Original,116,0.6333333253860474,0.36666667461395264,0.0,,
crop70,PIMoG-Original,117,0.5666666626930237,0.4333333373069763,0.0,,
crop70,PIMoG-Original,118,0.6000000238418579,0.3999999761581421,0.0,,
crop70,PIMoG-Original,119,0.3333333432674408,0.6666666567325592,0.0,,
crop70,PIMoG-Original,120,0.36666667461395264,0.6333333253860474,0.0,,
crop70,PIMoG-Original,121,0.5666666626930237,0.4333333373069763,0.0,,
crop70,PIMoG-Original,122,0.6666666865348816,0.3333333134651184,0.0,,
crop70,PIMoG-Original,123,0.5666666626930237,0.4333333373069763,0.0,,
crop70,PIMoG-Original,124,0.5333333611488342,0.46666663885116577,0.0,,
crop70,PIMoG-Original,125,0.46666666865348816,0.5333333313465118,0.0,,
crop70,PIMoG-Original,126,0.6000000238418579,0.3999999761581421,0.0,,
crop70,PIMoG-Original,127,0.5666666626930237,0.4333333373069763,0.0,,
crop70,PIMoG-Original,128,0.4333333373069763,0.5666666626930237,0.0,,
crop70,PIMoG-Original,129,0.4333333373069763,0.5666666626930237,0.0,,
crop70,PIMoG-Original,130,0.6333333253860474,0.36666667461395264,0.0,,
crop70,PIMoG-Original,131,0.6000000238418579,0.3999999761581421,0.0,,
crop70,PIMoG-Original,132,0.46666666865348816,0.5333333313465118,0.0,,
crop70,PIMoG-Original,133,0.30000001192092896,0.699999988079071,0.0,,
crop70,PIMoG-Original,134,0.6000000238418579,0.3999999761581421,0.0,,
crop70,PIMoG-Original,135,0.6333333253860474,0.36666667461395264,0.0,,
crop70,PIMoG-Original,136,0.5333333611488342,0.46666663885116577,0.0,,
crop70,PIMoG-Original,137,0.5,0.5,0.0,,
crop70,PIMoG-Original,138,0.6666666865348816,0.3333333134651184,0.0,,
crop70,PIMoG-Original,139,0.6333333253860474,0.36666667461395264,0.0,,
crop70,PIMoG-Original,140,0.46666666865348816,0.5333333313465118,0.0,,
crop70,PIMoG-Original,141,0.3333333432674408,0.6666666567325592,0.0,,
crop70,PIMoG-Original,142,0.5666666626930237,0.4333333373069763,0.0,,
crop70,PIMoG-Original,143,0.5666666626930237,0.4333333373069763,0.0,,
crop70,Coarse-Prior,0,1.0,0.0,1.0,,
crop70,Coarse-Prior,1,1.0,0.0,1.0,,
crop70,Coarse-Prior,2,0.9666666388511658,0.03333336114883423,0.0,,
crop70,Coarse-Prior,3,1.0,0.0,1.0,,
crop70,Coarse-Prior,4,0.9666666388511658,0.03333336114883423,0.0,,
crop70,Coarse-Prior,5,1.0,0.0,1.0,,
crop70,Coarse-Prior,6,0.9666666388511658,0.03333336114883423,0.0,,
crop70,Coarse-Prior,7,0.9333333373069763,0.06666666269302368,0.0,,
crop70,Coarse-Prior,8,0.6333333253860474,0.36666667461395264,0.0,,
crop70,Coarse-Prior,9,0.36666667461395264,0.6333333253860474,0.0,,
crop70,Coarse-Prior,10,0.2666666805744171,0.7333333194255829,0.0,,
crop70,Coarse-Prior,11,0.699999988079071,0.30000001192092896,0.0,,
crop70,Coarse-Prior,12,1.0,0.0,1.0,,
crop70,Coarse-Prior,13,1.0,0.0,1.0,,
crop70,Coarse-Prior,14,0.9666666388511658,0.03333336114883423,0.0,,
crop70,Coarse-Prior,15,1.0,0.0,1.0,,
crop70,Coarse-Prior,16,1.0,0.0,1.0,,
crop70,Coarse-Prior,17,1.0,0.0,1.0,,
crop70,Coarse-Prior,18,1.0,0.0,1.0,,
crop70,Coarse-Prior,19,0.9666666388511658,0.03333336114883423,0.0,,
crop70,Coarse-Prior,20,1.0,0.0,1.0,,
crop70,Coarse-Prior,21,1.0,0.0,1.0,,
crop70,Coarse-Prior,22,1.0,0.0,1.0,,
crop70,Coarse-Prior,23,0.9666666388511658,0.03333336114883423,0.0,,
crop70,Coarse-Prior,24,0.9666666388511658,0.03333336114883423,0.0,,
crop70,Coarse-Prior,25,0.800000011920929,0.19999998807907104,0.0,,
crop70,Coarse-Prior,26,0.3333333432674408,0.6666666567325592,0.0,,
crop70,Coarse-Prior,27,0.7333333492279053,0.2666666507720947,0.0,,
crop70,Coarse-Prior,28,0.8666666746139526,0.13333332538604736,0.0,,
crop70,Coarse-Prior,29,0.8333333134651184,0.1666666865348816,0.0,,
crop70,Coarse-Prior,30,0.9666666388511658,0.03333336114883423,0.0,,
crop70,Coarse-Prior,31,1.0,0.0,1.0,,
crop70,Coarse-Prior,32,1.0,0.0,1.0,,
crop70,Coarse-Prior,33,1.0,0.0,1.0,,
crop70,Coarse-Prior,34,0.5333333611488342,0.46666663885116577,0.0,,
crop70,Coarse-Prior,35,0.23333333432674408,0.7666666656732559,0.0,,
crop70,Coarse-Prior,36,0.8999999761581421,0.10000002384185791,0.0,,
crop70,Coarse-Prior,37,0.9666666388511658,0.03333336114883423,0.0,,
crop70,Coarse-Prior,38,0.36666667461395264,0.6333333253860474,0.0,,
crop70,Coarse-Prior,39,0.8999999761581421,0.10000002384185791,0.0,,
crop70,Coarse-Prior,40,0.8666666746139526,0.13333332538604736,0.0,,
crop70,Coarse-Prior,41,0.699999988079071,0.30000001192092896,0.0,,
crop70,Coarse-Prior,42,0.6000000238418579,0.3999999761581421,0.0,,
crop70,Coarse-Prior,43,1.0,0.0,1.0,,
crop70,Coarse-Prior,44,0.8999999761581421,0.10000002384185791,0.0,,
crop70,Coarse-Prior,45,0.7666666507720947,0.23333334922790527,0.0,,
crop70,Coarse-Prior,46,1.0,0.0,1.0,,
crop70,Coarse-Prior,47,1.0,0.0,1.0,,
crop70,Coarse-Prior,48,1.0,0.0,1.0,,
crop70,Coarse-Prior,49,0.800000011920929,0.19999998807907104,0.0,,
crop70,Coarse-Prior,50,1.0,0.0,1.0,,
crop70,Coarse-Prior,51,0.7333333492279053,0.2666666507720947,0.0,,
crop70,Coarse-Prior,52,0.8666666746139526,0.13333332538604736,0.0,,
crop70,Coarse-Prior,53,1.0,0.0,1.0,,
crop70,Coarse-Prior,54,0.6666666865348816,0.3333333134651184,0.0,,
crop70,Coarse-Prior,55,0.23333333432674408,0.7666666656732559,0.0,,
crop70,Coarse-Prior,56,1.0,0.0,1.0,,
crop70,Coarse-Prior,57,1.0,0.0,1.0,,
crop70,Coarse-Prior,58,0.8999999761581421,0.10000002384185791,0.0,,
crop70,Coarse-Prior,59,1.0,0.0,1.0,,
crop70,Coarse-Prior,60,0.6000000238418579,0.3999999761581421,0.0,,
crop70,Coarse-Prior,61,1.0,0.0,1.0,,
crop70,Coarse-Prior,62,1.0,0.0,1.0,,
crop70,Coarse-Prior,63,1.0,0.0,1.0,,
crop70,Coarse-Prior,64,1.0,0.0,1.0,,
crop70,Coarse-Prior,65,0.2666666805744171,0.7333333194255829,0.0,,
crop70,Coarse-Prior,66,0.9333333373069763,0.06666666269302368,0.0,,
crop70,Coarse-Prior,67,0.5,0.5,0.0,,
crop70,Coarse-Prior,68,0.7666666507720947,0.23333334922790527,0.0,,
crop70,Coarse-Prior,69,1.0,0.0,1.0,,
crop70,Coarse-Prior,70,1.0,0.0,1.0,,
crop70,Coarse-Prior,71,1.0,0.0,1.0,,
crop70,Coarse-Prior,72,1.0,0.0,1.0,,
crop70,Coarse-Prior,73,1.0,0.0,1.0,,
crop70,Coarse-Prior,74,1.0,0.0,1.0,,
crop70,Coarse-Prior,75,0.9666666388511658,0.03333336114883423,0.0,,
crop70,Coarse-Prior,76,1.0,0.0,1.0,,
crop70,Coarse-Prior,77,1.0,0.0,1.0,,
crop70,Coarse-Prior,78,0.9666666388511658,0.03333336114883423,0.0,,
crop70,Coarse-Prior,79,0.9666666388511658,0.03333336114883423,0.0,,
crop70,Coarse-Prior,80,0.8333333134651184,0.1666666865348816,0.0,,
crop70,Coarse-Prior,81,1.0,0.0,1.0,,
crop70,Coarse-Prior,82,0.8666666746139526,0.13333332538604736,0.0,,
crop70,Coarse-Prior,83,0.9666666388511658,0.03333336114883423,0.0,,
crop70,Coarse-Prior,84,0.9666666388511658,0.03333336114883423,0.0,,
crop70,Coarse-Prior,85,0.9666666388511658,0.03333336114883423,0.0,,
crop70,Coarse-Prior,86,0.9666666388511658,0.03333336114883423,0.0,,
crop70,Coarse-Prior,87,0.9333333373069763,0.06666666269302368,0.0,,
crop70,Coarse-Prior,88,1.0,0.0,1.0,,
crop70,Coarse-Prior,89,0.9333333373069763,0.06666666269302368,0.0,,
crop70,Coarse-Prior,90,0.9333333373069763,0.06666666269302368,0.0,,
crop70,Coarse-Prior,91,0.9333333373069763,0.06666666269302368,0.0,,
crop70,Coarse-Prior,92,0.9666666388511658,0.03333336114883423,0.0,,
crop70,Coarse-Prior,93,1.0,0.0,1.0,,
crop70,Coarse-Prior,94,1.0,0.0,1.0,,
crop70,Coarse-Prior,95,0.9333333373069763,0.06666666269302368,0.0,,
crop70,Coarse-Prior,96,1.0,0.0,1.0,,
crop70,Coarse-Prior,97,1.0,0.0,1.0,,
crop70,Coarse-Prior,98,0.8666666746139526,0.13333332538604736,0.0,,
crop70,Coarse-Prior,99,0.9666666388511658,0.03333336114883423,0.0,,
crop70,Coarse-Prior,100,1.0,0.0,1.0,,
crop70,Coarse-Prior,101,0.9333333373069763,0.06666666269302368,0.0,,
crop70,Coarse-Prior,102,1.0,0.0,1.0,,
crop70,Coarse-Prior,103,1.0,0.0,1.0,,
crop70,Coarse-Prior,104,0.9333333373069763,0.06666666269302368,0.0,,
crop70,Coarse-Prior,105,0.9333333373069763,0.06666666269302368,0.0,,
crop70,Coarse-Prior,106,0.9333333373069763,0.06666666269302368,0.0,,
crop70,Coarse-Prior,107,0.36666667461395264,0.6333333253860474,0.0,,
crop70,Coarse-Prior,108,0.800000011920929,0.19999998807907104,0.0,,
crop70,Coarse-Prior,109,0.7666666507720947,0.23333334922790527,0.0,,
crop70,Coarse-Prior,110,0.9333333373069763,0.06666666269302368,0.0,,
crop70,Coarse-Prior,111,0.9666666388511658,0.03333336114883423,0.0,,
crop70,Coarse-Prior,112,0.9666666388511658,0.03333336114883423,0.0,,
crop70,Coarse-Prior,113,0.8666666746139526,0.13333332538604736,0.0,,
crop70,Coarse-Prior,114,1.0,0.0,1.0,,
crop70,Coarse-Prior,115,0.8999999761581421,0.10000002384185791,0.0,,
crop70,Coarse-Prior,116,1.0,0.0,1.0,,
crop70,Coarse-Prior,117,0.800000011920929,0.19999998807907104,0.0,,
crop70,Coarse-Prior,118,0.8333333134651184,0.1666666865348816,0.0,,
crop70,Coarse-Prior,119,0.800000011920929,0.19999998807907104,0.0,,
crop70,Coarse-Prior,120,0.9666666388511658,0.03333336114883423,0.0,,
crop70,Coarse-Prior,121,1.0,0.0,1.0,,
crop70,Coarse-Prior,122,0.5333333611488342,0.46666663885116577,0.0,,
crop70,Coarse-Prior,123,0.9666666388511658,0.03333336114883423,0.0,,
crop70,Coarse-Prior,124,1.0,0.0,1.0,,
crop70,Coarse-Prior,125,1.0,0.0,1.0,,
crop70,Coarse-Prior,126,1.0,0.0,1.0,,
crop70,Coarse-Prior,127,1.0,0.0,1.0,,
crop70,Coarse-Prior,128,1.0,0.0,1.0,,
crop70,Coarse-Prior,129,1.0,0.0,1.0,,
crop70,Coarse-Prior,130,0.9666666388511658,0.03333336114883423,0.0,,
crop70,Coarse-Prior,131,1.0,0.0,1.0,,
crop70,Coarse-Prior,132,1.0,0.0,1.0,,
crop70,Coarse-Prior,133,1.0,0.0,1.0,,
crop70,Coarse-Prior,134,1.0,0.0,1.0,,
crop70,Coarse-Prior,135,0.9666666388511658,0.03333336114883423,0.0,,
crop70,Coarse-Prior,136,0.9666666388511658,0.03333336114883423,0.0,,
crop70,Coarse-Prior,137,1.0,0.0,1.0,,
crop70,Coarse-Prior,138,0.9333333373069763,0.06666666269302368,0.0,,
crop70,Coarse-Prior,139,1.0,0.0,1.0,,
crop70,Coarse-Prior,140,1.0,0.0,1.0,,
crop70,Coarse-Prior,141,0.2666666805744171,0.7333333194255829,0.0,,
crop70,Coarse-Prior,142,1.0,0.0,1.0,,
crop70,Coarse-Prior,143,0.9666666388511658,0.03333336114883423,0.0,,
crop70,Multi-View-Average,0,0.9666666388511658,0.03333336114883423,0.0,,
crop70,Multi-View-Average,1,1.0,0.0,1.0,,
crop70,Multi-View-Average,2,0.8999999761581421,0.10000002384185791,0.0,,
crop70,Multi-View-Average,3,0.9666666388511658,0.03333336114883423,0.0,,
crop70,Multi-View-Average,4,0.9333333373069763,0.06666666269302368,0.0,,
crop70,Multi-View-Average,5,1.0,0.0,1.0,,
crop70,Multi-View-Average,6,0.8999999761581421,0.10000002384185791,0.0,,
crop70,Multi-View-Average,7,0.9666666388511658,0.03333336114883423,0.0,,
crop70,Multi-View-Average,8,0.7666666507720947,0.23333334922790527,0.0,,
crop70,Multi-View-Average,9,0.699999988079071,0.30000001192092896,0.0,,
crop70,Multi-View-Average,10,0.4000000059604645,0.5999999940395355,0.0,,
crop70,Multi-View-Average,11,0.800000011920929,0.19999998807907104,0.0,,
crop70,Multi-View-Average,12,1.0,0.0,1.0,,
crop70,Multi-View-Average,13,0.9666666388511658,0.03333336114883423,0.0,,
crop70,Multi-View-Average,14,0.9333333373069763,0.06666666269302368,0.0,,
crop70,Multi-View-Average,15,1.0,0.0,1.0,,
crop70,Multi-View-Average,16,0.9333333373069763,0.06666666269302368,0.0,,
crop70,Multi-View-Average,17,1.0,0.0,1.0,,
crop70,Multi-View-Average,18,0.9666666388511658,0.03333336114883423,0.0,,
crop70,Multi-View-Average,19,0.9666666388511658,0.03333336114883423,0.0,,
crop70,Multi-View-Average,20,1.0,0.0,1.0,,
crop70,Multi-View-Average,21,1.0,0.0,1.0,,
crop70,Multi-View-Average,22,1.0,0.0,1.0,,
crop70,Multi-View-Average,23,0.9666666388511658,0.03333336114883423,0.0,,
crop70,Multi-View-Average,24,0.9333333373069763,0.06666666269302368,0.0,,
crop70,Multi-View-Average,25,0.800000011920929,0.19999998807907104,0.0,,
crop70,Multi-View-Average,26,0.5333333611488342,0.46666663885116577,0.0,,
crop70,Multi-View-Average,27,0.800000011920929,0.19999998807907104,0.0,,
crop70,Multi-View-Average,28,0.9666666388511658,0.03333336114883423,0.0,,
crop70,Multi-View-Average,29,0.7666666507720947,0.23333334922790527,0.0,,
crop70,Multi-View-Average,30,0.9666666388511658,0.03333336114883423,0.0,,
crop70,Multi-View-Average,31,0.8666666746139526,0.13333332538604736,0.0,,
crop70,Multi-View-Average,32,1.0,0.0,1.0,,
crop70,Multi-View-Average,33,1.0,0.0,1.0,,
crop70,Multi-View-Average,34,0.6333333253860474,0.36666667461395264,0.0,,
crop70,Multi-View-Average,35,0.36666667461395264,0.6333333253860474,0.0,,
crop70,Multi-View-Average,36,0.9333333373069763,0.06666666269302368,0.0,,
crop70,Multi-View-Average,37,1.0,0.0,1.0,,
crop70,Multi-View-Average,38,0.5,0.5,0.0,,
crop70,Multi-View-Average,39,0.800000011920929,0.19999998807907104,0.0,,
crop70,Multi-View-Average,40,0.8666666746139526,0.13333332538604736,0.0,,
crop70,Multi-View-Average,41,0.8999999761581421,0.10000002384185791,0.0,,
crop70,Multi-View-Average,42,0.5666666626930237,0.4333333373069763,0.0,,
crop70,Multi-View-Average,43,0.9666666388511658,0.03333336114883423,0.0,,
crop70,Multi-View-Average,44,0.8333333134651184,0.1666666865348816,0.0,,
crop70,Multi-View-Average,45,0.6666666865348816,0.3333333134651184,0.0,,
crop70,Multi-View-Average,46,0.9333333373069763,0.06666666269302368,0.0,,
crop70,Multi-View-Average,47,1.0,0.0,1.0,,
crop70,Multi-View-Average,48,0.8333333134651184,0.1666666865348816,0.0,,
crop70,Multi-View-Average,49,0.8333333134651184,0.1666666865348816,0.0,,
crop70,Multi-View-Average,50,1.0,0.0,1.0,,
crop70,Multi-View-Average,51,0.8666666746139526,0.13333332538604736,0.0,,
crop70,Multi-View-Average,52,0.8666666746139526,0.13333332538604736,0.0,,
crop70,Multi-View-Average,53,1.0,0.0,1.0,,
crop70,Multi-View-Average,54,0.699999988079071,0.30000001192092896,0.0,,
crop70,Multi-View-Average,55,0.46666666865348816,0.5333333313465118,0.0,,
crop70,Multi-View-Average,56,1.0,0.0,1.0,,
crop70,Multi-View-Average,57,0.9666666388511658,0.03333336114883423,0.0,,
crop70,Multi-View-Average,58,0.9333333373069763,0.06666666269302368,0.0,,
crop70,Multi-View-Average,59,1.0,0.0,1.0,,
crop70,Multi-View-Average,60,0.6000000238418579,0.3999999761581421,0.0,,
crop70,Multi-View-Average,61,0.8999999761581421,0.10000002384185791,0.0,,
crop70,Multi-View-Average,62,1.0,0.0,1.0,,
crop70,Multi-View-Average,63,1.0,0.0,1.0,,
crop70,Multi-View-Average,64,1.0,0.0,1.0,,
crop70,Multi-View-Average,65,0.4333333373069763,0.5666666626930237,0.0,,
crop70,Multi-View-Average,66,0.9333333373069763,0.06666666269302368,0.0,,
crop70,Multi-View-Average,67,0.6000000238418579,0.3999999761581421,0.0,,
crop70,Multi-View-Average,68,0.6666666865348816,0.3333333134651184,0.0,,
crop70,Multi-View-Average,69,1.0,0.0,1.0,,
crop70,Multi-View-Average,70,1.0,0.0,1.0,,
crop70,Multi-View-Average,71,0.9333333373069763,0.06666666269302368,0.0,,
crop70,Multi-View-Average,72,1.0,0.0,1.0,,
crop70,Multi-View-Average,73,1.0,0.0,1.0,,
crop70,Multi-View-Average,74,1.0,0.0,1.0,,
crop70,Multi-View-Average,75,0.9333333373069763,0.06666666269302368,0.0,,
crop70,Multi-View-Average,76,0.8999999761581421,0.10000002384185791,0.0,,
crop70,Multi-View-Average,77,1.0,0.0,1.0,,
crop70,Multi-View-Average,78,0.9333333373069763,0.06666666269302368,0.0,,
crop70,Multi-View-Average,79,0.8999999761581421,0.10000002384185791,0.0,,
crop70,Multi-View-Average,80,0.8333333134651184,0.1666666865348816,0.0,,
crop70,Multi-View-Average,81,0.9666666388511658,0.03333336114883423,0.0,,
crop70,Multi-View-Average,82,0.8999999761581421,0.10000002384185791,0.0,,
crop70,Multi-View-Average,83,0.9333333373069763,0.06666666269302368,0.0,,
crop70,Multi-View-Average,84,0.9666666388511658,0.03333336114883423,0.0,,
crop70,Multi-View-Average,85,0.8666666746139526,0.13333332538604736,0.0,,
crop70,Multi-View-Average,86,0.9333333373069763,0.06666666269302368,0.0,,
crop70,Multi-View-Average,87,0.9333333373069763,0.06666666269302368,0.0,,
crop70,Multi-View-Average,88,1.0,0.0,1.0,,
crop70,Multi-View-Average,89,0.8333333134651184,0.1666666865348816,0.0,,
crop70,Multi-View-Average,90,0.9666666388511658,0.03333336114883423,0.0,,
crop70,Multi-View-Average,91,0.9333333373069763,0.06666666269302368,0.0,,
crop70,Multi-View-Average,92,0.8999999761581421,0.10000002384185791,0.0,,
crop70,Multi-View-Average,93,1.0,0.0,1.0,,
crop70,Multi-View-Average,94,1.0,0.0,1.0,,
crop70,Multi-View-Average,95,0.9333333373069763,0.06666666269302368,0.0,,
crop70,Multi-View-Average,96,1.0,0.0,1.0,,
crop70,Multi-View-Average,97,1.0,0.0,1.0,,
crop70,Multi-View-Average,98,0.800000011920929,0.19999998807907104,0.0,,
crop70,Multi-View-Average,99,1.0,0.0,1.0,,
crop70,Multi-View-Average,100,0.9666666388511658,0.03333336114883423,0.0,,
crop70,Multi-View-Average,101,0.9333333373069763,0.06666666269302368,0.0,,
crop70,Multi-View-Average,102,0.9333333373069763,0.06666666269302368,0.0,,
crop70,Multi-View-Average,103,1.0,0.0,1.0,,
crop70,Multi-View-Average,104,0.9666666388511658,0.03333336114883423,0.0,,
crop70,Multi-View-Average,105,0.9333333373069763,0.06666666269302368,0.0,,
crop70,Multi-View-Average,106,0.9666666388511658,0.03333336114883423,0.0,,
crop70,Multi-View-Average,107,0.4333333373069763,0.5666666626930237,0.0,,
crop70,Multi-View-Average,108,0.8666666746139526,0.13333332538604736,0.0,,
crop70,Multi-View-Average,109,0.8666666746139526,0.13333332538604736,0.0,,
crop70,Multi-View-Average,110,0.9333333373069763,0.06666666269302368,0.0,,
crop70,Multi-View-Average,111,0.8999999761581421,0.10000002384185791,0.0,,
crop70,Multi-View-Average,112,0.9333333373069763,0.06666666269302368,0.0,,
crop70,Multi-View-Average,113,0.8666666746139526,0.13333332538604736,0.0,,
crop70,Multi-View-Average,114,0.9666666388511658,0.03333336114883423,0.0,,
crop70,Multi-View-Average,115,0.8666666746139526,0.13333332538604736,0.0,,
crop70,Multi-View-Average,116,1.0,0.0,1.0,,
crop70,Multi-View-Average,117,0.8999999761581421,0.10000002384185791,0.0,,
crop70,Multi-View-Average,118,0.7666666507720947,0.23333334922790527,0.0,,
crop70,Multi-View-Average,119,0.6666666865348816,0.3333333134651184,0.0,,
crop70,Multi-View-Average,120,1.0,0.0,1.0,,
crop70,Multi-View-Average,121,1.0,0.0,1.0,,
crop70,Multi-View-Average,122,0.6000000238418579,0.3999999761581421,0.0,,
crop70,Multi-View-Average,123,0.9666666388511658,0.03333336114883423,0.0,,
crop70,Multi-View-Average,124,1.0,0.0,1.0,,
crop70,Multi-View-Average,125,0.9666666388511658,0.03333336114883423,0.0,,
crop70,Multi-View-Average,126,1.0,0.0,1.0,,
crop70,Multi-View-Average,127,0.9666666388511658,0.03333336114883423,0.0,,
crop70,Multi-View-Average,128,1.0,0.0,1.0,,
crop70,Multi-View-Average,129,0.9666666388511658,0.03333336114883423,0.0,,
crop70,Multi-View-Average,130,0.9666666388511658,0.03333336114883423,0.0,,
crop70,Multi-View-Average,131,0.9666666388511658,0.03333336114883423,0.0,,
crop70,Multi-View-Average,132,0.9333333373069763,0.06666666269302368,0.0,,
crop70,Multi-View-Average,133,1.0,0.0,1.0,,
crop70,Multi-View-Average,134,1.0,0.0,1.0,,
crop70,Multi-View-Average,135,0.9666666388511658,0.03333336114883423,0.0,,
crop70,Multi-View-Average,136,0.8999999761581421,0.10000002384185791,0.0,,
crop70,Multi-View-Average,137,0.9333333373069763,0.06666666269302368,0.0,,
crop70,Multi-View-Average,138,0.9666666388511658,0.03333336114883423,0.0,,
crop70,Multi-View-Average,139,0.9666666388511658,0.03333336114883423,0.0,,
crop70,Multi-View-Average,140,0.9333333373069763,0.06666666269302368,0.0,,
crop70,Multi-View-Average,141,0.2666666805744171,0.7333333194255829,0.0,,
crop70,Multi-View-Average,142,0.9666666388511658,0.03333336114883423,0.0,,
crop70,Multi-View-Average,143,0.9333333373069763,0.06666666269302368,0.0,,
crop70,Single-View-FT,0,1.0,0.0,1.0,,
crop70,Single-View-FT,1,1.0,0.0,1.0,,
crop70,Single-View-FT,2,0.9666666388511658,0.03333336114883423,0.0,,
crop70,Single-View-FT,3,1.0,0.0,1.0,,
crop70,Single-View-FT,4,0.9666666388511658,0.03333336114883423,0.0,,
crop70,Single-View-FT,5,1.0,0.0,1.0,,
crop70,Single-View-FT,6,0.9666666388511658,0.03333336114883423,0.0,,
crop70,Single-View-FT,7,0.9333333373069763,0.06666666269302368,0.0,,
crop70,Single-View-FT,8,0.6333333253860474,0.36666667461395264,0.0,,
crop70,Single-View-FT,9,0.4000000059604645,0.5999999940395355,0.0,,
crop70,Single-View-FT,10,0.30000001192092896,0.699999988079071,0.0,,
crop70,Single-View-FT,11,0.6666666865348816,0.3333333134651184,0.0,,
crop70,Single-View-FT,12,1.0,0.0,1.0,,
crop70,Single-View-FT,13,1.0,0.0,1.0,,
crop70,Single-View-FT,14,0.9666666388511658,0.03333336114883423,0.0,,
crop70,Single-View-FT,15,1.0,0.0,1.0,,
crop70,Single-View-FT,16,1.0,0.0,1.0,,
crop70,Single-View-FT,17,1.0,0.0,1.0,,
crop70,Single-View-FT,18,1.0,0.0,1.0,,
crop70,Single-View-FT,19,0.9666666388511658,0.03333336114883423,0.0,,
crop70,Single-View-FT,20,1.0,0.0,1.0,,
crop70,Single-View-FT,21,1.0,0.0,1.0,,
crop70,Single-View-FT,22,1.0,0.0,1.0,,
crop70,Single-View-FT,23,0.8666666746139526,0.13333332538604736,0.0,,
crop70,Single-View-FT,24,0.9666666388511658,0.03333336114883423,0.0,,
crop70,Single-View-FT,25,0.8666666746139526,0.13333332538604736,0.0,,
crop70,Single-View-FT,26,0.4000000059604645,0.5999999940395355,0.0,,
crop70,Single-View-FT,27,0.800000011920929,0.19999998807907104,0.0,,
crop70,Single-View-FT,28,0.8666666746139526,0.13333332538604736,0.0,,
crop70,Single-View-FT,29,0.7666666507720947,0.23333334922790527,0.0,,
crop70,Single-View-FT,30,0.9666666388511658,0.03333336114883423,0.0,,
crop70,Single-View-FT,31,1.0,0.0,1.0,,
crop70,Single-View-FT,32,1.0,0.0,1.0,,
crop70,Single-View-FT,33,1.0,0.0,1.0,,
crop70,Single-View-FT,34,0.5333333611488342,0.46666663885116577,0.0,,
crop70,Single-View-FT,35,0.1666666716337204,0.8333333283662796,0.0,,
crop70,Single-View-FT,36,0.8999999761581421,0.10000002384185791,0.0,,
crop70,Single-View-FT,37,0.9333333373069763,0.06666666269302368,0.0,,
crop70,Single-View-FT,38,0.3333333432674408,0.6666666567325592,0.0,,
crop70,Single-View-FT,39,0.9333333373069763,0.06666666269302368,0.0,,
crop70,Single-View-FT,40,0.8999999761581421,0.10000002384185791,0.0,,
crop70,Single-View-FT,41,0.6666666865348816,0.3333333134651184,0.0,,
crop70,Single-View-FT,42,0.5666666626930237,0.4333333373069763,0.0,,
crop70,Single-View-FT,43,1.0,0.0,1.0,,
crop70,Single-View-FT,44,0.8666666746139526,0.13333332538604736,0.0,,
crop70,Single-View-FT,45,0.699999988079071,0.30000001192092896,0.0,,
crop70,Single-View-FT,46,1.0,0.0,1.0,,
crop70,Single-View-FT,47,1.0,0.0,1.0,,
crop70,Single-View-FT,48,1.0,0.0,1.0,,
crop70,Single-View-FT,49,0.800000011920929,0.19999998807907104,0.0,,
crop70,Single-View-FT,50,1.0,0.0,1.0,,
crop70,Single-View-FT,51,0.7333333492279053,0.2666666507720947,0.0,,
crop70,Single-View-FT,52,0.8333333134651184,0.1666666865348816,0.0,,
crop70,Single-View-FT,53,1.0,0.0,1.0,,
crop70,Single-View-FT,54,0.6000000238418579,0.3999999761581421,0.0,,
crop70,Single-View-FT,55,0.1666666716337204,0.8333333283662796,0.0,,
crop70,Single-View-FT,56,1.0,0.0,1.0,,
crop70,Single-View-FT,57,1.0,0.0,1.0,,
crop70,Single-View-FT,58,0.8666666746139526,0.13333332538604736,0.0,,
crop70,Single-View-FT,59,1.0,0.0,1.0,,
crop70,Single-View-FT,60,0.6000000238418579,0.3999999761581421,0.0,,
crop70,Single-View-FT,61,0.9666666388511658,0.03333336114883423,0.0,,
crop70,Single-View-FT,62,1.0,0.0,1.0,,
crop70,Single-View-FT,63,1.0,0.0,1.0,,
crop70,Single-View-FT,64,1.0,0.0,1.0,,
crop70,Single-View-FT,65,0.36666667461395264,0.6333333253860474,0.0,,
crop70,Single-View-FT,66,0.8999999761581421,0.10000002384185791,0.0,,
crop70,Single-View-FT,67,0.5333333611488342,0.46666663885116577,0.0,,
crop70,Single-View-FT,68,0.7666666507720947,0.23333334922790527,0.0,,
crop70,Single-View-FT,69,0.9666666388511658,0.03333336114883423,0.0,,
crop70,Single-View-FT,70,1.0,0.0,1.0,,
crop70,Single-View-FT,71,1.0,0.0,1.0,,
crop70,Single-View-FT,72,1.0,0.0,1.0,,
crop70,Single-View-FT,73,1.0,0.0,1.0,,
crop70,Single-View-FT,74,1.0,0.0,1.0,,
crop70,Single-View-FT,75,0.9666666388511658,0.03333336114883423,0.0,,
crop70,Single-View-FT,76,1.0,0.0,1.0,,
crop70,Single-View-FT,77,1.0,0.0,1.0,,
crop70,Single-View-FT,78,0.9666666388511658,0.03333336114883423,0.0,,
crop70,Single-View-FT,79,0.9333333373069763,0.06666666269302368,0.0,,
crop70,Single-View-FT,80,0.800000011920929,0.19999998807907104,0.0,,
crop70,Single-View-FT,81,0.9666666388511658,0.03333336114883423,0.0,,
crop70,Single-View-FT,82,0.8333333134651184,0.1666666865348816,0.0,,
crop70,Single-View-FT,83,0.9666666388511658,0.03333336114883423,0.0,,
crop70,Single-View-FT,84,0.9666666388511658,0.03333336114883423,0.0,,
crop70,Single-View-FT,85,0.9666666388511658,0.03333336114883423,0.0,,
crop70,Single-View-FT,86,0.8999999761581421,0.10000002384185791,0.0,,
crop70,Single-View-FT,87,0.8999999761581421,0.10000002384185791,0.0,,
crop70,Single-View-FT,88,1.0,0.0,1.0,,
crop70,Single-View-FT,89,0.9333333373069763,0.06666666269302368,0.0,,
crop70,Single-View-FT,90,0.9666666388511658,0.03333336114883423,0.0,,
crop70,Single-View-FT,91,0.9666666388511658,0.03333336114883423,0.0,,
crop70,Single-View-FT,92,0.9666666388511658,0.03333336114883423,0.0,,
crop70,Single-View-FT,93,1.0,0.0,1.0,,
crop70,Single-View-FT,94,1.0,0.0,1.0,,
crop70,Single-View-FT,95,0.9666666388511658,0.03333336114883423,0.0,,
crop70,Single-View-FT,96,1.0,0.0,1.0,,
crop70,Single-View-FT,97,1.0,0.0,1.0,,
crop70,Single-View-FT,98,0.9333333373069763,0.06666666269302368,0.0,,
crop70,Single-View-FT,99,1.0,0.0,1.0,,
crop70,Single-View-FT,100,1.0,0.0,1.0,,
crop70,Single-View-FT,101,0.9666666388511658,0.03333336114883423,0.0,,
crop70,Single-View-FT,102,1.0,0.0,1.0,,
crop70,Single-View-FT,103,1.0,0.0,1.0,,
crop70,Single-View-FT,104,0.9333333373069763,0.06666666269302368,0.0,,
crop70,Single-View-FT,105,0.9333333373069763,0.06666666269302368,0.0,,
crop70,Single-View-FT,106,0.8999999761581421,0.10000002384185791,0.0,,
crop70,Single-View-FT,107,0.46666666865348816,0.5333333313465118,0.0,,
crop70,Single-View-FT,108,0.7666666507720947,0.23333334922790527,0.0,,
crop70,Single-View-FT,109,0.8666666746139526,0.13333332538604736,0.0,,
crop70,Single-View-FT,110,0.9666666388511658,0.03333336114883423,0.0,,
crop70,Single-View-FT,111,0.9333333373069763,0.06666666269302368,0.0,,
crop70,Single-View-FT,112,0.9666666388511658,0.03333336114883423,0.0,,
crop70,Single-View-FT,113,0.8999999761581421,0.10000002384185791,0.0,,
crop70,Single-View-FT,114,1.0,0.0,1.0,,
crop70,Single-View-FT,115,0.8999999761581421,0.10000002384185791,0.0,,
crop70,Single-View-FT,116,1.0,0.0,1.0,,
crop70,Single-View-FT,117,0.8333333134651184,0.1666666865348816,0.0,,
crop70,Single-View-FT,118,0.8666666746139526,0.13333332538604736,0.0,,
crop70,Single-View-FT,119,0.8333333134651184,0.1666666865348816,0.0,,
crop70,Single-View-FT,120,0.9333333373069763,0.06666666269302368,0.0,,
crop70,Single-View-FT,121,1.0,0.0,1.0,,
crop70,Single-View-FT,122,0.5333333611488342,0.46666663885116577,0.0,,
crop70,Single-View-FT,123,0.9666666388511658,0.03333336114883423,0.0,,
crop70,Single-View-FT,124,1.0,0.0,1.0,,
crop70,Single-View-FT,125,0.9666666388511658,0.03333336114883423,0.0,,
crop70,Single-View-FT,126,1.0,0.0,1.0,,
crop70,Single-View-FT,127,1.0,0.0,1.0,,
crop70,Single-View-FT,128,1.0,0.0,1.0,,
crop70,Single-View-FT,129,1.0,0.0,1.0,,
crop70,Single-View-FT,130,0.9666666388511658,0.03333336114883423,0.0,,
crop70,Single-View-FT,131,1.0,0.0,1.0,,
crop70,Single-View-FT,132,1.0,0.0,1.0,,
crop70,Single-View-FT,133,1.0,0.0,1.0,,
crop70,Single-View-FT,134,1.0,0.0,1.0,,
crop70,Single-View-FT,135,0.9666666388511658,0.03333336114883423,0.0,,
crop70,Single-View-FT,136,0.9333333373069763,0.06666666269302368,0.0,,
crop70,Single-View-FT,137,0.9666666388511658,0.03333336114883423,0.0,,
crop70,Single-View-FT,138,0.9333333373069763,0.06666666269302368,0.0,,
crop70,Single-View-FT,139,1.0,0.0,1.0,,
crop70,Single-View-FT,140,0.9666666388511658,0.03333336114883423,0.0,,
crop70,Single-View-FT,141,0.23333333432674408,0.7666666656732559,0.0,,
crop70,Single-View-FT,142,1.0,0.0,1.0,,
crop70,Single-View-FT,143,0.9333333373069763,0.06666666269302368,0.0,,
crop70,PMFA,0,1.0,0.0,1.0,0.0,
crop70,PMFA,1,1.0,0.0,1.0,0.0,
crop70,PMFA,2,0.9666666388511658,0.03333336114883423,0.0,0.0,
crop70,PMFA,3,1.0,0.0,1.0,0.0,
crop70,PMFA,4,0.9666666388511658,0.03333336114883423,0.0,0.0,
crop70,PMFA,5,1.0,0.0,1.0,0.0,
crop70,PMFA,6,0.9666666388511658,0.03333336114883423,0.0,0.0,
crop70,PMFA,7,0.9333333373069763,0.06666666269302368,0.0,0.0,
crop70,PMFA,8,0.6333333253860474,0.36666667461395264,0.0,0.0,
crop70,PMFA,9,0.4000000059604645,0.5999999940395355,0.0,1.0,
crop70,PMFA,10,0.30000001192092896,0.699999988079071,0.0,0.0,
crop70,PMFA,11,0.699999988079071,0.30000001192092896,0.0,0.0,
crop70,PMFA,12,1.0,0.0,1.0,0.0,
crop70,PMFA,13,1.0,0.0,1.0,1.0,
crop70,PMFA,14,0.9666666388511658,0.03333336114883423,0.0,0.0,
crop70,PMFA,15,1.0,0.0,1.0,0.0,
crop70,PMFA,16,1.0,0.0,1.0,0.0,
crop70,PMFA,17,1.0,0.0,1.0,0.0,
crop70,PMFA,18,1.0,0.0,1.0,0.0,
crop70,PMFA,19,0.9666666388511658,0.03333336114883423,0.0,1.0,
crop70,PMFA,20,1.0,0.0,1.0,0.0,
crop70,PMFA,21,1.0,0.0,1.0,0.0,
crop70,PMFA,22,1.0,0.0,1.0,0.0,
crop70,PMFA,23,0.8999999761581421,0.10000002384185791,0.0,0.0,
crop70,PMFA,24,0.9666666388511658,0.03333336114883423,0.0,0.0,
crop70,PMFA,25,0.8666666746139526,0.13333332538604736,0.0,0.0,
crop70,PMFA,26,0.4000000059604645,0.5999999940395355,0.0,0.0,
crop70,PMFA,27,0.800000011920929,0.19999998807907104,0.0,0.0,
crop70,PMFA,28,0.8666666746139526,0.13333332538604736,0.0,0.0,
crop70,PMFA,29,0.7666666507720947,0.23333334922790527,0.0,0.0,
crop70,PMFA,30,0.9666666388511658,0.03333336114883423,0.0,0.0,
crop70,PMFA,31,1.0,0.0,1.0,0.0,
crop70,PMFA,32,1.0,0.0,1.0,1.0,
crop70,PMFA,33,1.0,0.0,1.0,0.0,
crop70,PMFA,34,0.5333333611488342,0.46666663885116577,0.0,1.0,
crop70,PMFA,35,0.1666666716337204,0.8333333283662796,0.0,1.0,
crop70,PMFA,36,0.8999999761581421,0.10000002384185791,0.0,0.0,
crop70,PMFA,37,0.8999999761581421,0.10000002384185791,0.0,0.0,
crop70,PMFA,38,0.3333333432674408,0.6666666567325592,0.0,0.0,
crop70,PMFA,39,0.9333333373069763,0.06666666269302368,0.0,0.0,
crop70,PMFA,40,0.8666666746139526,0.13333332538604736,0.0,0.0,
crop70,PMFA,41,0.699999988079071,0.30000001192092896,0.0,0.0,
crop70,PMFA,42,0.5666666626930237,0.4333333373069763,0.0,0.0,
crop70,PMFA,43,1.0,0.0,1.0,0.0,
crop70,PMFA,44,0.8999999761581421,0.10000002384185791,0.0,0.0,
crop70,PMFA,45,0.7666666507720947,0.23333334922790527,0.0,1.0,
crop70,PMFA,46,1.0,0.0,1.0,0.0,
crop70,PMFA,47,1.0,0.0,1.0,0.0,
crop70,PMFA,48,1.0,0.0,1.0,1.0,
crop70,PMFA,49,0.800000011920929,0.19999998807907104,0.0,1.0,
crop70,PMFA,50,1.0,0.0,1.0,0.0,
crop70,PMFA,51,0.7333333492279053,0.2666666507720947,0.0,0.0,
crop70,PMFA,52,0.800000011920929,0.19999998807907104,0.0,0.0,
crop70,PMFA,53,1.0,0.0,1.0,0.0,
crop70,PMFA,54,0.6333333253860474,0.36666667461395264,0.0,0.0,
crop70,PMFA,55,0.13333334028720856,0.8666666597127914,0.0,0.0,
crop70,PMFA,56,1.0,0.0,1.0,0.0,
crop70,PMFA,57,1.0,0.0,1.0,1.0,
crop70,PMFA,58,0.8666666746139526,0.13333332538604736,0.0,0.0,
crop70,PMFA,59,1.0,0.0,1.0,0.0,
crop70,PMFA,60,0.6000000238418579,0.3999999761581421,0.0,1.0,
crop70,PMFA,61,0.9666666388511658,0.03333336114883423,0.0,0.0,
crop70,PMFA,62,1.0,0.0,1.0,0.0,
crop70,PMFA,63,1.0,0.0,1.0,0.0,
crop70,PMFA,64,1.0,0.0,1.0,0.0,
crop70,PMFA,65,0.36666667461395264,0.6333333253860474,0.0,1.0,
crop70,PMFA,66,0.8999999761581421,0.10000002384185791,0.0,0.0,
crop70,PMFA,67,0.5333333611488342,0.46666663885116577,0.0,1.0,
crop70,PMFA,68,0.7666666507720947,0.23333334922790527,0.0,0.0,
crop70,PMFA,69,0.9666666388511658,0.03333336114883423,0.0,0.0,
crop70,PMFA,70,1.0,0.0,1.0,0.0,
crop70,PMFA,71,0.9666666388511658,0.03333336114883423,0.0,0.0,
crop70,PMFA,72,1.0,0.0,1.0,0.0,
crop70,PMFA,73,1.0,0.0,1.0,0.0,
crop70,PMFA,74,1.0,0.0,1.0,0.0,
crop70,PMFA,75,0.9666666388511658,0.03333336114883423,0.0,0.0,
crop70,PMFA,76,1.0,0.0,1.0,0.0,
crop70,PMFA,77,1.0,0.0,1.0,0.0,
crop70,PMFA,78,0.9666666388511658,0.03333336114883423,0.0,0.0,
crop70,PMFA,79,0.9333333373069763,0.06666666269302368,0.0,0.0,
crop70,PMFA,80,0.800000011920929,0.19999998807907104,0.0,0.0,
crop70,PMFA,81,0.9666666388511658,0.03333336114883423,0.0,0.0,
crop70,PMFA,82,0.8333333134651184,0.1666666865348816,0.0,0.0,
crop70,PMFA,83,0.9666666388511658,0.03333336114883423,0.0,0.0,
crop70,PMFA,84,0.9666666388511658,0.03333336114883423,0.0,1.0,
crop70,PMFA,85,0.9666666388511658,0.03333336114883423,0.0,0.0,
crop70,PMFA,86,0.8999999761581421,0.10000002384185791,0.0,0.0,
crop70,PMFA,87,0.8999999761581421,0.10000002384185791,0.0,0.0,
crop70,PMFA,88,1.0,0.0,1.0,0.0,
crop70,PMFA,89,0.8999999761581421,0.10000002384185791,0.0,0.0,
crop70,PMFA,90,0.9666666388511658,0.03333336114883423,0.0,0.0,
crop70,PMFA,91,0.9666666388511658,0.03333336114883423,0.0,0.0,
crop70,PMFA,92,0.9333333373069763,0.06666666269302368,0.0,0.0,
crop70,PMFA,93,1.0,0.0,1.0,0.0,
crop70,PMFA,94,1.0,0.0,1.0,1.0,
crop70,PMFA,95,0.9666666388511658,0.03333336114883423,0.0,0.0,
crop70,PMFA,96,1.0,0.0,1.0,0.0,
crop70,PMFA,97,1.0,0.0,1.0,0.0,
crop70,PMFA,98,0.9333333373069763,0.06666666269302368,0.0,0.0,
crop70,PMFA,99,1.0,0.0,1.0,0.0,
crop70,PMFA,100,1.0,0.0,1.0,0.0,
crop70,PMFA,101,0.9666666388511658,0.03333336114883423,0.0,1.0,
crop70,PMFA,102,1.0,0.0,1.0,0.0,
crop70,PMFA,103,1.0,0.0,1.0,0.0,
crop70,PMFA,104,0.9333333373069763,0.06666666269302368,0.0,0.0,
crop70,PMFA,105,0.9666666388511658,0.03333336114883423,0.0,1.0,
crop70,PMFA,106,0.8999999761581421,0.10000002384185791,0.0,0.0,
crop70,PMFA,107,0.46666666865348816,0.5333333313465118,0.0,0.0,
crop70,PMFA,108,0.800000011920929,0.19999998807907104,0.0,0.0,
crop70,PMFA,109,0.8333333134651184,0.1666666865348816,0.0,0.0,
crop70,PMFA,110,0.9666666388511658,0.03333336114883423,0.0,0.0,
crop70,PMFA,111,0.9333333373069763,0.06666666269302368,0.0,0.0,
crop70,PMFA,112,0.9666666388511658,0.03333336114883423,0.0,0.0,
crop70,PMFA,113,0.8999999761581421,0.10000002384185791,0.0,0.0,
crop70,PMFA,114,1.0,0.0,1.0,0.0,
crop70,PMFA,115,0.8999999761581421,0.10000002384185791,0.0,0.0,
crop70,PMFA,116,1.0,0.0,1.0,0.0,
crop70,PMFA,117,0.8333333134651184,0.1666666865348816,0.0,0.0,
crop70,PMFA,118,0.8666666746139526,0.13333332538604736,0.0,0.0,
crop70,PMFA,119,0.800000011920929,0.19999998807907104,0.0,0.0,
crop70,PMFA,120,0.9333333373069763,0.06666666269302368,0.0,1.0,
crop70,PMFA,121,1.0,0.0,1.0,0.0,
crop70,PMFA,122,0.5333333611488342,0.46666663885116577,0.0,0.0,
crop70,PMFA,123,0.9666666388511658,0.03333336114883423,0.0,0.0,
crop70,PMFA,124,1.0,0.0,1.0,0.0,
crop70,PMFA,125,0.9666666388511658,0.03333336114883423,0.0,0.0,
crop70,PMFA,126,1.0,0.0,1.0,0.0,
crop70,PMFA,127,1.0,0.0,1.0,0.0,
crop70,PMFA,128,1.0,0.0,1.0,0.0,
crop70,PMFA,129,1.0,0.0,1.0,0.0,
crop70,PMFA,130,0.9666666388511658,0.03333336114883423,0.0,0.0,
crop70,PMFA,131,1.0,0.0,1.0,0.0,
crop70,PMFA,132,1.0,0.0,1.0,0.0,
crop70,PMFA,133,1.0,0.0,1.0,0.0,
crop70,PMFA,134,1.0,0.0,1.0,0.0,
crop70,PMFA,135,0.9666666388511658,0.03333336114883423,0.0,1.0,
crop70,PMFA,136,0.8999999761581421,0.10000002384185791,0.0,0.0,
crop70,PMFA,137,0.9666666388511658,0.03333336114883423,0.0,0.0,
crop70,PMFA,138,0.9333333373069763,0.06666666269302368,0.0,0.0,
crop70,PMFA,139,1.0,0.0,1.0,0.0,
crop70,PMFA,140,0.9666666388511658,0.03333336114883423,0.0,1.0,
crop70,PMFA,141,0.23333333432674408,0.7666666656732559,0.0,0.0,
crop70,PMFA,142,1.0,0.0,1.0,0.0,
crop70,PMFA,143,0.9333333373069763,0.06666666269302368,0.0,0.0,
crop70,Decoder-Tail-FT,0,0.9666666388511658,0.03333336114883423,0.0,,
crop70,Decoder-Tail-FT,1,1.0,0.0,1.0,,
crop70,Decoder-Tail-FT,2,0.9333333373069763,0.06666666269302368,0.0,,
crop70,Decoder-Tail-FT,3,1.0,0.0,1.0,,
crop70,Decoder-Tail-FT,4,1.0,0.0,1.0,,
crop70,Decoder-Tail-FT,5,1.0,0.0,1.0,,
crop70,Decoder-Tail-FT,6,0.9333333373069763,0.06666666269302368,0.0,,
crop70,Decoder-Tail-FT,7,0.9333333373069763,0.06666666269302368,0.0,,
crop70,Decoder-Tail-FT,8,0.8333333134651184,0.1666666865348816,0.0,,
crop70,Decoder-Tail-FT,9,0.5,0.5,0.0,,
crop70,Decoder-Tail-FT,10,0.46666666865348816,0.5333333313465118,0.0,,
crop70,Decoder-Tail-FT,11,0.7666666507720947,0.23333334922790527,0.0,,
crop70,Decoder-Tail-FT,12,0.9666666388511658,0.03333336114883423,0.0,,
crop70,Decoder-Tail-FT,13,0.9666666388511658,0.03333336114883423,0.0,,
crop70,Decoder-Tail-FT,14,0.9333333373069763,0.06666666269302368,0.0,,
crop70,Decoder-Tail-FT,15,1.0,0.0,1.0,,
crop70,Decoder-Tail-FT,16,1.0,0.0,1.0,,
crop70,Decoder-Tail-FT,17,1.0,0.0,1.0,,
crop70,Decoder-Tail-FT,18,0.9666666388511658,0.03333336114883423,0.0,,
crop70,Decoder-Tail-FT,19,0.9666666388511658,0.03333336114883423,0.0,,
crop70,Decoder-Tail-FT,20,1.0,0.0,1.0,,
crop70,Decoder-Tail-FT,21,0.9333333373069763,0.06666666269302368,0.0,,
crop70,Decoder-Tail-FT,22,0.9333333373069763,0.06666666269302368,0.0,,
crop70,Decoder-Tail-FT,23,0.9666666388511658,0.03333336114883423,0.0,,
crop70,Decoder-Tail-FT,24,0.8999999761581421,0.10000002384185791,0.0,,
crop70,Decoder-Tail-FT,25,0.9333333373069763,0.06666666269302368,0.0,,
crop70,Decoder-Tail-FT,26,0.5,0.5,0.0,,
crop70,Decoder-Tail-FT,27,0.8999999761581421,0.10000002384185791,0.0,,
crop70,Decoder-Tail-FT,28,0.8666666746139526,0.13333332538604736,0.0,,
crop70,Decoder-Tail-FT,29,0.9333333373069763,0.06666666269302368,0.0,,
crop70,Decoder-Tail-FT,30,1.0,0.0,1.0,,
crop70,Decoder-Tail-FT,31,0.9666666388511658,0.03333336114883423,0.0,,
crop70,Decoder-Tail-FT,32,1.0,0.0,1.0,,
crop70,Decoder-Tail-FT,33,1.0,0.0,1.0,,
crop70,Decoder-Tail-FT,34,0.6666666865348816,0.3333333134651184,0.0,,
crop70,Decoder-Tail-FT,35,0.4333333373069763,0.5666666626930237,0.0,,
crop70,Decoder-Tail-FT,36,0.8666666746139526,0.13333332538604736,0.0,,
crop70,Decoder-Tail-FT,37,0.9333333373069763,0.06666666269302368,0.0,,
crop70,Decoder-Tail-FT,38,0.5,0.5,0.0,,
crop70,Decoder-Tail-FT,39,0.7333333492279053,0.2666666507720947,0.0,,
crop70,Decoder-Tail-FT,40,0.9333333373069763,0.06666666269302368,0.0,,
crop70,Decoder-Tail-FT,41,0.9333333373069763,0.06666666269302368,0.0,,
crop70,Decoder-Tail-FT,42,0.6333333253860474,0.36666667461395264,0.0,,
crop70,Decoder-Tail-FT,43,1.0,0.0,1.0,,
crop70,Decoder-Tail-FT,44,0.8999999761581421,0.10000002384185791,0.0,,
crop70,Decoder-Tail-FT,45,0.8333333134651184,0.1666666865348816,0.0,,
crop70,Decoder-Tail-FT,46,0.9666666388511658,0.03333336114883423,0.0,,
crop70,Decoder-Tail-FT,47,1.0,0.0,1.0,,
crop70,Decoder-Tail-FT,48,1.0,0.0,1.0,,
crop70,Decoder-Tail-FT,49,0.9333333373069763,0.06666666269302368,0.0,,
crop70,Decoder-Tail-FT,50,1.0,0.0,1.0,,
crop70,Decoder-Tail-FT,51,0.8333333134651184,0.1666666865348816,0.0,,
crop70,Decoder-Tail-FT,52,0.9666666388511658,0.03333336114883423,0.0,,
crop70,Decoder-Tail-FT,53,1.0,0.0,1.0,,
crop70,Decoder-Tail-FT,54,0.6000000238418579,0.3999999761581421,0.0,,
crop70,Decoder-Tail-FT,55,0.3333333432674408,0.6666666567325592,0.0,,
crop70,Decoder-Tail-FT,56,1.0,0.0,1.0,,
crop70,Decoder-Tail-FT,57,1.0,0.0,1.0,,
crop70,Decoder-Tail-FT,58,0.9333333373069763,0.06666666269302368,0.0,,
crop70,Decoder-Tail-FT,59,1.0,0.0,1.0,,
crop70,Decoder-Tail-FT,60,0.6666666865348816,0.3333333134651184,0.0,,
crop70,Decoder-Tail-FT,61,1.0,0.0,1.0,,
crop70,Decoder-Tail-FT,62,0.9666666388511658,0.03333336114883423,0.0,,
crop70,Decoder-Tail-FT,63,1.0,0.0,1.0,,
crop70,Decoder-Tail-FT,64,1.0,0.0,1.0,,
crop70,Decoder-Tail-FT,65,0.5,0.5,0.0,,
crop70,Decoder-Tail-FT,66,0.9666666388511658,0.03333336114883423,0.0,,
crop70,Decoder-Tail-FT,67,0.699999988079071,0.30000001192092896,0.0,,
crop70,Decoder-Tail-FT,68,0.8999999761581421,0.10000002384185791,0.0,,
crop70,Decoder-Tail-FT,69,0.9666666388511658,0.03333336114883423,0.0,,
crop70,Decoder-Tail-FT,70,1.0,0.0,1.0,,
crop70,Decoder-Tail-FT,71,1.0,0.0,1.0,,
crop70,Decoder-Tail-FT,72,1.0,0.0,1.0,,
crop70,Decoder-Tail-FT,73,0.9666666388511658,0.03333336114883423,0.0,,
crop70,Decoder-Tail-FT,74,1.0,0.0,1.0,,
crop70,Decoder-Tail-FT,75,0.8999999761581421,0.10000002384185791,0.0,,
crop70,Decoder-Tail-FT,76,0.9666666388511658,0.03333336114883423,0.0,,
crop70,Decoder-Tail-FT,77,1.0,0.0,1.0,,
crop70,Decoder-Tail-FT,78,0.9333333373069763,0.06666666269302368,0.0,,
crop70,Decoder-Tail-FT,79,0.8333333134651184,0.1666666865348816,0.0,,
crop70,Decoder-Tail-FT,80,0.8999999761581421,0.10000002384185791,0.0,,
crop70,Decoder-Tail-FT,81,0.9333333373069763,0.06666666269302368,0.0,,
crop70,Decoder-Tail-FT,82,0.9666666388511658,0.03333336114883423,0.0,,
crop70,Decoder-Tail-FT,83,0.9333333373069763,0.06666666269302368,0.0,,
crop70,Decoder-Tail-FT,84,1.0,0.0,1.0,,
crop70,Decoder-Tail-FT,85,0.9333333373069763,0.06666666269302368,0.0,,
crop70,Decoder-Tail-FT,86,1.0,0.0,1.0,,
crop70,Decoder-Tail-FT,87,0.8999999761581421,0.10000002384185791,0.0,,
crop70,Decoder-Tail-FT,88,1.0,0.0,1.0,,
crop70,Decoder-Tail-FT,89,0.9333333373069763,0.06666666269302368,0.0,,
crop70,Decoder-Tail-FT,90,0.8999999761581421,0.10000002384185791,0.0,,
crop70,Decoder-Tail-FT,91,0.8666666746139526,0.13333332538604736,0.0,,
crop70,Decoder-Tail-FT,92,0.8666666746139526,0.13333332538604736,0.0,,
crop70,Decoder-Tail-FT,93,0.9333333373069763,0.06666666269302368,0.0,,
crop70,Decoder-Tail-FT,94,1.0,0.0,1.0,,
crop70,Decoder-Tail-FT,95,0.9333333373069763,0.06666666269302368,0.0,,
crop70,Decoder-Tail-FT,96,1.0,0.0,1.0,,
crop70,Decoder-Tail-FT,97,1.0,0.0,1.0,,
crop70,Decoder-Tail-FT,98,0.7666666507720947,0.23333334922790527,0.0,,
crop70,Decoder-Tail-FT,99,1.0,0.0,1.0,,
crop70,Decoder-Tail-FT,100,0.9666666388511658,0.03333336114883423,0.0,,
crop70,Decoder-Tail-FT,101,1.0,0.0,1.0,,
crop70,Decoder-Tail-FT,102,1.0,0.0,1.0,,
crop70,Decoder-Tail-FT,103,0.9666666388511658,0.03333336114883423,0.0,,
crop70,Decoder-Tail-FT,104,0.9666666388511658,0.03333336114883423,0.0,,
crop70,Decoder-Tail-FT,105,0.8999999761581421,0.10000002384185791,0.0,,
crop70,Decoder-Tail-FT,106,0.8666666746139526,0.13333332538604736,0.0,,
crop70,Decoder-Tail-FT,107,0.5333333611488342,0.46666663885116577,0.0,,
crop70,Decoder-Tail-FT,108,0.8999999761581421,0.10000002384185791,0.0,,
crop70,Decoder-Tail-FT,109,0.800000011920929,0.19999998807907104,0.0,,
crop70,Decoder-Tail-FT,110,0.9666666388511658,0.03333336114883423,0.0,,
crop70,Decoder-Tail-FT,111,0.8999999761581421,0.10000002384185791,0.0,,
crop70,Decoder-Tail-FT,112,0.9333333373069763,0.06666666269302368,0.0,,
crop70,Decoder-Tail-FT,113,0.8333333134651184,0.1666666865348816,0.0,,
crop70,Decoder-Tail-FT,114,0.9666666388511658,0.03333336114883423,0.0,,
crop70,Decoder-Tail-FT,115,0.7666666507720947,0.23333334922790527,0.0,,
crop70,Decoder-Tail-FT,116,1.0,0.0,1.0,,
crop70,Decoder-Tail-FT,117,0.9333333373069763,0.06666666269302368,0.0,,
crop70,Decoder-Tail-FT,118,0.8999999761581421,0.10000002384185791,0.0,,
crop70,Decoder-Tail-FT,119,0.9333333373069763,0.06666666269302368,0.0,,
crop70,Decoder-Tail-FT,120,0.9333333373069763,0.06666666269302368,0.0,,
crop70,Decoder-Tail-FT,121,0.9666666388511658,0.03333336114883423,0.0,,
crop70,Decoder-Tail-FT,122,0.6333333253860474,0.36666667461395264,0.0,,
crop70,Decoder-Tail-FT,123,0.9333333373069763,0.06666666269302368,0.0,,
crop70,Decoder-Tail-FT,124,1.0,0.0,1.0,,
crop70,Decoder-Tail-FT,125,0.9666666388511658,0.03333336114883423,0.0,,
crop70,Decoder-Tail-FT,126,1.0,0.0,1.0,,
crop70,Decoder-Tail-FT,127,0.9333333373069763,0.06666666269302368,0.0,,
crop70,Decoder-Tail-FT,128,0.9666666388511658,0.03333336114883423,0.0,,
crop70,Decoder-Tail-FT,129,1.0,0.0,1.0,,
crop70,Decoder-Tail-FT,130,0.9666666388511658,0.03333336114883423,0.0,,
crop70,Decoder-Tail-FT,131,0.9666666388511658,0.03333336114883423,0.0,,
crop70,Decoder-Tail-FT,132,0.9666666388511658,0.03333336114883423,0.0,,
crop70,Decoder-Tail-FT,133,1.0,0.0,1.0,,
crop70,Decoder-Tail-FT,134,1.0,0.0,1.0,,
crop70,Decoder-Tail-FT,135,0.9666666388511658,0.03333336114883423,0.0,,
crop70,Decoder-Tail-FT,136,0.9666666388511658,0.03333336114883423,0.0,,
crop70,Decoder-Tail-FT,137,1.0,0.0,1.0,,
crop70,Decoder-Tail-FT,138,0.9333333373069763,0.06666666269302368,0.0,,
crop70,Decoder-Tail-FT,139,1.0,0.0,1.0,,
crop70,Decoder-Tail-FT,140,0.8999999761581421,0.10000002384185791,0.0,,
crop70,Decoder-Tail-FT,141,0.3333333432674408,0.6666666567325592,0.0,,
crop70,Decoder-Tail-FT,142,1.0,0.0,1.0,,
crop70,Decoder-Tail-FT,143,0.9333333373069763,0.06666666269302368,0.0,,
crop70,Oracle-Alignment,0,1.0,0.0,1.0,,
crop70,Oracle-Alignment,1,1.0,0.0,1.0,,
crop70,Oracle-Alignment,2,1.0,0.0,1.0,,
crop70,Oracle-Alignment,3,1.0,0.0,1.0,,
crop70,Oracle-Alignment,4,1.0,0.0,1.0,,
crop70,Oracle-Alignment,5,1.0,0.0,1.0,,
crop70,Oracle-Alignment,6,1.0,0.0,1.0,,
crop70,Oracle-Alignment,7,0.9666666388511658,0.03333336114883423,0.0,,
crop70,Oracle-Alignment,8,1.0,0.0,1.0,,
crop70,Oracle-Alignment,9,1.0,0.0,1.0,,
crop70,Oracle-Alignment,10,1.0,0.0,1.0,,
crop70,Oracle-Alignment,11,0.9666666388511658,0.03333336114883423,0.0,,
crop70,Oracle-Alignment,12,1.0,0.0,1.0,,
crop70,Oracle-Alignment,13,1.0,0.0,1.0,,
crop70,Oracle-Alignment,14,0.9666666388511658,0.03333336114883423,0.0,,
crop70,Oracle-Alignment,15,1.0,0.0,1.0,,
crop70,Oracle-Alignment,16,1.0,0.0,1.0,,
crop70,Oracle-Alignment,17,1.0,0.0,1.0,,
crop70,Oracle-Alignment,18,1.0,0.0,1.0,,
crop70,Oracle-Alignment,19,1.0,0.0,1.0,,
crop70,Oracle-Alignment,20,1.0,0.0,1.0,,
crop70,Oracle-Alignment,21,1.0,0.0,1.0,,
crop70,Oracle-Alignment,22,0.9666666388511658,0.03333336114883423,0.0,,
crop70,Oracle-Alignment,23,1.0,0.0,1.0,,
crop70,Oracle-Alignment,24,1.0,0.0,1.0,,
crop70,Oracle-Alignment,25,1.0,0.0,1.0,,
crop70,Oracle-Alignment,26,0.9666666388511658,0.03333336114883423,0.0,,
crop70,Oracle-Alignment,27,1.0,0.0,1.0,,
crop70,Oracle-Alignment,28,1.0,0.0,1.0,,
crop70,Oracle-Alignment,29,0.9333333373069763,0.06666666269302368,0.0,,
crop70,Oracle-Alignment,30,1.0,0.0,1.0,,
crop70,Oracle-Alignment,31,1.0,0.0,1.0,,
crop70,Oracle-Alignment,32,1.0,0.0,1.0,,
crop70,Oracle-Alignment,33,1.0,0.0,1.0,,
crop70,Oracle-Alignment,34,1.0,0.0,1.0,,
crop70,Oracle-Alignment,35,1.0,0.0,1.0,,
crop70,Oracle-Alignment,36,1.0,0.0,1.0,,
crop70,Oracle-Alignment,37,0.9666666388511658,0.03333336114883423,0.0,,
crop70,Oracle-Alignment,38,1.0,0.0,1.0,,
crop70,Oracle-Alignment,39,1.0,0.0,1.0,,
crop70,Oracle-Alignment,40,0.9666666388511658,0.03333336114883423,0.0,,
crop70,Oracle-Alignment,41,1.0,0.0,1.0,,
crop70,Oracle-Alignment,42,1.0,0.0,1.0,,
crop70,Oracle-Alignment,43,1.0,0.0,1.0,,
crop70,Oracle-Alignment,44,1.0,0.0,1.0,,
crop70,Oracle-Alignment,45,1.0,0.0,1.0,,
crop70,Oracle-Alignment,46,1.0,0.0,1.0,,
crop70,Oracle-Alignment,47,1.0,0.0,1.0,,
crop70,Oracle-Alignment,48,1.0,0.0,1.0,,
crop70,Oracle-Alignment,49,1.0,0.0,1.0,,
crop70,Oracle-Alignment,50,1.0,0.0,1.0,,
crop70,Oracle-Alignment,51,1.0,0.0,1.0,,
crop70,Oracle-Alignment,52,1.0,0.0,1.0,,
crop70,Oracle-Alignment,53,1.0,0.0,1.0,,
crop70,Oracle-Alignment,54,1.0,0.0,1.0,,
crop70,Oracle-Alignment,55,1.0,0.0,1.0,,
crop70,Oracle-Alignment,56,1.0,0.0,1.0,,
crop70,Oracle-Alignment,57,1.0,0.0,1.0,,
crop70,Oracle-Alignment,58,1.0,0.0,1.0,,
crop70,Oracle-Alignment,59,1.0,0.0,1.0,,
crop70,Oracle-Alignment,60,1.0,0.0,1.0,,
crop70,Oracle-Alignment,61,1.0,0.0,1.0,,
crop70,Oracle-Alignment,62,1.0,0.0,1.0,,
crop70,Oracle-Alignment,63,1.0,0.0,1.0,,
crop70,Oracle-Alignment,64,1.0,0.0,1.0,,
crop70,Oracle-Alignment,65,1.0,0.0,1.0,,
crop70,Oracle-Alignment,66,0.9666666388511658,0.03333336114883423,0.0,,
crop70,Oracle-Alignment,67,1.0,0.0,1.0,,
crop70,Oracle-Alignment,68,1.0,0.0,1.0,,
crop70,Oracle-Alignment,69,1.0,0.0,1.0,,
crop70,Oracle-Alignment,70,1.0,0.0,1.0,,
crop70,Oracle-Alignment,71,1.0,0.0,1.0,,
crop70,Oracle-Alignment,72,1.0,0.0,1.0,,
crop70,Oracle-Alignment,73,1.0,0.0,1.0,,
crop70,Oracle-Alignment,74,1.0,0.0,1.0,,
crop70,Oracle-Alignment,75,1.0,0.0,1.0,,
crop70,Oracle-Alignment,76,1.0,0.0,1.0,,
crop70,Oracle-Alignment,77,1.0,0.0,1.0,,
crop70,Oracle-Alignment,78,0.9666666388511658,0.03333336114883423,0.0,,
crop70,Oracle-Alignment,79,1.0,0.0,1.0,,
crop70,Oracle-Alignment,80,1.0,0.0,1.0,,
crop70,Oracle-Alignment,81,1.0,0.0,1.0,,
crop70,Oracle-Alignment,82,1.0,0.0,1.0,,
crop70,Oracle-Alignment,83,1.0,0.0,1.0,,
crop70,Oracle-Alignment,84,1.0,0.0,1.0,,
crop70,Oracle-Alignment,85,1.0,0.0,1.0,,
crop70,Oracle-Alignment,86,1.0,0.0,1.0,,
crop70,Oracle-Alignment,87,0.9333333373069763,0.06666666269302368,0.0,,
crop70,Oracle-Alignment,88,1.0,0.0,1.0,,
crop70,Oracle-Alignment,89,1.0,0.0,1.0,,
crop70,Oracle-Alignment,90,1.0,0.0,1.0,,
crop70,Oracle-Alignment,91,0.9333333373069763,0.06666666269302368,0.0,,
crop70,Oracle-Alignment,92,0.9333333373069763,0.06666666269302368,0.0,,
crop70,Oracle-Alignment,93,1.0,0.0,1.0,,
crop70,Oracle-Alignment,94,1.0,0.0,1.0,,
crop70,Oracle-Alignment,95,1.0,0.0,1.0,,
crop70,Oracle-Alignment,96,1.0,0.0,1.0,,
crop70,Oracle-Alignment,97,0.9666666388511658,0.03333336114883423,0.0,,
crop70,Oracle-Alignment,98,1.0,0.0,1.0,,
crop70,Oracle-Alignment,99,1.0,0.0,1.0,,
crop70,Oracle-Alignment,100,1.0,0.0,1.0,,
crop70,Oracle-Alignment,101,0.9333333373069763,0.06666666269302368,0.0,,
crop70,Oracle-Alignment,102,1.0,0.0,1.0,,
crop70,Oracle-Alignment,103,1.0,0.0,1.0,,
crop70,Oracle-Alignment,104,1.0,0.0,1.0,,
crop70,Oracle-Alignment,105,1.0,0.0,1.0,,
crop70,Oracle-Alignment,106,1.0,0.0,1.0,,
crop70,Oracle-Alignment,107,1.0,0.0,1.0,,
crop70,Oracle-Alignment,108,0.9666666388511658,0.03333336114883423,0.0,,
crop70,Oracle-Alignment,109,1.0,0.0,1.0,,
crop70,Oracle-Alignment,110,0.9666666388511658,0.03333336114883423,0.0,,
crop70,Oracle-Alignment,111,1.0,0.0,1.0,,
crop70,Oracle-Alignment,112,1.0,0.0,1.0,,
crop70,Oracle-Alignment,113,1.0,0.0,1.0,,
crop70,Oracle-Alignment,114,1.0,0.0,1.0,,
crop70,Oracle-Alignment,115,0.9666666388511658,0.03333336114883423,0.0,,
crop70,Oracle-Alignment,116,1.0,0.0,1.0,,
crop70,Oracle-Alignment,117,1.0,0.0,1.0,,
crop70,Oracle-Alignment,118,0.9333333373069763,0.06666666269302368,0.0,,
crop70,Oracle-Alignment,119,0.9666666388511658,0.03333336114883423,0.0,,
crop70,Oracle-Alignment,120,0.9666666388511658,0.03333336114883423,0.0,,
crop70,Oracle-Alignment,121,1.0,0.0,1.0,,
crop70,Oracle-Alignment,122,1.0,0.0,1.0,,
crop70,Oracle-Alignment,123,0.9666666388511658,0.03333336114883423,0.0,,
crop70,Oracle-Alignment,124,1.0,0.0,1.0,,
crop70,Oracle-Alignment,125,1.0,0.0,1.0,,
crop70,Oracle-Alignment,126,1.0,0.0,1.0,,
crop70,Oracle-Alignment,127,1.0,0.0,1.0,,
crop70,Oracle-Alignment,128,1.0,0.0,1.0,,
crop70,Oracle-Alignment,129,1.0,0.0,1.0,,
crop70,Oracle-Alignment,130,1.0,0.0,1.0,,
crop70,Oracle-Alignment,131,0.9666666388511658,0.03333336114883423,0.0,,
crop70,Oracle-Alignment,132,1.0,0.0,1.0,,
crop70,Oracle-Alignment,133,1.0,0.0,1.0,,
crop70,Oracle-Alignment,134,1.0,0.0,1.0,,
crop70,Oracle-Alignment,135,1.0,0.0,1.0,,
crop70,Oracle-Alignment,136,1.0,0.0,1.0,,
crop70,Oracle-Alignment,137,1.0,0.0,1.0,,
crop70,Oracle-Alignment,138,1.0,0.0,1.0,,
crop70,Oracle-Alignment,139,1.0,0.0,1.0,,
crop70,Oracle-Alignment,140,0.9666666388511658,0.03333336114883423,0.0,,
crop70,Oracle-Alignment,141,1.0,0.0,1.0,,
crop70,Oracle-Alignment,142,1.0,0.0,1.0,,
crop70,Oracle-Alignment,143,0.9666666388511658,0.03333336114883423,0.0,,
crop70,DCSS,0,1.0,0.0,1.0,,
crop70,DCSS,1,1.0,0.0,1.0,,
crop70,DCSS,2,1.0,0.0,1.0,,
crop70,DCSS,3,1.0,0.0,1.0,,
crop70,DCSS,4,1.0,0.0,1.0,,
crop70,DCSS,5,1.0,0.0,1.0,,
crop70,DCSS,6,1.0,0.0,1.0,,
crop70,DCSS,7,0.9666666388511658,0.03333336114883423,0.0,,
crop70,DCSS,8,1.0,0.0,1.0,,
crop70,DCSS,9,1.0,0.0,1.0,,
crop70,DCSS,10,1.0,0.0,1.0,,
crop70,DCSS,11,0.9666666388511658,0.03333336114883423,0.0,,
crop70,DCSS,12,1.0,0.0,1.0,,
crop70,DCSS,13,1.0,0.0,1.0,,
crop70,DCSS,14,0.9666666388511658,0.03333336114883423,0.0,,
crop70,DCSS,15,1.0,0.0,1.0,,
crop70,DCSS,16,1.0,0.0,1.0,,
crop70,DCSS,17,1.0,0.0,1.0,,
crop70,DCSS,18,1.0,0.0,1.0,,
crop70,DCSS,19,1.0,0.0,1.0,,
crop70,DCSS,20,1.0,0.0,1.0,,
crop70,DCSS,21,1.0,0.0,1.0,,
crop70,DCSS,22,1.0,0.0,1.0,,
crop70,DCSS,23,1.0,0.0,1.0,,
crop70,DCSS,24,0.9666666388511658,0.03333336114883423,0.0,,
crop70,DCSS,25,1.0,0.0,1.0,,
crop70,DCSS,26,0.9666666388511658,0.03333336114883423,0.0,,
crop70,DCSS,27,1.0,0.0,1.0,,
crop70,DCSS,28,1.0,0.0,1.0,,
crop70,DCSS,29,0.9666666388511658,0.03333336114883423,0.0,,
crop70,DCSS,30,1.0,0.0,1.0,,
crop70,DCSS,31,1.0,0.0,1.0,,
crop70,DCSS,32,1.0,0.0,1.0,,
crop70,DCSS,33,1.0,0.0,1.0,,
crop70,DCSS,34,1.0,0.0,1.0,,
crop70,DCSS,35,1.0,0.0,1.0,,
crop70,DCSS,36,1.0,0.0,1.0,,
crop70,DCSS,37,0.9666666388511658,0.03333336114883423,0.0,,
crop70,DCSS,38,1.0,0.0,1.0,,
crop70,DCSS,39,1.0,0.0,1.0,,
crop70,DCSS,40,0.9666666388511658,0.03333336114883423,0.0,,
crop70,DCSS,41,1.0,0.0,1.0,,
crop70,DCSS,42,1.0,0.0,1.0,,
crop70,DCSS,43,1.0,0.0,1.0,,
crop70,DCSS,44,1.0,0.0,1.0,,
crop70,DCSS,45,1.0,0.0,1.0,,
crop70,DCSS,46,1.0,0.0,1.0,,
crop70,DCSS,47,1.0,0.0,1.0,,
crop70,DCSS,48,1.0,0.0,1.0,,
crop70,DCSS,49,1.0,0.0,1.0,,
crop70,DCSS,50,1.0,0.0,1.0,,
crop70,DCSS,51,1.0,0.0,1.0,,
crop70,DCSS,52,1.0,0.0,1.0,,
crop70,DCSS,53,1.0,0.0,1.0,,
crop70,DCSS,54,1.0,0.0,1.0,,
crop70,DCSS,55,1.0,0.0,1.0,,
crop70,DCSS,56,1.0,0.0,1.0,,
crop70,DCSS,57,1.0,0.0,1.0,,
crop70,DCSS,58,1.0,0.0,1.0,,
crop70,DCSS,59,1.0,0.0,1.0,,
crop70,DCSS,60,1.0,0.0,1.0,,
crop70,DCSS,61,1.0,0.0,1.0,,
crop70,DCSS,62,1.0,0.0,1.0,,
crop70,DCSS,63,1.0,0.0,1.0,,
crop70,DCSS,64,1.0,0.0,1.0,,
crop70,DCSS,65,1.0,0.0,1.0,,
crop70,DCSS,66,0.9666666388511658,0.03333336114883423,0.0,,
crop70,DCSS,67,1.0,0.0,1.0,,
crop70,DCSS,68,1.0,0.0,1.0,,
crop70,DCSS,69,1.0,0.0,1.0,,
crop70,DCSS,70,1.0,0.0,1.0,,
crop70,DCSS,71,1.0,0.0,1.0,,
crop70,DCSS,72,1.0,0.0,1.0,,
crop70,DCSS,73,1.0,0.0,1.0,,
crop70,DCSS,74,1.0,0.0,1.0,,
crop70,DCSS,75,1.0,0.0,1.0,,
crop70,DCSS,76,1.0,0.0,1.0,,
crop70,DCSS,77,1.0,0.0,1.0,,
crop70,DCSS,78,1.0,0.0,1.0,,
crop70,DCSS,79,1.0,0.0,1.0,,
crop70,DCSS,80,1.0,0.0,1.0,,
crop70,DCSS,81,1.0,0.0,1.0,,
crop70,DCSS,82,1.0,0.0,1.0,,
crop70,DCSS,83,1.0,0.0,1.0,,
crop70,DCSS,84,1.0,0.0,1.0,,
crop70,DCSS,85,1.0,0.0,1.0,,
crop70,DCSS,86,1.0,0.0,1.0,,
crop70,DCSS,87,0.9333333373069763,0.06666666269302368,0.0,,
crop70,DCSS,88,1.0,0.0,1.0,,
crop70,DCSS,89,1.0,0.0,1.0,,
crop70,DCSS,90,1.0,0.0,1.0,,
crop70,DCSS,91,1.0,0.0,1.0,,
crop70,DCSS,92,0.9333333373069763,0.06666666269302368,0.0,,
crop70,DCSS,93,1.0,0.0,1.0,,
crop70,DCSS,94,1.0,0.0,1.0,,
crop70,DCSS,95,1.0,0.0,1.0,,
crop70,DCSS,96,1.0,0.0,1.0,,
crop70,DCSS,97,1.0,0.0,1.0,,
crop70,DCSS,98,0.9666666388511658,0.03333336114883423,0.0,,
crop70,DCSS,99,1.0,0.0,1.0,,
crop70,DCSS,100,1.0,0.0,1.0,,
crop70,DCSS,101,0.9333333373069763,0.06666666269302368,0.0,,
crop70,DCSS,102,1.0,0.0,1.0,,
crop70,DCSS,103,1.0,0.0,1.0,,
crop70,DCSS,104,1.0,0.0,1.0,,
crop70,DCSS,105,1.0,0.0,1.0,,
crop70,DCSS,106,1.0,0.0,1.0,,
crop70,DCSS,107,1.0,0.0,1.0,,
crop70,DCSS,108,0.9666666388511658,0.03333336114883423,0.0,,
crop70,DCSS,109,1.0,0.0,1.0,,
crop70,DCSS,110,0.9333333373069763,0.06666666269302368,0.0,,
crop70,DCSS,111,1.0,0.0,1.0,,
crop70,DCSS,112,1.0,0.0,1.0,,
crop70,DCSS,113,1.0,0.0,1.0,,
crop70,DCSS,114,1.0,0.0,1.0,,
crop70,DCSS,115,0.9666666388511658,0.03333336114883423,0.0,,
crop70,DCSS,116,1.0,0.0,1.0,,
crop70,DCSS,117,1.0,0.0,1.0,,
crop70,DCSS,118,0.8999999761581421,0.10000002384185791,0.0,,
crop70,DCSS,119,0.9666666388511658,0.03333336114883423,0.0,,
crop70,DCSS,120,1.0,0.0,1.0,,
crop70,DCSS,121,1.0,0.0,1.0,,
crop70,DCSS,122,1.0,0.0,1.0,,
crop70,DCSS,123,0.9666666388511658,0.03333336114883423,0.0,,
crop70,DCSS,124,1.0,0.0,1.0,,
crop70,DCSS,125,1.0,0.0,1.0,,
crop70,DCSS,126,1.0,0.0,1.0,,
crop70,DCSS,127,1.0,0.0,1.0,,
crop70,DCSS,128,1.0,0.0,1.0,,
crop70,DCSS,129,1.0,0.0,1.0,,
crop70,DCSS,130,1.0,0.0,1.0,,
crop70,DCSS,131,1.0,0.0,1.0,,
crop70,DCSS,132,1.0,0.0,1.0,,
crop70,DCSS,133,1.0,0.0,1.0,,
crop70,DCSS,134,1.0,0.0,1.0,,
crop70,DCSS,135,1.0,0.0,1.0,,
crop70,DCSS,136,1.0,0.0,1.0,,
crop70,DCSS,137,1.0,0.0,1.0,,
crop70,DCSS,138,1.0,0.0,1.0,,
crop70,DCSS,139,1.0,0.0,1.0,,
crop70,DCSS,140,0.9666666388511658,0.03333336114883423,0.0,,
crop70,DCSS,141,1.0,0.0,1.0,,
crop70,DCSS,142,1.0,0.0,1.0,,
crop70,DCSS,143,0.9666666388511658,0.03333336114883423,0.0,,
crop70,DCSS-FT,0,1.0,0.0,1.0,,
crop70,DCSS-FT,1,1.0,0.0,1.0,,
crop70,DCSS-FT,2,1.0,0.0,1.0,,
crop70,DCSS-FT,3,1.0,0.0,1.0,,
crop70,DCSS-FT,4,1.0,0.0,1.0,,
crop70,DCSS-FT,5,1.0,0.0,1.0,,
crop70,DCSS-FT,6,1.0,0.0,1.0,,
crop70,DCSS-FT,7,0.9666666388511658,0.03333336114883423,0.0,,
crop70,DCSS-FT,8,1.0,0.0,1.0,,
crop70,DCSS-FT,9,1.0,0.0,1.0,,
crop70,DCSS-FT,10,1.0,0.0,1.0,,
crop70,DCSS-FT,11,1.0,0.0,1.0,,
crop70,DCSS-FT,12,1.0,0.0,1.0,,
crop70,DCSS-FT,13,1.0,0.0,1.0,,
crop70,DCSS-FT,14,0.9666666388511658,0.03333336114883423,0.0,,
crop70,DCSS-FT,15,1.0,0.0,1.0,,
crop70,DCSS-FT,16,1.0,0.0,1.0,,
crop70,DCSS-FT,17,1.0,0.0,1.0,,
crop70,DCSS-FT,18,1.0,0.0,1.0,,
crop70,DCSS-FT,19,1.0,0.0,1.0,,
crop70,DCSS-FT,20,1.0,0.0,1.0,,
crop70,DCSS-FT,21,1.0,0.0,1.0,,
crop70,DCSS-FT,22,1.0,0.0,1.0,,
crop70,DCSS-FT,23,1.0,0.0,1.0,,
crop70,DCSS-FT,24,1.0,0.0,1.0,,
crop70,DCSS-FT,25,0.9666666388511658,0.03333336114883423,0.0,,
crop70,DCSS-FT,26,1.0,0.0,1.0,,
crop70,DCSS-FT,27,1.0,0.0,1.0,,
crop70,DCSS-FT,28,1.0,0.0,1.0,,
crop70,DCSS-FT,29,1.0,0.0,1.0,,
crop70,DCSS-FT,30,1.0,0.0,1.0,,
crop70,DCSS-FT,31,1.0,0.0,1.0,,
crop70,DCSS-FT,32,1.0,0.0,1.0,,
crop70,DCSS-FT,33,1.0,0.0,1.0,,
crop70,DCSS-FT,34,1.0,0.0,1.0,,
crop70,DCSS-FT,35,1.0,0.0,1.0,,
crop70,DCSS-FT,36,1.0,0.0,1.0,,
crop70,DCSS-FT,37,0.9666666388511658,0.03333336114883423,0.0,,
crop70,DCSS-FT,38,1.0,0.0,1.0,,
crop70,DCSS-FT,39,1.0,0.0,1.0,,
crop70,DCSS-FT,40,0.9333333373069763,0.06666666269302368,0.0,,
crop70,DCSS-FT,41,1.0,0.0,1.0,,
crop70,DCSS-FT,42,1.0,0.0,1.0,,
crop70,DCSS-FT,43,1.0,0.0,1.0,,
crop70,DCSS-FT,44,1.0,0.0,1.0,,
crop70,DCSS-FT,45,1.0,0.0,1.0,,
crop70,DCSS-FT,46,1.0,0.0,1.0,,
crop70,DCSS-FT,47,1.0,0.0,1.0,,
crop70,DCSS-FT,48,1.0,0.0,1.0,,
crop70,DCSS-FT,49,0.9666666388511658,0.03333336114883423,0.0,,
crop70,DCSS-FT,50,1.0,0.0,1.0,,
crop70,DCSS-FT,51,1.0,0.0,1.0,,
crop70,DCSS-FT,52,1.0,0.0,1.0,,
crop70,DCSS-FT,53,1.0,0.0,1.0,,
crop70,DCSS-FT,54,1.0,0.0,1.0,,
crop70,DCSS-FT,55,1.0,0.0,1.0,,
crop70,DCSS-FT,56,1.0,0.0,1.0,,
crop70,DCSS-FT,57,1.0,0.0,1.0,,
crop70,DCSS-FT,58,1.0,0.0,1.0,,
crop70,DCSS-FT,59,1.0,0.0,1.0,,
crop70,DCSS-FT,60,1.0,0.0,1.0,,
crop70,DCSS-FT,61,1.0,0.0,1.0,,
crop70,DCSS-FT,62,1.0,0.0,1.0,,
crop70,DCSS-FT,63,1.0,0.0,1.0,,
crop70,DCSS-FT,64,1.0,0.0,1.0,,
crop70,DCSS-FT,65,1.0,0.0,1.0,,
crop70,DCSS-FT,66,0.9666666388511658,0.03333336114883423,0.0,,
crop70,DCSS-FT,67,0.9666666388511658,0.03333336114883423,0.0,,
crop70,DCSS-FT,68,0.9666666388511658,0.03333336114883423,0.0,,
crop70,DCSS-FT,69,1.0,0.0,1.0,,
crop70,DCSS-FT,70,1.0,0.0,1.0,,
crop70,DCSS-FT,71,1.0,0.0,1.0,,
crop70,DCSS-FT,72,1.0,0.0,1.0,,
crop70,DCSS-FT,73,1.0,0.0,1.0,,
crop70,DCSS-FT,74,1.0,0.0,1.0,,
crop70,DCSS-FT,75,1.0,0.0,1.0,,
crop70,DCSS-FT,76,1.0,0.0,1.0,,
crop70,DCSS-FT,77,1.0,0.0,1.0,,
crop70,DCSS-FT,78,1.0,0.0,1.0,,
crop70,DCSS-FT,79,1.0,0.0,1.0,,
crop70,DCSS-FT,80,1.0,0.0,1.0,,
crop70,DCSS-FT,81,1.0,0.0,1.0,,
crop70,DCSS-FT,82,1.0,0.0,1.0,,
crop70,DCSS-FT,83,1.0,0.0,1.0,,
crop70,DCSS-FT,84,1.0,0.0,1.0,,
crop70,DCSS-FT,85,1.0,0.0,1.0,,
crop70,DCSS-FT,86,1.0,0.0,1.0,,
crop70,DCSS-FT,87,0.9333333373069763,0.06666666269302368,0.0,,
crop70,DCSS-FT,88,1.0,0.0,1.0,,
crop70,DCSS-FT,89,0.9666666388511658,0.03333336114883423,0.0,,
crop70,DCSS-FT,90,1.0,0.0,1.0,,
crop70,DCSS-FT,91,1.0,0.0,1.0,,
crop70,DCSS-FT,92,1.0,0.0,1.0,,
crop70,DCSS-FT,93,1.0,0.0,1.0,,
crop70,DCSS-FT,94,1.0,0.0,1.0,,
crop70,DCSS-FT,95,1.0,0.0,1.0,,
crop70,DCSS-FT,96,1.0,0.0,1.0,,
crop70,DCSS-FT,97,0.9666666388511658,0.03333336114883423,0.0,,
crop70,DCSS-FT,98,0.9666666388511658,0.03333336114883423,0.0,,
crop70,DCSS-FT,99,1.0,0.0,1.0,,
crop70,DCSS-FT,100,1.0,0.0,1.0,,
crop70,DCSS-FT,101,0.9333333373069763,0.06666666269302368,0.0,,
crop70,DCSS-FT,102,1.0,0.0,1.0,,
crop70,DCSS-FT,103,1.0,0.0,1.0,,
crop70,DCSS-FT,104,1.0,0.0,1.0,,
crop70,DCSS-FT,105,1.0,0.0,1.0,,
crop70,DCSS-FT,106,1.0,0.0,1.0,,
crop70,DCSS-FT,107,1.0,0.0,1.0,,
crop70,DCSS-FT,108,0.9666666388511658,0.03333336114883423,0.0,,
crop70,DCSS-FT,109,1.0,0.0,1.0,,
crop70,DCSS-FT,110,1.0,0.0,1.0,,
crop70,DCSS-FT,111,1.0,0.0,1.0,,
crop70,DCSS-FT,112,1.0,0.0,1.0,,
crop70,DCSS-FT,113,1.0,0.0,1.0,,
crop70,DCSS-FT,114,1.0,0.0,1.0,,
crop70,DCSS-FT,115,0.9666666388511658,0.03333336114883423,0.0,,
crop70,DCSS-FT,116,1.0,0.0,1.0,,
crop70,DCSS-FT,117,1.0,0.0,1.0,,
crop70,DCSS-FT,118,0.8999999761581421,0.10000002384185791,0.0,,
crop70,DCSS-FT,119,0.9666666388511658,0.03333336114883423,0.0,,
crop70,DCSS-FT,120,1.0,0.0,1.0,,
crop70,DCSS-FT,121,1.0,0.0,1.0,,
crop70,DCSS-FT,122,1.0,0.0,1.0,,
crop70,DCSS-FT,123,0.9333333373069763,0.06666666269302368,0.0,,
crop70,DCSS-FT,124,1.0,0.0,1.0,,
crop70,DCSS-FT,125,1.0,0.0,1.0,,
crop70,DCSS-FT,126,1.0,0.0,1.0,,
crop70,DCSS-FT,127,1.0,0.0,1.0,,
crop70,DCSS-FT,128,1.0,0.0,1.0,,
crop70,DCSS-FT,129,1.0,0.0,1.0,,
crop70,DCSS-FT,130,1.0,0.0,1.0,,
crop70,DCSS-FT,131,1.0,0.0,1.0,,
crop70,DCSS-FT,132,1.0,0.0,1.0,,
crop70,DCSS-FT,133,1.0,0.0,1.0,,
crop70,DCSS-FT,134,1.0,0.0,1.0,,
crop70,DCSS-FT,135,0.9666666388511658,0.03333336114883423,0.0,,
crop70,DCSS-FT,136,1.0,0.0,1.0,,
crop70,DCSS-FT,137,1.0,0.0,1.0,,
crop70,DCSS-FT,138,1.0,0.0,1.0,,
crop70,DCSS-FT,139,1.0,0.0,1.0,,
crop70,DCSS-FT,140,0.9666666388511658,0.03333336114883423,0.0,,
crop70,DCSS-FT,141,1.0,0.0,1.0,,
crop70,DCSS-FT,142,1.0,0.0,1.0,,
crop70,DCSS-FT,143,0.9333333373069763,0.06666666269302368,0.0,,
crop70,R-DCSS,0,1.0,0.0,1.0,,1.0
crop70,R-DCSS,1,1.0,0.0,1.0,,1.0
crop70,R-DCSS,2,1.0,0.0,1.0,,1.0
crop70,R-DCSS,3,1.0,0.0,1.0,,1.0
crop70,R-DCSS,4,1.0,0.0,1.0,,1.0
crop70,R-DCSS,5,1.0,0.0,1.0,,1.0
crop70,R-DCSS,6,1.0,0.0,1.0,,1.0
crop70,R-DCSS,7,0.9666666388511658,0.03333336114883423,0.0,,1.0
crop70,R-DCSS,8,1.0,0.0,1.0,,1.0
crop70,R-DCSS,9,1.0,0.0,1.0,,1.0
crop70,R-DCSS,10,1.0,0.0,1.0,,1.0
crop70,R-DCSS,11,0.9666666388511658,0.03333336114883423,0.0,,1.0
crop70,R-DCSS,12,1.0,0.0,1.0,,1.0
crop70,R-DCSS,13,1.0,0.0,1.0,,1.0
crop70,R-DCSS,14,0.9666666388511658,0.03333336114883423,0.0,,1.0
crop70,R-DCSS,15,1.0,0.0,1.0,,1.0
crop70,R-DCSS,16,1.0,0.0,1.0,,1.0
crop70,R-DCSS,17,1.0,0.0,1.0,,1.0
crop70,R-DCSS,18,1.0,0.0,1.0,,1.0
crop70,R-DCSS,19,1.0,0.0,1.0,,1.0
crop70,R-DCSS,20,1.0,0.0,1.0,,1.0
crop70,R-DCSS,21,1.0,0.0,1.0,,1.0
crop70,R-DCSS,22,1.0,0.0,1.0,,1.0
crop70,R-DCSS,23,1.0,0.0,1.0,,1.0
crop70,R-DCSS,24,0.9666666388511658,0.03333336114883423,0.0,,1.0
crop70,R-DCSS,25,1.0,0.0,1.0,,1.0
crop70,R-DCSS,26,0.9666666388511658,0.03333336114883423,0.0,,1.0
crop70,R-DCSS,27,1.0,0.0,1.0,,1.0
crop70,R-DCSS,28,1.0,0.0,1.0,,1.0
crop70,R-DCSS,29,0.9666666388511658,0.03333336114883423,0.0,,1.0
crop70,R-DCSS,30,1.0,0.0,1.0,,1.0
crop70,R-DCSS,31,1.0,0.0,1.0,,1.0
crop70,R-DCSS,32,1.0,0.0,1.0,,1.0
crop70,R-DCSS,33,1.0,0.0,1.0,,1.0
crop70,R-DCSS,34,1.0,0.0,1.0,,1.0
crop70,R-DCSS,35,1.0,0.0,1.0,,1.0
crop70,R-DCSS,36,1.0,0.0,1.0,,1.0
crop70,R-DCSS,37,0.9666666388511658,0.03333336114883423,0.0,,1.0
crop70,R-DCSS,38,1.0,0.0,1.0,,1.0
crop70,R-DCSS,39,1.0,0.0,1.0,,1.0
crop70,R-DCSS,40,0.9666666388511658,0.03333336114883423,0.0,,1.0
crop70,R-DCSS,41,1.0,0.0,1.0,,1.0
crop70,R-DCSS,42,1.0,0.0,1.0,,1.0
crop70,R-DCSS,43,1.0,0.0,1.0,,1.0
crop70,R-DCSS,44,1.0,0.0,1.0,,1.0
crop70,R-DCSS,45,1.0,0.0,1.0,,1.0
crop70,R-DCSS,46,1.0,0.0,1.0,,1.0
crop70,R-DCSS,47,1.0,0.0,1.0,,1.0
crop70,R-DCSS,48,1.0,0.0,1.0,,1.0
crop70,R-DCSS,49,1.0,0.0,1.0,,1.0
crop70,R-DCSS,50,1.0,0.0,1.0,,1.0
crop70,R-DCSS,51,1.0,0.0,1.0,,1.0
crop70,R-DCSS,52,1.0,0.0,1.0,,1.0
crop70,R-DCSS,53,1.0,0.0,1.0,,1.0
crop70,R-DCSS,54,1.0,0.0,1.0,,1.0
crop70,R-DCSS,55,1.0,0.0,1.0,,1.0
crop70,R-DCSS,56,1.0,0.0,1.0,,1.0
crop70,R-DCSS,57,1.0,0.0,1.0,,1.0
crop70,R-DCSS,58,1.0,0.0,1.0,,1.0
crop70,R-DCSS,59,1.0,0.0,1.0,,1.0
crop70,R-DCSS,60,1.0,0.0,1.0,,1.0
crop70,R-DCSS,61,1.0,0.0,1.0,,1.0
crop70,R-DCSS,62,1.0,0.0,1.0,,1.0
crop70,R-DCSS,63,1.0,0.0,1.0,,1.0
crop70,R-DCSS,64,1.0,0.0,1.0,,1.0
crop70,R-DCSS,65,1.0,0.0,1.0,,1.0
crop70,R-DCSS,66,0.9666666388511658,0.03333336114883423,0.0,,1.0
crop70,R-DCSS,67,1.0,0.0,1.0,,1.0
crop70,R-DCSS,68,1.0,0.0,1.0,,1.0
crop70,R-DCSS,69,1.0,0.0,1.0,,1.0
crop70,R-DCSS,70,1.0,0.0,1.0,,1.0
crop70,R-DCSS,71,1.0,0.0,1.0,,1.0
crop70,R-DCSS,72,1.0,0.0,1.0,,1.0
crop70,R-DCSS,73,1.0,0.0,1.0,,1.0
crop70,R-DCSS,74,1.0,0.0,1.0,,1.0
crop70,R-DCSS,75,1.0,0.0,1.0,,1.0
crop70,R-DCSS,76,1.0,0.0,1.0,,1.0
crop70,R-DCSS,77,1.0,0.0,1.0,,1.0
crop70,R-DCSS,78,1.0,0.0,1.0,,1.0
crop70,R-DCSS,79,1.0,0.0,1.0,,1.0
crop70,R-DCSS,80,1.0,0.0,1.0,,1.0
crop70,R-DCSS,81,1.0,0.0,1.0,,1.0
crop70,R-DCSS,82,1.0,0.0,1.0,,1.0
crop70,R-DCSS,83,1.0,0.0,1.0,,1.0
crop70,R-DCSS,84,1.0,0.0,1.0,,1.0
crop70,R-DCSS,85,1.0,0.0,1.0,,1.0
crop70,R-DCSS,86,1.0,0.0,1.0,,1.0
crop70,R-DCSS,87,0.9333333373069763,0.06666666269302368,0.0,,1.0
crop70,R-DCSS,88,1.0,0.0,1.0,,1.0
crop70,R-DCSS,89,1.0,0.0,1.0,,1.0
crop70,R-DCSS,90,1.0,0.0,1.0,,1.0
crop70,R-DCSS,91,1.0,0.0,1.0,,1.0
crop70,R-DCSS,92,0.9333333373069763,0.06666666269302368,0.0,,1.0
crop70,R-DCSS,93,1.0,0.0,1.0,,1.0
crop70,R-DCSS,94,1.0,0.0,1.0,,1.0
crop70,R-DCSS,95,1.0,0.0,1.0,,1.0
crop70,R-DCSS,96,1.0,0.0,1.0,,1.0
crop70,R-DCSS,97,1.0,0.0,1.0,,1.0
crop70,R-DCSS,98,0.9666666388511658,0.03333336114883423,0.0,,1.0
crop70,R-DCSS,99,1.0,0.0,1.0,,1.0
crop70,R-DCSS,100,1.0,0.0,1.0,,1.0
crop70,R-DCSS,101,0.9333333373069763,0.06666666269302368,0.0,,1.0
crop70,R-DCSS,102,1.0,0.0,1.0,,1.0
crop70,R-DCSS,103,1.0,0.0,1.0,,1.0
crop70,R-DCSS,104,1.0,0.0,1.0,,1.0
crop70,R-DCSS,105,1.0,0.0,1.0,,1.0
crop70,R-DCSS,106,1.0,0.0,1.0,,1.0
crop70,R-DCSS,107,1.0,0.0,1.0,,1.0
crop70,R-DCSS,108,0.9666666388511658,0.03333336114883423,0.0,,1.0
crop70,R-DCSS,109,1.0,0.0,1.0,,1.0
crop70,R-DCSS,110,0.9333333373069763,0.06666666269302368,0.0,,1.0
crop70,R-DCSS,111,1.0,0.0,1.0,,1.0
crop70,R-DCSS,112,1.0,0.0,1.0,,1.0
crop70,R-DCSS,113,1.0,0.0,1.0,,1.0
crop70,R-DCSS,114,1.0,0.0,1.0,,1.0
crop70,R-DCSS,115,0.9666666388511658,0.03333336114883423,0.0,,1.0
crop70,R-DCSS,116,1.0,0.0,1.0,,1.0
crop70,R-DCSS,117,1.0,0.0,1.0,,1.0
crop70,R-DCSS,118,0.8999999761581421,0.10000002384185791,0.0,,1.0
crop70,R-DCSS,119,0.9666666388511658,0.03333336114883423,0.0,,1.0
crop70,R-DCSS,120,1.0,0.0,1.0,,1.0
crop70,R-DCSS,121,1.0,0.0,1.0,,1.0
crop70,R-DCSS,122,1.0,0.0,1.0,,1.0
crop70,R-DCSS,123,0.9666666388511658,0.03333336114883423,0.0,,1.0
crop70,R-DCSS,124,1.0,0.0,1.0,,1.0
crop70,R-DCSS,125,1.0,0.0,1.0,,1.0
crop70,R-DCSS,126,1.0,0.0,1.0,,1.0
crop70,R-DCSS,127,1.0,0.0,1.0,,1.0
crop70,R-DCSS,128,1.0,0.0,1.0,,1.0
crop70,R-DCSS,129,1.0,0.0,1.0,,1.0
crop70,R-DCSS,130,1.0,0.0,1.0,,1.0
crop70,R-DCSS,131,1.0,0.0,1.0,,1.0
crop70,R-DCSS,132,1.0,0.0,1.0,,1.0
crop70,R-DCSS,133,1.0,0.0,1.0,,1.0
crop70,R-DCSS,134,1.0,0.0,1.0,,1.0
crop70,R-DCSS,135,1.0,0.0,1.0,,1.0
crop70,R-DCSS,136,1.0,0.0,1.0,,1.0
crop70,R-DCSS,137,1.0,0.0,1.0,,1.0
crop70,R-DCSS,138,1.0,0.0,1.0,,1.0
crop70,R-DCSS,139,1.0,0.0,1.0,,1.0
crop70,R-DCSS,140,0.9666666388511658,0.03333336114883423,0.0,,1.0
crop70,R-DCSS,141,1.0,0.0,1.0,,1.0
crop70,R-DCSS,142,1.0,0.0,1.0,,1.0
crop70,R-DCSS,143,0.9666666388511658,0.03333336114883423,0.0,,1.0
crop50,PIMoG-Original,0,0.5333333611488342,0.46666663885116577,0.0,,
crop50,PIMoG-Original,1,0.5333333611488342,0.46666663885116577,0.0,,
crop50,PIMoG-Original,2,0.6333333253860474,0.36666667461395264,0.0,,
crop50,PIMoG-Original,3,0.46666666865348816,0.5333333313465118,0.0,,
crop50,PIMoG-Original,4,0.6000000238418579,0.3999999761581421,0.0,,
crop50,PIMoG-Original,5,0.5,0.5,0.0,,
crop50,PIMoG-Original,6,0.46666666865348816,0.5333333313465118,0.0,,
crop50,PIMoG-Original,7,0.4000000059604645,0.5999999940395355,0.0,,
crop50,PIMoG-Original,8,0.46666666865348816,0.5333333313465118,0.0,,
crop50,PIMoG-Original,9,0.5666666626930237,0.4333333373069763,0.0,,
crop50,PIMoG-Original,10,0.6666666865348816,0.3333333134651184,0.0,,
crop50,PIMoG-Original,11,0.5333333611488342,0.46666663885116577,0.0,,
crop50,PIMoG-Original,12,0.6000000238418579,0.3999999761581421,0.0,,
crop50,PIMoG-Original,13,0.5,0.5,0.0,,
crop50,PIMoG-Original,14,0.6000000238418579,0.3999999761581421,0.0,,
crop50,PIMoG-Original,15,0.5,0.5,0.0,,
crop50,PIMoG-Original,16,0.5666666626930237,0.4333333373069763,0.0,,
crop50,PIMoG-Original,17,0.4000000059604645,0.5999999940395355,0.0,,
crop50,PIMoG-Original,18,0.5333333611488342,0.46666663885116577,0.0,,
crop50,PIMoG-Original,19,0.5333333611488342,0.46666663885116577,0.0,,
crop50,PIMoG-Original,20,0.46666666865348816,0.5333333313465118,0.0,,
crop50,PIMoG-Original,21,0.6333333253860474,0.36666667461395264,0.0,,
crop50,PIMoG-Original,22,0.5666666626930237,0.4333333373069763,0.0,,
crop50,PIMoG-Original,23,0.46666666865348816,0.5333333313465118,0.0,,
crop50,PIMoG-Original,24,0.46666666865348816,0.5333333313465118,0.0,,
crop50,PIMoG-Original,25,0.4000000059604645,0.5999999940395355,0.0,,
crop50,PIMoG-Original,26,0.5666666626930237,0.4333333373069763,0.0,,
crop50,PIMoG-Original,27,0.5333333611488342,0.46666663885116577,0.0,,
crop50,PIMoG-Original,28,0.7333333492279053,0.2666666507720947,0.0,,
crop50,PIMoG-Original,29,0.3333333432674408,0.6666666567325592,0.0,,
crop50,PIMoG-Original,30,0.5333333611488342,0.46666663885116577,0.0,,
crop50,PIMoG-Original,31,0.36666667461395264,0.6333333253860474,0.0,,
crop50,PIMoG-Original,32,0.5666666626930237,0.4333333373069763,0.0,,
crop50,PIMoG-Original,33,0.5333333611488342,0.46666663885116577,0.0,,
crop50,PIMoG-Original,34,0.46666666865348816,0.5333333313465118,0.0,,
crop50,PIMoG-Original,35,0.5666666626930237,0.4333333373069763,0.0,,
crop50,PIMoG-Original,36,0.5333333611488342,0.46666663885116577,0.0,,
crop50,PIMoG-Original,37,0.46666666865348816,0.5333333313465118,0.0,,
crop50,PIMoG-Original,38,0.46666666865348816,0.5333333313465118,0.0,,
crop50,PIMoG-Original,39,0.4333333373069763,0.5666666626930237,0.0,,
crop50,PIMoG-Original,40,0.4333333373069763,0.5666666626930237,0.0,,
crop50,PIMoG-Original,41,0.36666667461395264,0.6333333253860474,0.0,,
crop50,PIMoG-Original,42,0.7333333492279053,0.2666666507720947,0.0,,
crop50,PIMoG-Original,43,0.5666666626930237,0.4333333373069763,0.0,,
crop50,PIMoG-Original,44,0.5333333611488342,0.46666663885116577,0.0,,
crop50,PIMoG-Original,45,0.4000000059604645,0.5999999940395355,0.0,,
crop50,PIMoG-Original,46,0.46666666865348816,0.5333333313465118,0.0,,
crop50,PIMoG-Original,47,0.5666666626930237,0.4333333373069763,0.0,,
crop50,PIMoG-Original,48,0.46666666865348816,0.5333333313465118,0.0,,
crop50,PIMoG-Original,49,0.6000000238418579,0.3999999761581421,0.0,,
crop50,PIMoG-Original,50,0.4333333373069763,0.5666666626930237,0.0,,
crop50,PIMoG-Original,51,0.5,0.5,0.0,,
crop50,PIMoG-Original,52,0.5666666626930237,0.4333333373069763,0.0,,
crop50,PIMoG-Original,53,0.46666666865348816,0.5333333313465118,0.0,,
crop50,PIMoG-Original,54,0.36666667461395264,0.6333333253860474,0.0,,
crop50,PIMoG-Original,55,0.4000000059604645,0.5999999940395355,0.0,,
crop50,PIMoG-Original,56,0.4333333373069763,0.5666666626930237,0.0,,
crop50,PIMoG-Original,57,0.5666666626930237,0.4333333373069763,0.0,,
crop50,PIMoG-Original,58,0.5333333611488342,0.46666663885116577,0.0,,
crop50,PIMoG-Original,59,0.5,0.5,0.0,,
crop50,PIMoG-Original,60,0.46666666865348816,0.5333333313465118,0.0,,
crop50,PIMoG-Original,61,0.4333333373069763,0.5666666626930237,0.0,,
crop50,PIMoG-Original,62,0.46666666865348816,0.5333333313465118,0.0,,
crop50,PIMoG-Original,63,0.6333333253860474,0.36666667461395264,0.0,,
crop50,PIMoG-Original,64,0.46666666865348816,0.5333333313465118,0.0,,
crop50,PIMoG-Original,65,0.46666666865348816,0.5333333313465118,0.0,,
crop50,PIMoG-Original,66,0.36666667461395264,0.6333333253860474,0.0,,
crop50,PIMoG-Original,67,0.36666667461395264,0.6333333253860474,0.0,,
crop50,PIMoG-Original,68,0.5333333611488342,0.46666663885116577,0.0,,
crop50,PIMoG-Original,69,0.5333333611488342,0.46666663885116577,0.0,,
crop50,PIMoG-Original,70,0.5666666626930237,0.4333333373069763,0.0,,
crop50,PIMoG-Original,71,0.5666666626930237,0.4333333373069763,0.0,,
crop50,PIMoG-Original,72,0.36666667461395264,0.6333333253860474,0.0,,
crop50,PIMoG-Original,73,0.4333333373069763,0.5666666626930237,0.0,,
crop50,PIMoG-Original,74,0.4333333373069763,0.5666666626930237,0.0,,
crop50,PIMoG-Original,75,0.3333333432674408,0.6666666567325592,0.0,,
crop50,PIMoG-Original,76,0.5,0.5,0.0,,
crop50,PIMoG-Original,77,0.5333333611488342,0.46666663885116577,0.0,,
crop50,PIMoG-Original,78,0.36666667461395264,0.6333333253860474,0.0,,
crop50,PIMoG-Original,79,0.4333333373069763,0.5666666626930237,0.0,,
crop50,PIMoG-Original,80,0.4000000059604645,0.5999999940395355,0.0,,
crop50,PIMoG-Original,81,0.4000000059604645,0.5999999940395355,0.0,,
crop50,PIMoG-Original,82,0.5,0.5,0.0,,
crop50,PIMoG-Original,83,0.3333333432674408,0.6666666567325592,0.0,,
crop50,PIMoG-Original,84,0.4333333373069763,0.5666666626930237,0.0,,
crop50,PIMoG-Original,85,0.46666666865348816,0.5333333313465118,0.0,,
crop50,PIMoG-Original,86,0.6666666865348816,0.3333333134651184,0.0,,
crop50,PIMoG-Original,87,0.6666666865348816,0.3333333134651184,0.0,,
crop50,PIMoG-Original,88,0.46666666865348816,0.5333333313465118,0.0,,
crop50,PIMoG-Original,89,0.46666666865348816,0.5333333313465118,0.0,,
crop50,PIMoG-Original,90,0.4333333373069763,0.5666666626930237,0.0,,
crop50,PIMoG-Original,91,0.5333333611488342,0.46666663885116577,0.0,,
crop50,PIMoG-Original,92,0.5333333611488342,0.46666663885116577,0.0,,
crop50,PIMoG-Original,93,0.46666666865348816,0.5333333313465118,0.0,,
crop50,PIMoG-Original,94,0.36666667461395264,0.6333333253860474,0.0,,
crop50,PIMoG-Original,95,0.5666666626930237,0.4333333373069763,0.0,,
crop50,PIMoG-Original,96,0.4333333373069763,0.5666666626930237,0.0,,
crop50,PIMoG-Original,97,0.36666667461395264,0.6333333253860474,0.0,,
crop50,PIMoG-Original,98,0.4333333373069763,0.5666666626930237,0.0,,
crop50,PIMoG-Original,99,0.6666666865348816,0.3333333134651184,0.0,,
crop50,PIMoG-Original,100,0.3333333432674408,0.6666666567325592,0.0,,
crop50,PIMoG-Original,101,0.4333333373069763,0.5666666626930237,0.0,,
crop50,PIMoG-Original,102,0.46666666865348816,0.5333333313465118,0.0,,
crop50,PIMoG-Original,103,0.46666666865348816,0.5333333313465118,0.0,,
crop50,PIMoG-Original,104,0.4333333373069763,0.5666666626930237,0.0,,
crop50,PIMoG-Original,105,0.46666666865348816,0.5333333313465118,0.0,,
crop50,PIMoG-Original,106,0.5333333611488342,0.46666663885116577,0.0,,
crop50,PIMoG-Original,107,0.6333333253860474,0.36666667461395264,0.0,,
crop50,PIMoG-Original,108,0.6000000238418579,0.3999999761581421,0.0,,
crop50,PIMoG-Original,109,0.5666666626930237,0.4333333373069763,0.0,,
crop50,PIMoG-Original,110,0.5333333611488342,0.46666663885116577,0.0,,
crop50,PIMoG-Original,111,0.5,0.5,0.0,,
crop50,PIMoG-Original,112,0.5,0.5,0.0,,
crop50,PIMoG-Original,113,0.46666666865348816,0.5333333313465118,0.0,,
crop50,PIMoG-Original,114,0.5333333611488342,0.46666663885116577,0.0,,
crop50,PIMoG-Original,115,0.46666666865348816,0.5333333313465118,0.0,,
crop50,PIMoG-Original,116,0.5333333611488342,0.46666663885116577,0.0,,
crop50,PIMoG-Original,117,0.5333333611488342,0.46666663885116577,0.0,,
crop50,PIMoG-Original,118,0.2666666805744171,0.7333333194255829,0.0,,
crop50,PIMoG-Original,119,0.4000000059604645,0.5999999940395355,0.0,,
crop50,PIMoG-Original,120,0.6000000238418579,0.3999999761581421,0.0,,
crop50,PIMoG-Original,121,0.5333333611488342,0.46666663885116577,0.0,,
crop50,PIMoG-Original,122,0.4000000059604645,0.5999999940395355,0.0,,
crop50,PIMoG-Original,123,0.46666666865348816,0.5333333313465118,0.0,,
crop50,PIMoG-Original,124,0.5,0.5,0.0,,
crop50,PIMoG-Original,125,0.6666666865348816,0.3333333134651184,0.0,,
crop50,PIMoG-Original,126,0.4333333373069763,0.5666666626930237,0.0,,
crop50,PIMoG-Original,127,0.5,0.5,0.0,,
crop50,PIMoG-Original,128,0.5333333611488342,0.46666663885116577,0.0,,
crop50,PIMoG-Original,129,0.5,0.5,0.0,,
crop50,PIMoG-Original,130,0.5,0.5,0.0,,
crop50,PIMoG-Original,131,0.4333333373069763,0.5666666626930237,0.0,,
crop50,PIMoG-Original,132,0.6000000238418579,0.3999999761581421,0.0,,
crop50,PIMoG-Original,133,0.46666666865348816,0.5333333313465118,0.0,,
crop50,PIMoG-Original,134,0.4333333373069763,0.5666666626930237,0.0,,
crop50,PIMoG-Original,135,0.4333333373069763,0.5666666626930237,0.0,,
crop50,PIMoG-Original,136,0.36666667461395264,0.6333333253860474,0.0,,
crop50,PIMoG-Original,137,0.4000000059604645,0.5999999940395355,0.0,,
crop50,PIMoG-Original,138,0.46666666865348816,0.5333333313465118,0.0,,
crop50,PIMoG-Original,139,0.6000000238418579,0.3999999761581421,0.0,,
crop50,PIMoG-Original,140,0.46666666865348816,0.5333333313465118,0.0,,
crop50,PIMoG-Original,141,0.5333333611488342,0.46666663885116577,0.0,,
crop50,PIMoG-Original,142,0.6000000238418579,0.3999999761581421,0.0,,
crop50,PIMoG-Original,143,0.5,0.5,0.0,,
crop50,Coarse-Prior,0,1.0,0.0,1.0,,
crop50,Coarse-Prior,1,0.9666666388511658,0.03333336114883423,0.0,,
crop50,Coarse-Prior,2,0.9666666388511658,0.03333336114883423,0.0,,
crop50,Coarse-Prior,3,0.9333333373069763,0.06666666269302368,0.0,,
crop50,Coarse-Prior,4,0.36666667461395264,0.6333333253860474,0.0,,
crop50,Coarse-Prior,5,0.9666666388511658,0.03333336114883423,0.0,,
crop50,Coarse-Prior,6,0.9333333373069763,0.06666666269302368,0.0,,
crop50,Coarse-Prior,7,0.800000011920929,0.19999998807907104,0.0,,
crop50,Coarse-Prior,8,0.6333333253860474,0.36666667461395264,0.0,,
crop50,Coarse-Prior,9,0.3333333432674408,0.6666666567325592,0.0,,
crop50,Coarse-Prior,10,0.2666666805744171,0.7333333194255829,0.0,,
crop50,Coarse-Prior,11,0.6333333253860474,0.36666667461395264,0.0,,
crop50,Coarse-Prior,12,0.8999999761581421,0.10000002384185791,0.0,,
crop50,Coarse-Prior,13,0.8666666746139526,0.13333332538604736,0.0,,
crop50,Coarse-Prior,14,0.8999999761581421,0.10000002384185791,0.0,,
crop50,Coarse-Prior,15,0.8999999761581421,0.10000002384185791,0.0,,
crop50,Coarse-Prior,16,0.9666666388511658,0.03333336114883423,0.0,,
crop50,Coarse-Prior,17,0.9333333373069763,0.06666666269302368,0.0,,
crop50,Coarse-Prior,18,0.8999999761581421,0.10000002384185791,0.0,,
crop50,Coarse-Prior,19,0.9666666388511658,0.03333336114883423,0.0,,
crop50,Coarse-Prior,20,1.0,0.0,1.0,,
crop50,Coarse-Prior,21,0.9666666388511658,0.03333336114883423,0.0,,
crop50,Coarse-Prior,22,1.0,0.0,1.0,,
crop50,Coarse-Prior,23,0.699999988079071,0.30000001192092896,0.0,,
crop50,Coarse-Prior,24,0.9333333373069763,0.06666666269302368,0.0,,
crop50,Coarse-Prior,25,0.8666666746139526,0.13333332538604736,0.0,,
crop50,Coarse-Prior,26,0.3333333432674408,0.6666666567325592,0.0,,
crop50,Coarse-Prior,27,0.7666666507720947,0.23333334922790527,0.0,,
crop50,Coarse-Prior,28,0.8999999761581421,0.10000002384185791,0.0,,
crop50,Coarse-Prior,29,0.6000000238418579,0.3999999761581421,0.0,,
crop50,Coarse-Prior,30,0.9333333373069763,0.06666666269302368,0.0,,
crop50,Coarse-Prior,31,0.8999999761581421,0.10000002384185791,0.0,,
crop50,Coarse-Prior,32,0.9666666388511658,0.03333336114883423,0.0,,
crop50,Coarse-Prior,33,1.0,0.0,1.0,,
crop50,Coarse-Prior,34,0.5333333611488342,0.46666663885116577,0.0,,
crop50,Coarse-Prior,35,0.36666667461395264,0.6333333253860474,0.0,,
crop50,Coarse-Prior,36,0.8666666746139526,0.13333332538604736,0.0,,
crop50,Coarse-Prior,37,0.8999999761581421,0.10000002384185791,0.0,,
crop50,Coarse-Prior,38,0.5,0.5,0.0,,
crop50,Coarse-Prior,39,0.800000011920929,0.19999998807907104,0.0,,
crop50,Coarse-Prior,40,0.7666666507720947,0.23333334922790527,0.0,,
crop50,Coarse-Prior,41,0.6666666865348816,0.3333333134651184,0.0,,
crop50,Coarse-Prior,42,0.2666666805744171,0.7333333194255829,0.0,,
crop50,Coarse-Prior,43,0.9666666388511658,0.03333336114883423,0.0,,
crop50,Coarse-Prior,44,0.800000011920929,0.19999998807907104,0.0,,
crop50,Coarse-Prior,45,0.9666666388511658,0.03333336114883423,0.0,,
crop50,Coarse-Prior,46,0.9333333373069763,0.06666666269302368,0.0,,
crop50,Coarse-Prior,47,1.0,0.0,1.0,,
crop50,Coarse-Prior,48,1.0,0.0,1.0,,
crop50,Coarse-Prior,49,0.8333333134651184,0.1666666865348816,0.0,,
crop50,Coarse-Prior,50,1.0,0.0,1.0,,
crop50,Coarse-Prior,51,0.7666666507720947,0.23333334922790527,0.0,,
crop50,Coarse-Prior,52,0.7333333492279053,0.2666666507720947,0.0,,
crop50,Coarse-Prior,53,1.0,0.0,1.0,,
crop50,Coarse-Prior,54,0.5,0.5,0.0,,
crop50,Coarse-Prior,55,0.23333333432674408,0.7666666656732559,0.0,,
crop50,Coarse-Prior,56,0.8666666746139526,0.13333332538604736,0.0,,
crop50,Coarse-Prior,57,0.9333333373069763,0.06666666269302368,0.0,,
crop50,Coarse-Prior,58,0.9333333373069763,0.06666666269302368,0.0,,
crop50,Coarse-Prior,59,0.9666666388511658,0.03333336114883423,0.0,,
crop50,Coarse-Prior,60,0.6333333253860474,0.36666667461395264,0.0,,
crop50,Coarse-Prior,61,1.0,0.0,1.0,,
crop50,Coarse-Prior,62,0.9666666388511658,0.03333336114883423,0.0,,
crop50,Coarse-Prior,63,0.9333333373069763,0.06666666269302368,0.0,,
crop50,Coarse-Prior,64,0.9666666388511658,0.03333336114883423,0.0,,
crop50,Coarse-Prior,65,0.36666667461395264,0.6333333253860474,0.0,,
crop50,Coarse-Prior,66,0.8999999761581421,0.10000002384185791,0.0,,
crop50,Coarse-Prior,67,0.8666666746139526,0.13333332538604736,0.0,,
crop50,Coarse-Prior,68,0.7666666507720947,0.23333334922790527,0.0,,
crop50,Coarse-Prior,69,0.9666666388511658,0.03333336114883423,0.0,,
crop50,Coarse-Prior,70,1.0,0.0,1.0,,
crop50,Coarse-Prior,71,0.9666666388511658,0.03333336114883423,0.0,,
crop50,Coarse-Prior,72,0.9333333373069763,0.06666666269302368,0.0,,
crop50,Coarse-Prior,73,1.0,0.0,1.0,,
crop50,Coarse-Prior,74,1.0,0.0,1.0,,
crop50,Coarse-Prior,75,0.7333333492279053,0.2666666507720947,0.0,,
crop50,Coarse-Prior,76,1.0,0.0,1.0,,
crop50,Coarse-Prior,77,1.0,0.0,1.0,,
crop50,Coarse-Prior,78,0.8666666746139526,0.13333332538604736,0.0,,
crop50,Coarse-Prior,79,0.8666666746139526,0.13333332538604736,0.0,,
crop50,Coarse-Prior,80,0.8333333134651184,0.1666666865348816,0.0,,
crop50,Coarse-Prior,81,0.699999988079071,0.30000001192092896,0.0,,
crop50,Coarse-Prior,82,0.800000011920929,0.19999998807907104,0.0,,
crop50,Coarse-Prior,83,0.9666666388511658,0.03333336114883423,0.0,,
crop50,Coarse-Prior,84,0.9666666388511658,0.03333336114883423,0.0,,
crop50,Coarse-Prior,85,0.9666666388511658,0.03333336114883423,0.0,,
crop50,Coarse-Prior,86,0.800000011920929,0.19999998807907104,0.0,,
crop50,Coarse-Prior,87,0.8666666746139526,0.13333332538604736,0.0,,
crop50,Coarse-Prior,88,0.9666666388511658,0.03333336114883423,0.0,,
crop50,Coarse-Prior,89,0.800000011920929,0.19999998807907104,0.0,,
crop50,Coarse-Prior,90,0.800000011920929,0.19999998807907104,0.0,,
crop50,Coarse-Prior,91,0.6000000238418579,0.3999999761581421,0.0,,
crop50,Coarse-Prior,92,1.0,0.0,1.0,,
crop50,Coarse-Prior,93,0.9666666388511658,0.03333336114883423,0.0,,
crop50,Coarse-Prior,94,0.9666666388511658,0.03333336114883423,0.0,,
crop50,Coarse-Prior,95,0.8999999761581421,0.10000002384185791,0.0,,
crop50,Coarse-Prior,96,0.9666666388511658,0.03333336114883423,0.0,,
crop50,Coarse-Prior,97,0.8999999761581421,0.10000002384185791,0.0,,
crop50,Coarse-Prior,98,0.8999999761581421,0.10000002384185791,0.0,,
crop50,Coarse-Prior,99,0.8333333134651184,0.1666666865348816,0.0,,
crop50,Coarse-Prior,100,0.9666666388511658,0.03333336114883423,0.0,,
crop50,Coarse-Prior,101,0.8666666746139526,0.13333332538604736,0.0,,
crop50,Coarse-Prior,102,0.7666666507720947,0.23333334922790527,0.0,,
crop50,Coarse-Prior,103,1.0,0.0,1.0,,
crop50,Coarse-Prior,104,0.8999999761581421,0.10000002384185791,0.0,,
crop50,Coarse-Prior,105,0.8666666746139526,0.13333332538604736,0.0,,
crop50,Coarse-Prior,106,0.9666666388511658,0.03333336114883423,0.0,,
crop50,Coarse-Prior,107,0.5,0.5,0.0,,
crop50,Coarse-Prior,108,0.7333333492279053,0.2666666507720947,0.0,,
crop50,Coarse-Prior,109,0.8333333134651184,0.1666666865348816,0.0,,
crop50,Coarse-Prior,110,0.800000011920929,0.19999998807907104,0.0,,
crop50,Coarse-Prior,111,0.9333333373069763,0.06666666269302368,0.0,,
crop50,Coarse-Prior,112,0.9666666388511658,0.03333336114883423,0.0,,
crop50,Coarse-Prior,113,0.800000011920929,0.19999998807907104,0.0,,
crop50,Coarse-Prior,114,0.9333333373069763,0.06666666269302368,0.0,,
crop50,Coarse-Prior,115,0.8999999761581421,0.10000002384185791,0.0,,
crop50,Coarse-Prior,116,0.9666666388511658,0.03333336114883423,0.0,,
crop50,Coarse-Prior,117,0.8333333134651184,0.1666666865348816,0.0,,
crop50,Coarse-Prior,118,0.8333333134651184,0.1666666865348816,0.0,,
crop50,Coarse-Prior,119,0.7333333492279053,0.2666666507720947,0.0,,
crop50,Coarse-Prior,120,0.8666666746139526,0.13333332538604736,0.0,,
crop50,Coarse-Prior,121,0.9666666388511658,0.03333336114883423,0.0,,
crop50,Coarse-Prior,122,0.6666666865348816,0.3333333134651184,0.0,,
crop50,Coarse-Prior,123,1.0,0.0,1.0,,
crop50,Coarse-Prior,124,1.0,0.0,1.0,,
crop50,Coarse-Prior,125,0.9666666388511658,0.03333336114883423,0.0,,
crop50,Coarse-Prior,126,0.9666666388511658,0.03333336114883423,0.0,,
crop50,Coarse-Prior,127,0.9666666388511658,0.03333336114883423,0.0,,
crop50,Coarse-Prior,128,0.9333333373069763,0.06666666269302368,0.0,,
crop50,Coarse-Prior,129,0.8999999761581421,0.10000002384185791,0.0,,
crop50,Coarse-Prior,130,0.9666666388511658,0.03333336114883423,0.0,,
crop50,Coarse-Prior,131,0.6333333253860474,0.36666667461395264,0.0,,
crop50,Coarse-Prior,132,0.9333333373069763,0.06666666269302368,0.0,,
crop50,Coarse-Prior,133,0.9666666388511658,0.03333336114883423,0.0,,
crop50,Coarse-Prior,134,1.0,0.0,1.0,,
crop50,Coarse-Prior,135,0.9333333373069763,0.06666666269302368,0.0,,
crop50,Coarse-Prior,136,0.8666666746139526,0.13333332538604736,0.0,,
crop50,Coarse-Prior,137,0.9666666388511658,0.03333336114883423,0.0,,
crop50,Coarse-Prior,138,1.0,0.0,1.0,,
crop50,Coarse-Prior,139,0.9666666388511658,0.03333336114883423,0.0,,
crop50,Coarse-Prior,140,0.8666666746139526,0.13333332538604736,0.0,,
crop50,Coarse-Prior,141,0.20000000298023224,0.7999999970197678,0.0,,
crop50,Coarse-Prior,142,0.9666666388511658,0.03333336114883423,0.0,,
crop50,Coarse-Prior,143,0.9333333373069763,0.06666666269302368,0.0,,
crop50,Multi-View-Average,0,0.8666666746139526,0.13333332538604736,0.0,,
crop50,Multi-View-Average,1,0.9666666388511658,0.03333336114883423,0.0,,
crop50,Multi-View-Average,2,0.8666666746139526,0.13333332538604736,0.0,,
crop50,Multi-View-Average,3,0.8666666746139526,0.13333332538604736,0.0,,
crop50,Multi-View-Average,4,0.4333333373069763,0.5666666626930237,0.0,,
crop50,Multi-View-Average,5,0.9666666388511658,0.03333336114883423,0.0,,
crop50,Multi-View-Average,6,0.8999999761581421,0.10000002384185791,0.0,,
crop50,Multi-View-Average,7,0.8333333134651184,0.1666666865348816,0.0,,
crop50,Multi-View-Average,8,0.699999988079071,0.30000001192092896,0.0,,
crop50,Multi-View-Average,9,0.36666667461395264,0.6333333253860474,0.0,,
crop50,Multi-View-Average,10,0.46666666865348816,0.5333333313465118,0.0,,
crop50,Multi-View-Average,11,0.699999988079071,0.30000001192092896,0.0,,
crop50,Multi-View-Average,12,0.9333333373069763,0.06666666269302368,0.0,,
crop50,Multi-View-Average,13,0.8999999761581421,0.10000002384185791,0.0,,
crop50,Multi-View-Average,14,0.8999999761581421,0.10000002384185791,0.0,,
crop50,Multi-View-Average,15,0.8666666746139526,0.13333332538604736,0.0,,
crop50,Multi-View-Average,16,0.9333333373069763,0.06666666269302368,0.0,,
crop50,Multi-View-Average,17,0.9333333373069763,0.06666666269302368,0.0,,
crop50,Multi-View-Average,18,0.8666666746139526,0.13333332538604736,0.0,,
crop50,Multi-View-Average,19,0.9666666388511658,0.03333336114883423,0.0,,
crop50,Multi-View-Average,20,1.0,0.0,1.0,,
crop50,Multi-View-Average,21,0.9666666388511658,0.03333336114883423,0.0,,
crop50,Multi-View-Average,22,0.9666666388511658,0.03333336114883423,0.0,,
crop50,Multi-View-Average,23,0.699999988079071,0.30000001192092896,0.0,,
crop50,Multi-View-Average,24,0.8333333134651184,0.1666666865348816,0.0,,
crop50,Multi-View-Average,25,0.800000011920929,0.19999998807907104,0.0,,
crop50,Multi-View-Average,26,0.36666667461395264,0.6333333253860474,0.0,,
crop50,Multi-View-Average,27,0.699999988079071,0.30000001192092896,0.0,,
crop50,Multi-View-Average,28,0.8666666746139526,0.13333332538604736,0.0,,
crop50,Multi-View-Average,29,0.6666666865348816,0.3333333134651184,0.0,,
crop50,Multi-View-Average,30,0.8666666746139526,0.13333332538604736,0.0,,
crop50,Multi-View-Average,31,0.8333333134651184,0.1666666865348816,0.0,,
crop50,Multi-View-Average,32,0.9666666388511658,0.03333336114883423,0.0,,
crop50,Multi-View-Average,33,1.0,0.0,1.0,,
crop50,Multi-View-Average,34,0.6333333253860474,0.36666667461395264,0.0,,
crop50,Multi-View-Average,35,0.3333333432674408,0.6666666567325592,0.0,,
crop50,Multi-View-Average,36,0.8666666746139526,0.13333332538604736,0.0,,
crop50,Multi-View-Average,37,0.8999999761581421,0.10000002384185791,0.0,,
crop50,Multi-View-Average,38,0.5333333611488342,0.46666663885116577,0.0,,
crop50,Multi-View-Average,39,0.800000011920929,0.19999998807907104,0.0,,
crop50,Multi-View-Average,40,0.8333333134651184,0.1666666865348816,0.0,,
crop50,Multi-View-Average,41,0.7333333492279053,0.2666666507720947,0.0,,
crop50,Multi-View-Average,42,0.36666667461395264,0.6333333253860474,0.0,,
crop50,Multi-View-Average,43,0.9666666388511658,0.03333336114883423,0.0,,
crop50,Multi-View-Average,44,0.7666666507720947,0.23333334922790527,0.0,,
crop50,Multi-View-Average,45,0.9666666388511658,0.03333336114883423,0.0,,
crop50,Multi-View-Average,46,0.8333333134651184,0.1666666865348816,0.0,,
crop50,Multi-View-Average,47,0.9666666388511658,0.03333336114883423,0.0,,
crop50,Multi-View-Average,48,0.9333333373069763,0.06666666269302368,0.0,,
crop50,Multi-View-Average,49,0.800000011920929,0.19999998807907104,0.0,,
crop50,Multi-View-Average,50,1.0,0.0,1.0,,
crop50,Multi-View-Average,51,0.699999988079071,0.30000001192092896,0.0,,
crop50,Multi-View-Average,52,0.7333333492279053,0.2666666507720947,0.0,,
crop50,Multi-View-Average,53,0.9666666388511658,0.03333336114883423,0.0,,
crop50,Multi-View-Average,54,0.6000000238418579,0.3999999761581421,0.0,,
crop50,Multi-View-Average,55,0.36666667461395264,0.6333333253860474,0.0,,
crop50,Multi-View-Average,56,0.7666666507720947,0.23333334922790527,0.0,,
crop50,Multi-View-Average,57,0.8999999761581421,0.10000002384185791,0.0,,
crop50,Multi-View-Average,58,0.8999999761581421,0.10000002384185791,0.0,,
crop50,Multi-View-Average,59,0.9666666388511658,0.03333336114883423,0.0,,
crop50,Multi-View-Average,60,0.5666666626930237,0.4333333373069763,0.0,,
crop50,Multi-View-Average,61,0.9333333373069763,0.06666666269302368,0.0,,
crop50,Multi-View-Average,62,0.9666666388511658,0.03333336114883423,0.0,,
crop50,Multi-View-Average,63,0.9333333373069763,0.06666666269302368,0.0,,
crop50,Multi-View-Average,64,1.0,0.0,1.0,,
crop50,Multi-View-Average,65,0.5,0.5,0.0,,
crop50,Multi-View-Average,66,0.8999999761581421,0.10000002384185791,0.0,,
crop50,Multi-View-Average,67,0.800000011920929,0.19999998807907104,0.0,,
crop50,Multi-View-Average,68,0.7333333492279053,0.2666666507720947,0.0,,
crop50,Multi-View-Average,69,1.0,0.0,1.0,,
crop50,Multi-View-Average,70,1.0,0.0,1.0,,
crop50,Multi-View-Average,71,1.0,0.0,1.0,,
crop50,Multi-View-Average,72,0.9333333373069763,0.06666666269302368,0.0,,
crop50,Multi-View-Average,73,1.0,0.0,1.0,,
crop50,Multi-View-Average,74,1.0,0.0,1.0,,
crop50,Multi-View-Average,75,0.699999988079071,0.30000001192092896,0.0,,
crop50,Multi-View-Average,76,0.9666666388511658,0.03333336114883423,0.0,,
crop50,Multi-View-Average,77,1.0,0.0,1.0,,
crop50,Multi-View-Average,78,0.8999999761581421,0.10000002384185791,0.0,,
crop50,Multi-View-Average,79,0.8333333134651184,0.1666666865348816,0.0,,
crop50,Multi-View-Average,80,0.7666666507720947,0.23333334922790527,0.0,,
crop50,Multi-View-Average,81,0.6666666865348816,0.3333333134651184,0.0,,
crop50,Multi-View-Average,82,0.8333333134651184,0.1666666865348816,0.0,,
crop50,Multi-View-Average,83,0.8333333134651184,0.1666666865348816,0.0,,
crop50,Multi-View-Average,84,0.9333333373069763,0.06666666269302368,0.0,,
crop50,Multi-View-Average,85,0.9333333373069763,0.06666666269302368,0.0,,
crop50,Multi-View-Average,86,0.800000011920929,0.19999998807907104,0.0,,
crop50,Multi-View-Average,87,0.8999999761581421,0.10000002384185791,0.0,,
crop50,Multi-View-Average,88,0.9333333373069763,0.06666666269302368,0.0,,
crop50,Multi-View-Average,89,0.8333333134651184,0.1666666865348816,0.0,,
crop50,Multi-View-Average,90,0.699999988079071,0.30000001192092896,0.0,,
crop50,Multi-View-Average,91,0.6333333253860474,0.36666667461395264,0.0,,
crop50,Multi-View-Average,92,0.9666666388511658,0.03333336114883423,0.0,,
crop50,Multi-View-Average,93,0.9666666388511658,0.03333336114883423,0.0,,
crop50,Multi-View-Average,94,0.9333333373069763,0.06666666269302368,0.0,,
crop50,Multi-View-Average,95,0.8333333134651184,0.1666666865348816,0.0,,
crop50,Multi-View-Average,96,0.9333333373069763,0.06666666269302368,0.0,,
crop50,Multi-View-Average,97,0.9666666388511658,0.03333336114883423,0.0,,
crop50,Multi-View-Average,98,0.8666666746139526,0.13333332538604736,0.0,,
crop50,Multi-View-Average,99,0.800000011920929,0.19999998807907104,0.0,,
crop50,Multi-View-Average,100,0.9333333373069763,0.06666666269302368,0.0,,
crop50,Multi-View-Average,101,0.8666666746139526,0.13333332538604736,0.0,,
crop50,Multi-View-Average,102,0.800000011920929,0.19999998807907104,0.0,,
crop50,Multi-View-Average,103,1.0,0.0,1.0,,
crop50,Multi-View-Average,104,0.8999999761581421,0.10000002384185791,0.0,,
crop50,Multi-View-Average,105,0.8666666746139526,0.13333332538604736,0.0,,
crop50,Multi-View-Average,106,0.9333333373069763,0.06666666269302368,0.0,,
crop50,Multi-View-Average,107,0.5333333611488342,0.46666663885116577,0.0,,
crop50,Multi-View-Average,108,0.800000011920929,0.19999998807907104,0.0,,
crop50,Multi-View-Average,109,0.8333333134651184,0.1666666865348816,0.0,,
crop50,Multi-View-Average,110,0.800000011920929,0.19999998807907104,0.0,,
crop50,Multi-View-Average,111,0.8999999761581421,0.10000002384185791,0.0,,
crop50,Multi-View-Average,112,0.9333333373069763,0.06666666269302368,0.0,,
crop50,Multi-View-Average,113,0.800000011920929,0.19999998807907104,0.0,,
crop50,Multi-View-Average,114,0.9333333373069763,0.06666666269302368,0.0,,
crop50,Multi-View-Average,115,0.9333333373069763,0.06666666269302368,0.0,,
crop50,Multi-View-Average,116,0.9666666388511658,0.03333336114883423,0.0,,
crop50,Multi-View-Average,117,0.8666666746139526,0.13333332538604736,0.0,,
crop50,Multi-View-Average,118,0.7333333492279053,0.2666666507720947,0.0,,
crop50,Multi-View-Average,119,0.699999988079071,0.30000001192092896,0.0,,
crop50,Multi-View-Average,120,0.9333333373069763,0.06666666269302368,0.0,,
crop50,Multi-View-Average,121,0.9666666388511658,0.03333336114883423,0.0,,
crop50,Multi-View-Average,122,0.7333333492279053,0.2666666507720947,0.0,,
crop50,Multi-View-Average,123,1.0,0.0,1.0,,
crop50,Multi-View-Average,124,1.0,0.0,1.0,,
crop50,Multi-View-Average,125,0.9333333373069763,0.06666666269302368,0.0,,
crop50,Multi-View-Average,126,0.9666666388511658,0.03333336114883423,0.0,,
crop50,Multi-View-Average,127,0.9666666388511658,0.03333336114883423,0.0,,
crop50,Multi-View-Average,128,0.9333333373069763,0.06666666269302368,0.0,,
crop50,Multi-View-Average,129,0.8999999761581421,0.10000002384185791,0.0,,
crop50,Multi-View-Average,130,0.9333333373069763,0.06666666269302368,0.0,,
crop50,Multi-View-Average,131,0.7333333492279053,0.2666666507720947,0.0,,
crop50,Multi-View-Average,132,0.8999999761581421,0.10000002384185791,0.0,,
crop50,Multi-View-Average,133,0.9333333373069763,0.06666666269302368,0.0,,
crop50,Multi-View-Average,134,0.9666666388511658,0.03333336114883423,0.0,,
crop50,Multi-View-Average,135,0.8333333134651184,0.1666666865348816,0.0,,
crop50,Multi-View-Average,136,0.8999999761581421,0.10000002384185791,0.0,,
crop50,Multi-View-Average,137,0.9666666388511658,0.03333336114883423,0.0,,
crop50,Multi-View-Average,138,0.9666666388511658,0.03333336114883423,0.0,,
crop50,Multi-View-Average,139,0.9333333373069763,0.06666666269302368,0.0,,
crop50,Multi-View-Average,140,0.8666666746139526,0.13333332538604736,0.0,,
crop50,Multi-View-Average,141,0.30000001192092896,0.699999988079071,0.0,,
crop50,Multi-View-Average,142,0.8666666746139526,0.13333332538604736,0.0,,
crop50,Multi-View-Average,143,0.8999999761581421,0.10000002384185791,0.0,,
crop50,Single-View-FT,0,1.0,0.0,1.0,,
crop50,Single-View-FT,1,0.9666666388511658,0.03333336114883423,0.0,,
crop50,Single-View-FT,2,0.9666666388511658,0.03333336114883423,0.0,,
crop50,Single-View-FT,3,0.9666666388511658,0.03333336114883423,0.0,,
crop50,Single-View-FT,4,0.30000001192092896,0.699999988079071,0.0,,
crop50,Single-View-FT,5,0.9333333373069763,0.06666666269302368,0.0,,
crop50,Single-View-FT,6,0.9333333373069763,0.06666666269302368,0.0,,
crop50,Single-View-FT,7,0.800000011920929,0.19999998807907104,0.0,,
crop50,Single-View-FT,8,0.6333333253860474,0.36666667461395264,0.0,,
crop50,Single-View-FT,9,0.4000000059604645,0.5999999940395355,0.0,,
crop50,Single-View-FT,10,0.36666667461395264,0.6333333253860474,0.0,,
crop50,Single-View-FT,11,0.6666666865348816,0.3333333134651184,0.0,,
crop50,Single-View-FT,12,0.9333333373069763,0.06666666269302368,0.0,,
crop50,Single-View-FT,13,0.8333333134651184,0.1666666865348816,0.0,,
crop50,Single-View-FT,14,0.8999999761581421,0.10000002384185791,0.0,,
crop50,Single-View-FT,15,0.9333333373069763,0.06666666269302368,0.0,,
crop50,Single-View-FT,16,0.9666666388511658,0.03333336114883423,0.0,,
crop50,Single-View-FT,17,0.9333333373069763,0.06666666269302368,0.0,,
crop50,Single-View-FT,18,0.9333333373069763,0.06666666269302368,0.0,,
crop50,Single-View-FT,19,0.9666666388511658,0.03333336114883423,0.0,,
crop50,Single-View-FT,20,1.0,0.0,1.0,,
crop50,Single-View-FT,21,0.9333333373069763,0.06666666269302368,0.0,,
crop50,Single-View-FT,22,1.0,0.0,1.0,,
crop50,Single-View-FT,23,0.699999988079071,0.30000001192092896,0.0,,
crop50,Single-View-FT,24,0.9333333373069763,0.06666666269302368,0.0,,
crop50,Single-View-FT,25,0.8666666746139526,0.13333332538604736,0.0,,
crop50,Single-View-FT,26,0.3333333432674408,0.6666666567325592,0.0,,
crop50,Single-View-FT,27,0.699999988079071,0.30000001192092896,0.0,,
crop50,Single-View-FT,28,0.8666666746139526,0.13333332538604736,0.0,,
crop50,Single-View-FT,29,0.6333333253860474,0.36666667461395264,0.0,,
crop50,Single-View-FT,30,0.9333333373069763,0.06666666269302368,0.0,,
crop50,Single-View-FT,31,0.9666666388511658,0.03333336114883423,0.0,,
crop50,Single-View-FT,32,0.9666666388511658,0.03333336114883423,0.0,,
crop50,Single-View-FT,33,1.0,0.0,1.0,,
crop50,Single-View-FT,34,0.46666666865348816,0.5333333313465118,0.0,,
crop50,Single-View-FT,35,0.2666666805744171,0.7333333194255829,0.0,,
crop50,Single-View-FT,36,0.8333333134651184,0.1666666865348816,0.0,,
crop50,Single-View-FT,37,0.8333333134651184,0.1666666865348816,0.0,,
crop50,Single-View-FT,38,0.4333333373069763,0.5666666626930237,0.0,,
crop50,Single-View-FT,39,0.8333333134651184,0.1666666865348816,0.0,,
crop50,Single-View-FT,40,0.7666666507720947,0.23333334922790527,0.0,,
crop50,Single-View-FT,41,0.7333333492279053,0.2666666507720947,0.0,,
crop50,Single-View-FT,42,0.23333333432674408,0.7666666656732559,0.0,,
crop50,Single-View-FT,43,0.9666666388511658,0.03333336114883423,0.0,,
crop50,Single-View-FT,44,0.800000011920929,0.19999998807907104,0.0,,
crop50,Single-View-FT,45,0.9333333373069763,0.06666666269302368,0.0,,
crop50,Single-View-FT,46,0.8999999761581421,0.10000002384185791,0.0,,
crop50,Single-View-FT,47,0.9666666388511658,0.03333336114883423,0.0,,
crop50,Single-View-FT,48,1.0,0.0,1.0,,
crop50,Single-View-FT,49,0.800000011920929,0.19999998807907104,0.0,,
crop50,Single-View-FT,50,1.0,0.0,1.0,,
crop50,Single-View-FT,51,0.7666666507720947,0.23333334922790527,0.0,,
crop50,Single-View-FT,52,0.7666666507720947,0.23333334922790527,0.0,,
crop50,Single-View-FT,53,1.0,0.0,1.0,,
crop50,Single-View-FT,54,0.5,0.5,0.0,,
crop50,Single-View-FT,55,0.23333333432674408,0.7666666656732559,0.0,,
crop50,Single-View-FT,56,0.8666666746139526,0.13333332538604736,0.0,,
crop50,Single-View-FT,57,0.9666666388511658,0.03333336114883423,0.0,,
crop50,Single-View-FT,58,0.8999999761581421,0.10000002384185791,0.0,,
crop50,Single-View-FT,59,1.0,0.0,1.0,,
crop50,Single-View-FT,60,0.5,0.5,0.0,,
crop50,Single-View-FT,61,1.0,0.0,1.0,,
crop50,Single-View-FT,62,0.9666666388511658,0.03333336114883423,0.0,,
crop50,Single-View-FT,63,0.9333333373069763,0.06666666269302368,0.0,,
crop50,Single-View-FT,64,1.0,0.0,1.0,,
crop50,Single-View-FT,65,0.4000000059604645,0.5999999940395355,0.0,,
crop50,Single-View-FT,66,0.8666666746139526,0.13333332538604736,0.0,,
crop50,Single-View-FT,67,0.8999999761581421,0.10000002384185791,0.0,,
crop50,Single-View-FT,68,0.7333333492279053,0.2666666507720947,0.0,,
crop50,Single-View-FT,69,0.9333333373069763,0.06666666269302368,0.0,,
crop50,Single-View-FT,70,1.0,0.0,1.0,,
crop50,Single-View-FT,71,0.9666666388511658,0.03333336114883423,0.0,,
crop50,Single-View-FT,72,0.9333333373069763,0.06666666269302368,0.0,,
crop50,Single-View-FT,73,1.0,0.0,1.0,,
crop50,Single-View-FT,74,1.0,0.0,1.0,,
crop50,Single-View-FT,75,0.699999988079071,0.30000001192092896,0.0,,
crop50,Single-View-FT,76,1.0,0.0,1.0,,
crop50,Single-View-FT,77,0.9666666388511658,0.03333336114883423,0.0,,
crop50,Single-View-FT,78,0.8666666746139526,0.13333332538604736,0.0,,
crop50,Single-View-FT,79,0.8666666746139526,0.13333332538604736,0.0,,
crop50,Single-View-FT,80,0.7666666507720947,0.23333334922790527,0.0,,
crop50,Single-View-FT,81,0.6333333253860474,0.36666667461395264,0.0,,
crop50,Single-View-FT,82,0.800000011920929,0.19999998807907104,0.0,,
crop50,Single-View-FT,83,0.9333333373069763,0.06666666269302368,0.0,,
crop50,Single-View-FT,84,0.9666666388511658,0.03333336114883423,0.0,,
crop50,Single-View-FT,85,0.9333333373069763,0.06666666269302368,0.0,,
crop50,Single-View-FT,86,0.800000011920929,0.19999998807907104,0.0,,
crop50,Single-View-FT,87,0.8666666746139526,0.13333332538604736,0.0,,
crop50,Single-View-FT,88,0.9666666388511658,0.03333336114883423,0.0,,
crop50,Single-View-FT,89,0.800000011920929,0.19999998807907104,0.0,,
crop50,Single-View-FT,90,0.8666666746139526,0.13333332538604736,0.0,,
crop50,Single-View-FT,91,0.6000000238418579,0.3999999761581421,0.0,,
crop50,Single-View-FT,92,1.0,0.0,1.0,,
crop50,Single-View-FT,93,1.0,0.0,1.0,,
crop50,Single-View-FT,94,0.9666666388511658,0.03333336114883423,0.0,,
crop50,Single-View-FT,95,0.8999999761581421,0.10000002384185791,0.0,,
crop50,Single-View-FT,96,0.9333333373069763,0.06666666269302368,0.0,,
crop50,Single-View-FT,97,0.9333333373069763,0.06666666269302368,0.0,,
crop50,Single-View-FT,98,0.9666666388511658,0.03333336114883423,0.0,,
crop50,Single-View-FT,99,0.8333333134651184,0.1666666865348816,0.0,,
crop50,Single-View-FT,100,1.0,0.0,1.0,,
crop50,Single-View-FT,101,0.9333333373069763,0.06666666269302368,0.0,,
crop50,Single-View-FT,102,0.8666666746139526,0.13333332538604736,0.0,,
crop50,Single-View-FT,103,1.0,0.0,1.0,,
crop50,Single-View-FT,104,0.9333333373069763,0.06666666269302368,0.0,,
crop50,Single-View-FT,105,0.8666666746139526,0.13333332538604736,0.0,,
crop50,Single-View-FT,106,0.9666666388511658,0.03333336114883423,0.0,,
crop50,Single-View-FT,107,0.4000000059604645,0.5999999940395355,0.0,,
crop50,Single-View-FT,108,0.800000011920929,0.19999998807907104,0.0,,
crop50,Single-View-FT,109,0.8999999761581421,0.10000002384185791,0.0,,
crop50,Single-View-FT,110,0.8999999761581421,0.10000002384185791,0.0,,
crop50,Single-View-FT,111,0.8999999761581421,0.10000002384185791,0.0,,
crop50,Single-View-FT,112,0.9333333373069763,0.06666666269302368,0.0,,
crop50,Single-View-FT,113,0.800000011920929,0.19999998807907104,0.0,,
crop50,Single-View-FT,114,0.9333333373069763,0.06666666269302368,0.0,,
crop50,Single-View-FT,115,0.8666666746139526,0.13333332538604736,0.0,,
crop50,Single-View-FT,116,0.9666666388511658,0.03333336114883423,0.0,,
crop50,Single-View-FT,117,0.800000011920929,0.19999998807907104,0.0,,
crop50,Single-View-FT,118,0.8333333134651184,0.1666666865348816,0.0,,
crop50,Single-View-FT,119,0.7333333492279053,0.2666666507720947,0.0,,
crop50,Single-View-FT,120,0.8999999761581421,0.10000002384185791,0.0,,
crop50,Single-View-FT,121,0.9666666388511658,0.03333336114883423,0.0,,
crop50,Single-View-FT,122,0.5333333611488342,0.46666663885116577,0.0,,
crop50,Single-View-FT,123,1.0,0.0,1.0,,
crop50,Single-View-FT,124,0.9666666388511658,0.03333336114883423,0.0,,
crop50,Single-View-FT,125,0.9666666388511658,0.03333336114883423,0.0,,
crop50,Single-View-FT,126,0.8999999761581421,0.10000002384185791,0.0,,
crop50,Single-View-FT,127,0.9666666388511658,0.03333336114883423,0.0,,
crop50,Single-View-FT,128,0.8999999761581421,0.10000002384185791,0.0,,
crop50,Single-View-FT,129,0.8999999761581421,0.10000002384185791,0.0,,
crop50,Single-View-FT,130,0.9666666388511658,0.03333336114883423,0.0,,
crop50,Single-View-FT,131,0.6666666865348816,0.3333333134651184,0.0,,
crop50,Single-View-FT,132,0.9333333373069763,0.06666666269302368,0.0,,
crop50,Single-View-FT,133,0.9666666388511658,0.03333336114883423,0.0,,
crop50,Single-View-FT,134,1.0,0.0,1.0,,
crop50,Single-View-FT,135,0.8333333134651184,0.1666666865348816,0.0,,
crop50,Single-View-FT,136,0.8333333134651184,0.1666666865348816,0.0,,
crop50,Single-View-FT,137,0.8999999761581421,0.10000002384185791,0.0,,
crop50,Single-View-FT,138,1.0,0.0,1.0,,
crop50,Single-View-FT,139,0.9666666388511658,0.03333336114883423,0.0,,
crop50,Single-View-FT,140,0.8666666746139526,0.13333332538604736,0.0,,
crop50,Single-View-FT,141,0.30000001192092896,0.699999988079071,0.0,,
crop50,Single-View-FT,142,0.9666666388511658,0.03333336114883423,0.0,,
crop50,Single-View-FT,143,0.9333333373069763,0.06666666269302368,0.0,,
crop50,PMFA,0,1.0,0.0,1.0,0.0,
crop50,PMFA,1,0.9666666388511658,0.03333336114883423,0.0,0.0,
crop50,PMFA,2,0.9333333373069763,0.06666666269302368,0.0,0.0,
crop50,PMFA,3,0.9666666388511658,0.03333336114883423,0.0,0.0,
crop50,PMFA,4,0.3333333432674408,0.6666666567325592,0.0,0.0,
crop50,PMFA,5,0.9666666388511658,0.03333336114883423,0.0,0.0,
crop50,PMFA,6,0.9333333373069763,0.06666666269302368,0.0,0.0,
crop50,PMFA,7,0.8333333134651184,0.1666666865348816,0.0,0.0,
crop50,PMFA,8,0.6333333253860474,0.36666667461395264,0.0,0.0,
crop50,PMFA,9,0.4000000059604645,0.5999999940395355,0.0,1.0,
crop50,PMFA,10,0.3333333432674408,0.6666666567325592,0.0,0.0,
crop50,PMFA,11,0.6666666865348816,0.3333333134651184,0.0,0.0,
crop50,PMFA,12,0.9333333373069763,0.06666666269302368,0.0,0.0,
crop50,PMFA,13,0.8333333134651184,0.1666666865348816,0.0,1.0,
crop50,PMFA,14,0.8666666746139526,0.13333332538604736,0.0,0.0,
crop50,PMFA,15,0.9333333373069763,0.06666666269302368,0.0,1.0,
crop50,PMFA,16,0.9666666388511658,0.03333336114883423,0.0,0.0,
crop50,PMFA,17,0.9333333373069763,0.06666666269302368,0.0,0.0,
crop50,PMFA,18,0.9333333373069763,0.06666666269302368,0.0,0.0,
crop50,PMFA,19,0.9666666388511658,0.03333336114883423,0.0,1.0,
crop50,PMFA,20,1.0,0.0,1.0,0.0,
crop50,PMFA,21,0.9666666388511658,0.03333336114883423,0.0,0.0,
crop50,PMFA,22,1.0,0.0,1.0,0.0,
crop50,PMFA,23,0.699999988079071,0.30000001192092896,0.0,0.0,
crop50,PMFA,24,0.8999999761581421,0.10000002384185791,0.0,0.0,
crop50,PMFA,25,0.8333333134651184,0.1666666865348816,0.0,0.0,
crop50,PMFA,26,0.3333333432674408,0.6666666567325592,0.0,1.0,
crop50,PMFA,27,0.699999988079071,0.30000001192092896,0.0,1.0,
crop50,PMFA,28,0.8666666746139526,0.13333332538604736,0.0,0.0,
crop50,PMFA,29,0.5666666626930237,0.4333333373069763,0.0,0.0,
crop50,PMFA,30,0.9333333373069763,0.06666666269302368,0.0,0.0,
crop50,PMFA,31,0.9666666388511658,0.03333336114883423,0.0,0.0,
crop50,PMFA,32,0.9666666388511658,0.03333336114883423,0.0,1.0,
crop50,PMFA,33,1.0,0.0,1.0,0.0,
crop50,PMFA,34,0.5,0.5,0.0,1.0,
crop50,PMFA,35,0.2666666805744171,0.7333333194255829,0.0,1.0,
crop50,PMFA,36,0.7666666507720947,0.23333334922790527,0.0,0.0,
crop50,PMFA,37,0.8333333134651184,0.1666666865348816,0.0,0.0,
crop50,PMFA,38,0.4333333373069763,0.5666666626930237,0.0,0.0,
crop50,PMFA,39,0.800000011920929,0.19999998807907104,0.0,0.0,
crop50,PMFA,40,0.7666666507720947,0.23333334922790527,0.0,0.0,
crop50,PMFA,41,0.7333333492279053,0.2666666507720947,0.0,0.0,
crop50,PMFA,42,0.23333333432674408,0.7666666656732559,0.0,0.0,
crop50,PMFA,43,0.9666666388511658,0.03333336114883423,0.0,0.0,
crop50,PMFA,44,0.7333333492279053,0.2666666507720947,0.0,0.0,
crop50,PMFA,45,0.9666666388511658,0.03333336114883423,0.0,0.0,
crop50,PMFA,46,0.8999999761581421,0.10000002384185791,0.0,0.0,
crop50,PMFA,47,0.9666666388511658,0.03333336114883423,0.0,0.0,
crop50,PMFA,48,1.0,0.0,1.0,0.0,
crop50,PMFA,49,0.8666666746139526,0.13333332538604736,0.0,1.0,
crop50,PMFA,50,1.0,0.0,1.0,1.0,
crop50,PMFA,51,0.7666666507720947,0.23333334922790527,0.0,0.0,
crop50,PMFA,52,0.7333333492279053,0.2666666507720947,0.0,0.0,
crop50,PMFA,53,1.0,0.0,1.0,0.0,
crop50,PMFA,54,0.5333333611488342,0.46666663885116577,0.0,0.0,
crop50,PMFA,55,0.23333333432674408,0.7666666656732559,0.0,0.0,
crop50,PMFA,56,0.8666666746139526,0.13333332538604736,0.0,0.0,
crop50,PMFA,57,0.9666666388511658,0.03333336114883423,0.0,0.0,
crop50,PMFA,58,0.8999999761581421,0.10000002384185791,0.0,1.0,
crop50,PMFA,59,1.0,0.0,1.0,0.0,
crop50,PMFA,60,0.5,0.5,0.0,1.0,
crop50,PMFA,61,1.0,0.0,1.0,0.0,
crop50,PMFA,62,0.9666666388511658,0.03333336114883423,0.0,0.0,
crop50,PMFA,63,0.9333333373069763,0.06666666269302368,0.0,0.0,
crop50,PMFA,64,1.0,0.0,1.0,0.0,
crop50,PMFA,65,0.4333333373069763,0.5666666626930237,0.0,0.0,
crop50,PMFA,66,0.8666666746139526,0.13333332538604736,0.0,1.0,
crop50,PMFA,67,0.8999999761581421,0.10000002384185791,0.0,0.0,
crop50,PMFA,68,0.699999988079071,0.30000001192092896,0.0,0.0,
crop50,PMFA,69,0.9333333373069763,0.06666666269302368,0.0,0.0,
crop50,PMFA,70,1.0,0.0,1.0,0.0,
crop50,PMFA,71,0.9666666388511658,0.03333336114883423,0.0,0.0,
crop50,PMFA,72,0.9333333373069763,0.06666666269302368,0.0,1.0,
crop50,PMFA,73,1.0,0.0,1.0,0.0,
crop50,PMFA,74,1.0,0.0,1.0,0.0,
crop50,PMFA,75,0.7333333492279053,0.2666666507720947,0.0,1.0,
crop50,PMFA,76,1.0,0.0,1.0,0.0,
crop50,PMFA,77,0.9666666388511658,0.03333336114883423,0.0,0.0,
crop50,PMFA,78,0.8999999761581421,0.10000002384185791,0.0,0.0,
crop50,PMFA,79,0.8666666746139526,0.13333332538604736,0.0,0.0,
crop50,PMFA,80,0.7666666507720947,0.23333334922790527,0.0,0.0,
crop50,PMFA,81,0.6333333253860474,0.36666667461395264,0.0,1.0,
crop50,PMFA,82,0.800000011920929,0.19999998807907104,0.0,0.0,
crop50,PMFA,83,0.9333333373069763,0.06666666269302368,0.0,1.0,
crop50,PMFA,84,0.9333333373069763,0.06666666269302368,0.0,1.0,
crop50,PMFA,85,0.9333333373069763,0.06666666269302368,0.0,0.0,
crop50,PMFA,86,0.800000011920929,0.19999998807907104,0.0,0.0,
crop50,PMFA,87,0.8666666746139526,0.13333332538604736,0.0,0.0,
crop50,PMFA,88,0.9666666388511658,0.03333336114883423,0.0,0.0,
crop50,PMFA,89,0.800000011920929,0.19999998807907104,0.0,1.0,
crop50,PMFA,90,0.800000011920929,0.19999998807907104,0.0,0.0,
crop50,PMFA,91,0.5666666626930237,0.4333333373069763,0.0,0.0,
crop50,PMFA,92,1.0,0.0,1.0,0.0,
crop50,PMFA,93,1.0,0.0,1.0,0.0,
crop50,PMFA,94,0.9666666388511658,0.03333336114883423,0.0,0.0,
crop50,PMFA,95,0.9333333373069763,0.06666666269302368,0.0,0.0,
crop50,PMFA,96,0.9333333373069763,0.06666666269302368,0.0,0.0,
crop50,PMFA,97,0.9333333373069763,0.06666666269302368,0.0,0.0,
crop50,PMFA,98,0.9666666388511658,0.03333336114883423,0.0,0.0,
crop50,PMFA,99,0.8333333134651184,0.1666666865348816,0.0,0.0,
crop50,PMFA,100,1.0,0.0,1.0,0.0,
crop50,PMFA,101,0.9333333373069763,0.06666666269302368,0.0,0.0,
crop50,PMFA,102,0.8333333134651184,0.1666666865348816,0.0,0.0,
crop50,PMFA,103,1.0,0.0,1.0,0.0,
crop50,PMFA,104,0.9333333373069763,0.06666666269302368,0.0,0.0,
crop50,PMFA,105,0.8666666746139526,0.13333332538604736,0.0,0.0,
crop50,PMFA,106,0.9666666388511658,0.03333336114883423,0.0,0.0,
crop50,PMFA,107,0.46666666865348816,0.5333333313465118,0.0,0.0,
crop50,PMFA,108,0.7666666507720947,0.23333334922790527,0.0,0.0,
crop50,PMFA,109,0.8999999761581421,0.10000002384185791,0.0,1.0,
crop50,PMFA,110,0.8999999761581421,0.10000002384185791,0.0,0.0,
crop50,PMFA,111,0.8999999761581421,0.10000002384185791,0.0,0.0,
crop50,PMFA,112,0.9333333373069763,0.06666666269302368,0.0,0.0,
crop50,PMFA,113,0.800000011920929,0.19999998807907104,0.0,0.0,
crop50,PMFA,114,0.8999999761581421,0.10000002384185791,0.0,0.0,
crop50,PMFA,115,0.8999999761581421,0.10000002384185791,0.0,0.0,
crop50,PMFA,116,0.9666666388511658,0.03333336114883423,0.0,0.0,
crop50,PMFA,117,0.800000011920929,0.19999998807907104,0.0,0.0,
crop50,PMFA,118,0.8333333134651184,0.1666666865348816,0.0,0.0,
crop50,PMFA,119,0.7333333492279053,0.2666666507720947,0.0,0.0,
crop50,PMFA,120,0.8999999761581421,0.10000002384185791,0.0,0.0,
crop50,PMFA,121,0.9666666388511658,0.03333336114883423,0.0,0.0,
crop50,PMFA,122,0.5333333611488342,0.46666663885116577,0.0,0.0,
crop50,PMFA,123,1.0,0.0,1.0,0.0,
crop50,PMFA,124,0.9666666388511658,0.03333336114883423,0.0,0.0,
crop50,PMFA,125,0.9333333373069763,0.06666666269302368,0.0,0.0,
crop50,PMFA,126,0.8999999761581421,0.10000002384185791,0.0,0.0,
crop50,PMFA,127,0.9666666388511658,0.03333336114883423,0.0,0.0,
crop50,PMFA,128,0.8999999761581421,0.10000002384185791,0.0,0.0,
crop50,PMFA,129,0.9333333373069763,0.06666666269302368,0.0,0.0,
crop50,PMFA,130,0.9666666388511658,0.03333336114883423,0.0,0.0,
crop50,PMFA,131,0.699999988079071,0.30000001192092896,0.0,1.0,
crop50,PMFA,132,0.8999999761581421,0.10000002384185791,0.0,0.0,
crop50,PMFA,133,0.9333333373069763,0.06666666269302368,0.0,0.0,
crop50,PMFA,134,1.0,0.0,1.0,0.0,
crop50,PMFA,135,0.8666666746139526,0.13333332538604736,0.0,0.0,
crop50,PMFA,136,0.8333333134651184,0.1666666865348816,0.0,0.0,
crop50,PMFA,137,0.9333333373069763,0.06666666269302368,0.0,0.0,
crop50,PMFA,138,1.0,0.0,1.0,0.0,
crop50,PMFA,139,0.9666666388511658,0.03333336114883423,0.0,0.0,
crop50,PMFA,140,0.8666666746139526,0.13333332538604736,0.0,1.0,
crop50,PMFA,141,0.23333333432674408,0.7666666656732559,0.0,0.0,
crop50,PMFA,142,0.9666666388511658,0.03333336114883423,0.0,0.0,
crop50,PMFA,143,0.9333333373069763,0.06666666269302368,0.0,0.0,
crop50,Decoder-Tail-FT,0,0.9333333373069763,0.06666666269302368,0.0,,
crop50,Decoder-Tail-FT,1,0.9666666388511658,0.03333336114883423,0.0,,
crop50,Decoder-Tail-FT,2,0.8999999761581421,0.10000002384185791,0.0,,
crop50,Decoder-Tail-FT,3,0.9666666388511658,0.03333336114883423,0.0,,
crop50,Decoder-Tail-FT,4,0.5,0.5,0.0,,
crop50,Decoder-Tail-FT,5,0.9666666388511658,0.03333336114883423,0.0,,
crop50,Decoder-Tail-FT,6,0.7666666507720947,0.23333334922790527,0.0,,
crop50,Decoder-Tail-FT,7,0.8333333134651184,0.1666666865348816,0.0,,
crop50,Decoder-Tail-FT,8,0.8333333134651184,0.1666666865348816,0.0,,
crop50,Decoder-Tail-FT,9,0.46666666865348816,0.5333333313465118,0.0,,
crop50,Decoder-Tail-FT,10,0.46666666865348816,0.5333333313465118,0.0,,
crop50,Decoder-Tail-FT,11,0.7333333492279053,0.2666666507720947,0.0,,
crop50,Decoder-Tail-FT,12,0.9333333373069763,0.06666666269302368,0.0,,
crop50,Decoder-Tail-FT,13,0.8333333134651184,0.1666666865348816,0.0,,
crop50,Decoder-Tail-FT,14,0.8333333134651184,0.1666666865348816,0.0,,
crop50,Decoder-Tail-FT,15,0.9333333373069763,0.06666666269302368,0.0,,
crop50,Decoder-Tail-FT,16,0.9333333373069763,0.06666666269302368,0.0,,
crop50,Decoder-Tail-FT,17,0.9666666388511658,0.03333336114883423,0.0,,
crop50,Decoder-Tail-FT,18,0.8666666746139526,0.13333332538604736,0.0,,
crop50,Decoder-Tail-FT,19,0.9666666388511658,0.03333336114883423,0.0,,
crop50,Decoder-Tail-FT,20,0.9666666388511658,0.03333336114883423,0.0,,
crop50,Decoder-Tail-FT,21,0.8666666746139526,0.13333332538604736,0.0,,
crop50,Decoder-Tail-FT,22,1.0,0.0,1.0,,
crop50,Decoder-Tail-FT,23,0.7666666507720947,0.23333334922790527,0.0,,
crop50,Decoder-Tail-FT,24,0.7666666507720947,0.23333334922790527,0.0,,
crop50,Decoder-Tail-FT,25,0.8333333134651184,0.1666666865348816,0.0,,
crop50,Decoder-Tail-FT,26,0.46666666865348816,0.5333333313465118,0.0,,
crop50,Decoder-Tail-FT,27,0.800000011920929,0.19999998807907104,0.0,,
crop50,Decoder-Tail-FT,28,0.8666666746139526,0.13333332538604736,0.0,,
crop50,Decoder-Tail-FT,29,0.6666666865348816,0.3333333134651184,0.0,,
crop50,Decoder-Tail-FT,30,0.9666666388511658,0.03333336114883423,0.0,,
crop50,Decoder-Tail-FT,31,0.8999999761581421,0.10000002384185791,0.0,,
crop50,Decoder-Tail-FT,32,0.9333333373069763,0.06666666269302368,0.0,,
crop50,Decoder-Tail-FT,33,1.0,0.0,1.0,,
crop50,Decoder-Tail-FT,34,0.6666666865348816,0.3333333134651184,0.0,,
crop50,Decoder-Tail-FT,35,0.36666667461395264,0.6333333253860474,0.0,,
crop50,Decoder-Tail-FT,36,0.7333333492279053,0.2666666507720947,0.0,,
crop50,Decoder-Tail-FT,37,0.8999999761581421,0.10000002384185791,0.0,,
crop50,Decoder-Tail-FT,38,0.4000000059604645,0.5999999940395355,0.0,,
crop50,Decoder-Tail-FT,39,0.6000000238418579,0.3999999761581421,0.0,,
crop50,Decoder-Tail-FT,40,0.8333333134651184,0.1666666865348816,0.0,,
crop50,Decoder-Tail-FT,41,0.8666666746139526,0.13333332538604736,0.0,,
crop50,Decoder-Tail-FT,42,0.4000000059604645,0.5999999940395355,0.0,,
crop50,Decoder-Tail-FT,43,1.0,0.0,1.0,,
crop50,Decoder-Tail-FT,44,0.8333333134651184,0.1666666865348816,0.0,,
crop50,Decoder-Tail-FT,45,0.9666666388511658,0.03333336114883423,0.0,,
crop50,Decoder-Tail-FT,46,0.8333333134651184,0.1666666865348816,0.0,,
crop50,Decoder-Tail-FT,47,0.9333333373069763,0.06666666269302368,0.0,,
crop50,Decoder-Tail-FT,48,0.9666666388511658,0.03333336114883423,0.0,,
crop50,Decoder-Tail-FT,49,0.8333333134651184,0.1666666865348816,0.0,,
crop50,Decoder-Tail-FT,50,1.0,0.0,1.0,,
crop50,Decoder-Tail-FT,51,0.800000011920929,0.19999998807907104,0.0,,
crop50,Decoder-Tail-FT,52,0.800000011920929,0.19999998807907104,0.0,,
crop50,Decoder-Tail-FT,53,1.0,0.0,1.0,,
crop50,Decoder-Tail-FT,54,0.699999988079071,0.30000001192092896,0.0,,
crop50,Decoder-Tail-FT,55,0.3333333432674408,0.6666666567325592,0.0,,
crop50,Decoder-Tail-FT,56,0.8666666746139526,0.13333332538604736,0.0,,
crop50,Decoder-Tail-FT,57,0.8999999761581421,0.10000002384185791,0.0,,
crop50,Decoder-Tail-FT,58,0.8333333134651184,0.1666666865348816,0.0,,
crop50,Decoder-Tail-FT,59,0.9333333373069763,0.06666666269302368,0.0,,
crop50,Decoder-Tail-FT,60,0.6333333253860474,0.36666667461395264,0.0,,
crop50,Decoder-Tail-FT,61,1.0,0.0,1.0,,
crop50,Decoder-Tail-FT,62,0.9666666388511658,0.03333336114883423,0.0,,
crop50,Decoder-Tail-FT,63,0.9333333373069763,0.06666666269302368,0.0,,
crop50,Decoder-Tail-FT,64,0.9666666388511658,0.03333336114883423,0.0,,
crop50,Decoder-Tail-FT,65,0.46666666865348816,0.5333333313465118,0.0,,
crop50,Decoder-Tail-FT,66,0.800000011920929,0.19999998807907104,0.0,,
crop50,Decoder-Tail-FT,67,0.8999999761581421,0.10000002384185791,0.0,,
crop50,Decoder-Tail-FT,68,0.8333333134651184,0.1666666865348816,0.0,,
crop50,Decoder-Tail-FT,69,0.9666666388511658,0.03333336114883423,0.0,,
crop50,Decoder-Tail-FT,70,1.0,0.0,1.0,,
crop50,Decoder-Tail-FT,71,0.9333333373069763,0.06666666269302368,0.0,,
crop50,Decoder-Tail-FT,72,0.9333333373069763,0.06666666269302368,0.0,,
crop50,Decoder-Tail-FT,73,0.8999999761581421,0.10000002384185791,0.0,,
crop50,Decoder-Tail-FT,74,0.8999999761581421,0.10000002384185791,0.0,,
crop50,Decoder-Tail-FT,75,0.8333333134651184,0.1666666865348816,0.0,,
crop50,Decoder-Tail-FT,76,0.9333333373069763,0.06666666269302368,0.0,,
crop50,Decoder-Tail-FT,77,0.9666666388511658,0.03333336114883423,0.0,,
crop50,Decoder-Tail-FT,78,0.8666666746139526,0.13333332538604736,0.0,,
crop50,Decoder-Tail-FT,79,0.800000011920929,0.19999998807907104,0.0,,
crop50,Decoder-Tail-FT,80,0.800000011920929,0.19999998807907104,0.0,,
crop50,Decoder-Tail-FT,81,0.800000011920929,0.19999998807907104,0.0,,
crop50,Decoder-Tail-FT,82,0.7666666507720947,0.23333334922790527,0.0,,
crop50,Decoder-Tail-FT,83,0.8999999761581421,0.10000002384185791,0.0,,
crop50,Decoder-Tail-FT,84,0.9666666388511658,0.03333336114883423,0.0,,
crop50,Decoder-Tail-FT,85,0.9333333373069763,0.06666666269302368,0.0,,
crop50,Decoder-Tail-FT,86,0.9333333373069763,0.06666666269302368,0.0,,
crop50,Decoder-Tail-FT,87,0.8666666746139526,0.13333332538604736,0.0,,
crop50,Decoder-Tail-FT,88,0.9666666388511658,0.03333336114883423,0.0,,
crop50,Decoder-Tail-FT,89,0.8666666746139526,0.13333332538604736,0.0,,
crop50,Decoder-Tail-FT,90,0.6000000238418579,0.3999999761581421,0.0,,
crop50,Decoder-Tail-FT,91,0.6333333253860474,0.36666667461395264,0.0,,
crop50,Decoder-Tail-FT,92,0.9666666388511658,0.03333336114883423,0.0,,
crop50,Decoder-Tail-FT,93,0.9666666388511658,0.03333336114883423,0.0,,
crop50,Decoder-Tail-FT,94,0.9333333373069763,0.06666666269302368,0.0,,
crop50,Decoder-Tail-FT,95,0.8333333134651184,0.1666666865348816,0.0,,
crop50,Decoder-Tail-FT,96,1.0,0.0,1.0,,
crop50,Decoder-Tail-FT,97,0.8999999761581421,0.10000002384185791,0.0,,
crop50,Decoder-Tail-FT,98,0.8999999761581421,0.10000002384185791,0.0,,
crop50,Decoder-Tail-FT,99,0.800000011920929,0.19999998807907104,0.0,,
crop50,Decoder-Tail-FT,100,0.8333333134651184,0.1666666865348816,0.0,,
crop50,Decoder-Tail-FT,101,0.8999999761581421,0.10000002384185791,0.0,,
crop50,Decoder-Tail-FT,102,0.8999999761581421,0.10000002384185791,0.0,,
crop50,Decoder-Tail-FT,103,0.9333333373069763,0.06666666269302368,0.0,,
crop50,Decoder-Tail-FT,104,0.8999999761581421,0.10000002384185791,0.0,,
crop50,Decoder-Tail-FT,105,0.7666666507720947,0.23333334922790527,0.0,,
crop50,Decoder-Tail-FT,106,0.9333333373069763,0.06666666269302368,0.0,,
crop50,Decoder-Tail-FT,107,0.6333333253860474,0.36666667461395264,0.0,,
crop50,Decoder-Tail-FT,108,0.800000011920929,0.19999998807907104,0.0,,
crop50,Decoder-Tail-FT,109,0.800000011920929,0.19999998807907104,0.0,,
crop50,Decoder-Tail-FT,110,0.800000011920929,0.19999998807907104,0.0,,
crop50,Decoder-Tail-FT,111,0.8333333134651184,0.1666666865348816,0.0,,
crop50,Decoder-Tail-FT,112,0.9333333373069763,0.06666666269302368,0.0,,
crop50,Decoder-Tail-FT,113,0.800000011920929,0.19999998807907104,0.0,,
crop50,Decoder-Tail-FT,114,0.9666666388511658,0.03333336114883423,0.0,,
crop50,Decoder-Tail-FT,115,0.8666666746139526,0.13333332538604736,0.0,,
crop50,Decoder-Tail-FT,116,0.9666666388511658,0.03333336114883423,0.0,,
crop50,Decoder-Tail-FT,117,0.9666666388511658,0.03333336114883423,0.0,,
crop50,Decoder-Tail-FT,118,0.8666666746139526,0.13333332538604736,0.0,,
crop50,Decoder-Tail-FT,119,0.8666666746139526,0.13333332538604736,0.0,,
crop50,Decoder-Tail-FT,120,0.9333333373069763,0.06666666269302368,0.0,,
crop50,Decoder-Tail-FT,121,0.9666666388511658,0.03333336114883423,0.0,,
crop50,Decoder-Tail-FT,122,0.7333333492279053,0.2666666507720947,0.0,,
crop50,Decoder-Tail-FT,123,1.0,0.0,1.0,,
crop50,Decoder-Tail-FT,124,0.9666666388511658,0.03333336114883423,0.0,,
crop50,Decoder-Tail-FT,125,0.9333333373069763,0.06666666269302368,0.0,,
crop50,Decoder-Tail-FT,126,0.8666666746139526,0.13333332538604736,0.0,,
crop50,Decoder-Tail-FT,127,0.9333333373069763,0.06666666269302368,0.0,,
crop50,Decoder-Tail-FT,128,0.9666666388511658,0.03333336114883423,0.0,,
crop50,Decoder-Tail-FT,129,0.9666666388511658,0.03333336114883423,0.0,,
crop50,Decoder-Tail-FT,130,0.9666666388511658,0.03333336114883423,0.0,,
crop50,Decoder-Tail-FT,131,0.699999988079071,0.30000001192092896,0.0,,
crop50,Decoder-Tail-FT,132,0.9333333373069763,0.06666666269302368,0.0,,
crop50,Decoder-Tail-FT,133,0.9333333373069763,0.06666666269302368,0.0,,
crop50,Decoder-Tail-FT,134,0.9333333373069763,0.06666666269302368,0.0,,
crop50,Decoder-Tail-FT,135,0.8999999761581421,0.10000002384185791,0.0,,
crop50,Decoder-Tail-FT,136,0.9333333373069763,0.06666666269302368,0.0,,
crop50,Decoder-Tail-FT,137,0.9666666388511658,0.03333336114883423,0.0,,
crop50,Decoder-Tail-FT,138,0.9666666388511658,0.03333336114883423,0.0,,
crop50,Decoder-Tail-FT,139,0.9666666388511658,0.03333336114883423,0.0,,
crop50,Decoder-Tail-FT,140,0.8333333134651184,0.1666666865348816,0.0,,
crop50,Decoder-Tail-FT,141,0.3333333432674408,0.6666666567325592,0.0,,
crop50,Decoder-Tail-FT,142,0.9666666388511658,0.03333336114883423,0.0,,
crop50,Decoder-Tail-FT,143,0.8333333134651184,0.1666666865348816,0.0,,
crop50,Oracle-Alignment,0,1.0,0.0,1.0,,
crop50,Oracle-Alignment,1,0.9666666388511658,0.03333336114883423,0.0,,
crop50,Oracle-Alignment,2,1.0,0.0,1.0,,
crop50,Oracle-Alignment,3,0.9333333373069763,0.06666666269302368,0.0,,
crop50,Oracle-Alignment,4,1.0,0.0,1.0,,
crop50,Oracle-Alignment,5,1.0,0.0,1.0,,
crop50,Oracle-Alignment,6,0.9666666388511658,0.03333336114883423,0.0,,
crop50,Oracle-Alignment,7,0.8666666746139526,0.13333332538604736,0.0,,
crop50,Oracle-Alignment,8,0.9666666388511658,0.03333336114883423,0.0,,
crop50,Oracle-Alignment,9,0.8999999761581421,0.10000002384185791,0.0,,
crop50,Oracle-Alignment,10,0.8999999761581421,0.10000002384185791,0.0,,
crop50,Oracle-Alignment,11,0.9666666388511658,0.03333336114883423,0.0,,
crop50,Oracle-Alignment,12,0.8666666746139526,0.13333332538604736,0.0,,
crop50,Oracle-Alignment,13,0.9666666388511658,0.03333336114883423,0.0,,
crop50,Oracle-Alignment,14,0.9333333373069763,0.06666666269302368,0.0,,
crop50,Oracle-Alignment,15,0.8999999761581421,0.10000002384185791,0.0,,
crop50,Oracle-Alignment,16,1.0,0.0,1.0,,
crop50,Oracle-Alignment,17,1.0,0.0,1.0,,
crop50,Oracle-Alignment,18,0.9666666388511658,0.03333336114883423,0.0,,
crop50,Oracle-Alignment,19,1.0,0.0,1.0,,
crop50,Oracle-Alignment,20,1.0,0.0,1.0,,
crop50,Oracle-Alignment,21,0.9666666388511658,0.03333336114883423,0.0,,
crop50,Oracle-Alignment,22,1.0,0.0,1.0,,
crop50,Oracle-Alignment,23,0.7666666507720947,0.23333334922790527,0.0,,
crop50,Oracle-Alignment,24,0.8666666746139526,0.13333332538604736,0.0,,
crop50,Oracle-Alignment,25,0.8999999761581421,0.10000002384185791,0.0,,
crop50,Oracle-Alignment,26,0.8333333134651184,0.1666666865348816,0.0,,
crop50,Oracle-Alignment,27,1.0,0.0,1.0,,
crop50,Oracle-Alignment,28,1.0,0.0,1.0,,
crop50,Oracle-Alignment,29,0.8666666746139526,0.13333332538604736,0.0,,
crop50,Oracle-Alignment,30,0.9666666388511658,0.03333336114883423,0.0,,
crop50,Oracle-Alignment,31,0.9666666388511658,0.03333336114883423,0.0,,
crop50,Oracle-Alignment,32,0.9666666388511658,0.03333336114883423,0.0,,
crop50,Oracle-Alignment,33,1.0,0.0,1.0,,
crop50,Oracle-Alignment,34,0.8999999761581421,0.10000002384185791,0.0,,
crop50,Oracle-Alignment,35,1.0,0.0,1.0,,
crop50,Oracle-Alignment,36,0.9666666388511658,0.03333336114883423,0.0,,
crop50,Oracle-Alignment,37,1.0,0.0,1.0,,
crop50,Oracle-Alignment,38,0.9666666388511658,0.03333336114883423,0.0,,
crop50,Oracle-Alignment,39,0.9333333373069763,0.06666666269302368,0.0,,
crop50,Oracle-Alignment,40,0.9333333373069763,0.06666666269302368,0.0,,
crop50,Oracle-Alignment,41,0.9666666388511658,0.03333336114883423,0.0,,
crop50,Oracle-Alignment,42,0.9666666388511658,0.03333336114883423,0.0,,
crop50,Oracle-Alignment,43,1.0,0.0,1.0,,
crop50,Oracle-Alignment,44,1.0,0.0,1.0,,
crop50,Oracle-Alignment,45,1.0,0.0,1.0,,
crop50,Oracle-Alignment,46,0.9666666388511658,0.03333336114883423,0.0,,
crop50,Oracle-Alignment,47,1.0,0.0,1.0,,
crop50,Oracle-Alignment,48,1.0,0.0,1.0,,
crop50,Oracle-Alignment,49,1.0,0.0,1.0,,
crop50,Oracle-Alignment,50,1.0,0.0,1.0,,
crop50,Oracle-Alignment,51,0.7666666507720947,0.23333334922790527,0.0,,
crop50,Oracle-Alignment,52,0.8333333134651184,0.1666666865348816,0.0,,
crop50,Oracle-Alignment,53,1.0,0.0,1.0,,
crop50,Oracle-Alignment,54,1.0,0.0,1.0,,
crop50,Oracle-Alignment,55,1.0,0.0,1.0,,
crop50,Oracle-Alignment,56,0.9333333373069763,0.06666666269302368,0.0,,
crop50,Oracle-Alignment,57,0.9333333373069763,0.06666666269302368,0.0,,
crop50,Oracle-Alignment,58,0.9333333373069763,0.06666666269302368,0.0,,
crop50,Oracle-Alignment,59,0.9666666388511658,0.03333336114883423,0.0,,
crop50,Oracle-Alignment,60,1.0,0.0,1.0,,
crop50,Oracle-Alignment,61,1.0,0.0,1.0,,
crop50,Oracle-Alignment,62,0.9333333373069763,0.06666666269302368,0.0,,
crop50,Oracle-Alignment,63,0.9333333373069763,0.06666666269302368,0.0,,
crop50,Oracle-Alignment,64,0.9666666388511658,0.03333336114883423,0.0,,
crop50,Oracle-Alignment,65,0.9666666388511658,0.03333336114883423,0.0,,
crop50,Oracle-Alignment,66,0.9333333373069763,0.06666666269302368,0.0,,
crop50,Oracle-Alignment,67,0.9333333373069763,0.06666666269302368,0.0,,
crop50,Oracle-Alignment,68,0.9666666388511658,0.03333336114883423,0.0,,
crop50,Oracle-Alignment,69,0.9666666388511658,0.03333336114883423,0.0,,
crop50,Oracle-Alignment,70,1.0,0.0,1.0,,
crop50,Oracle-Alignment,71,1.0,0.0,1.0,,
crop50,Oracle-Alignment,72,1.0,0.0,1.0,,
crop50,Oracle-Alignment,73,1.0,0.0,1.0,,
crop50,Oracle-Alignment,74,1.0,0.0,1.0,,
crop50,Oracle-Alignment,75,0.9666666388511658,0.03333336114883423,0.0,,
crop50,Oracle-Alignment,76,1.0,0.0,1.0,,
crop50,Oracle-Alignment,77,1.0,0.0,1.0,,
crop50,Oracle-Alignment,78,0.8999999761581421,0.10000002384185791,0.0,,
crop50,Oracle-Alignment,79,0.9666666388511658,0.03333336114883423,0.0,,
crop50,Oracle-Alignment,80,0.8666666746139526,0.13333332538604736,0.0,,
crop50,Oracle-Alignment,81,0.8333333134651184,0.1666666865348816,0.0,,
crop50,Oracle-Alignment,82,0.9333333373069763,0.06666666269302368,0.0,,
crop50,Oracle-Alignment,83,0.9666666388511658,0.03333336114883423,0.0,,
crop50,Oracle-Alignment,84,1.0,0.0,1.0,,
crop50,Oracle-Alignment,85,0.9666666388511658,0.03333336114883423,0.0,,
crop50,Oracle-Alignment,86,0.7333333492279053,0.2666666507720947,0.0,,
crop50,Oracle-Alignment,87,0.8999999761581421,0.10000002384185791,0.0,,
crop50,Oracle-Alignment,88,0.9666666388511658,0.03333336114883423,0.0,,
crop50,Oracle-Alignment,89,0.8333333134651184,0.1666666865348816,0.0,,
crop50,Oracle-Alignment,90,0.800000011920929,0.19999998807907104,0.0,,
crop50,Oracle-Alignment,91,0.8999999761581421,0.10000002384185791,0.0,,
crop50,Oracle-Alignment,92,1.0,0.0,1.0,,
crop50,Oracle-Alignment,93,0.9666666388511658,0.03333336114883423,0.0,,
crop50,Oracle-Alignment,94,1.0,0.0,1.0,,
crop50,Oracle-Alignment,95,1.0,0.0,1.0,,
crop50,Oracle-Alignment,96,1.0,0.0,1.0,,
crop50,Oracle-Alignment,97,0.8999999761581421,0.10000002384185791,0.0,,
crop50,Oracle-Alignment,98,0.9333333373069763,0.06666666269302368,0.0,,
crop50,Oracle-Alignment,99,0.9333333373069763,0.06666666269302368,0.0,,
crop50,Oracle-Alignment,100,0.8666666746139526,0.13333332538604736,0.0,,
crop50,Oracle-Alignment,101,0.8999999761581421,0.10000002384185791,0.0,,
crop50,Oracle-Alignment,102,0.9333333373069763,0.06666666269302368,0.0,,
crop50,Oracle-Alignment,103,1.0,0.0,1.0,,
crop50,Oracle-Alignment,104,0.9333333373069763,0.06666666269302368,0.0,,
crop50,Oracle-Alignment,105,1.0,0.0,1.0,,
crop50,Oracle-Alignment,106,0.9666666388511658,0.03333336114883423,0.0,,
crop50,Oracle-Alignment,107,0.8999999761581421,0.10000002384185791,0.0,,
crop50,Oracle-Alignment,108,0.8999999761581421,0.10000002384185791,0.0,,
crop50,Oracle-Alignment,109,0.9666666388511658,0.03333336114883423,0.0,,
crop50,Oracle-Alignment,110,0.699999988079071,0.30000001192092896,0.0,,
crop50,Oracle-Alignment,111,0.9333333373069763,0.06666666269302368,0.0,,
crop50,Oracle-Alignment,112,0.9333333373069763,0.06666666269302368,0.0,,
crop50,Oracle-Alignment,113,0.9333333373069763,0.06666666269302368,0.0,,
crop50,Oracle-Alignment,114,1.0,0.0,1.0,,
crop50,Oracle-Alignment,115,0.8999999761581421,0.10000002384185791,0.0,,
crop50,Oracle-Alignment,116,0.9666666388511658,0.03333336114883423,0.0,,
crop50,Oracle-Alignment,117,0.9333333373069763,0.06666666269302368,0.0,,
crop50,Oracle-Alignment,118,0.8999999761581421,0.10000002384185791,0.0,,
crop50,Oracle-Alignment,119,0.8666666746139526,0.13333332538604736,0.0,,
crop50,Oracle-Alignment,120,1.0,0.0,1.0,,
crop50,Oracle-Alignment,121,0.9666666388511658,0.03333336114883423,0.0,,
crop50,Oracle-Alignment,122,0.9666666388511658,0.03333336114883423,0.0,,
crop50,Oracle-Alignment,123,1.0,0.0,1.0,,
crop50,Oracle-Alignment,124,1.0,0.0,1.0,,
crop50,Oracle-Alignment,125,1.0,0.0,1.0,,
crop50,Oracle-Alignment,126,0.9333333373069763,0.06666666269302368,0.0,,
crop50,Oracle-Alignment,127,1.0,0.0,1.0,,
crop50,Oracle-Alignment,128,1.0,0.0,1.0,,
crop50,Oracle-Alignment,129,1.0,0.0,1.0,,
crop50,Oracle-Alignment,130,1.0,0.0,1.0,,
crop50,Oracle-Alignment,131,0.8333333134651184,0.1666666865348816,0.0,,
crop50,Oracle-Alignment,132,1.0,0.0,1.0,,
crop50,Oracle-Alignment,133,0.8999999761581421,0.10000002384185791,0.0,,
crop50,Oracle-Alignment,134,1.0,0.0,1.0,,
crop50,Oracle-Alignment,135,1.0,0.0,1.0,,
crop50,Oracle-Alignment,136,1.0,0.0,1.0,,
crop50,Oracle-Alignment,137,0.9333333373069763,0.06666666269302368,0.0,,
crop50,Oracle-Alignment,138,1.0,0.0,1.0,,
crop50,Oracle-Alignment,139,0.9666666388511658,0.03333336114883423,0.0,,
crop50,Oracle-Alignment,140,0.9333333373069763,0.06666666269302368,0.0,,
crop50,Oracle-Alignment,141,0.8666666746139526,0.13333332538604736,0.0,,
crop50,Oracle-Alignment,142,0.8999999761581421,0.10000002384185791,0.0,,
crop50,Oracle-Alignment,143,0.8666666746139526,0.13333332538604736,0.0,,
crop50,DCSS,0,0.9333333373069763,0.06666666269302368,0.0,,
crop50,DCSS,1,0.9666666388511658,0.03333336114883423,0.0,,
crop50,DCSS,2,1.0,0.0,1.0,,
crop50,DCSS,3,1.0,0.0,1.0,,
crop50,DCSS,4,1.0,0.0,1.0,,
crop50,DCSS,5,0.9666666388511658,0.03333336114883423,0.0,,
crop50,DCSS,6,0.9666666388511658,0.03333336114883423,0.0,,
crop50,DCSS,7,0.8666666746139526,0.13333332538604736,0.0,,
crop50,DCSS,8,0.9666666388511658,0.03333336114883423,0.0,,
crop50,DCSS,9,0.8999999761581421,0.10000002384185791,0.0,,
crop50,DCSS,10,0.8999999761581421,0.10000002384185791,0.0,,
crop50,DCSS,11,0.9666666388511658,0.03333336114883423,0.0,,
crop50,DCSS,12,0.9333333373069763,0.06666666269302368,0.0,,
crop50,DCSS,13,0.9666666388511658,0.03333336114883423,0.0,,
crop50,DCSS,14,0.9333333373069763,0.06666666269302368,0.0,,
crop50,DCSS,15,0.8333333134651184,0.1666666865348816,0.0,,
crop50,DCSS,16,1.0,0.0,1.0,,
crop50,DCSS,17,1.0,0.0,1.0,,
crop50,DCSS,18,0.9333333373069763,0.06666666269302368,0.0,,
crop50,DCSS,19,1.0,0.0,1.0,,
crop50,DCSS,20,1.0,0.0,1.0,,
crop50,DCSS,21,0.9666666388511658,0.03333336114883423,0.0,,
crop50,DCSS,22,1.0,0.0,1.0,,
crop50,DCSS,23,0.7666666507720947,0.23333334922790527,0.0,,
crop50,DCSS,24,0.8999999761581421,0.10000002384185791,0.0,,
crop50,DCSS,25,0.8999999761581421,0.10000002384185791,0.0,,
crop50,DCSS,26,0.8999999761581421,0.10000002384185791,0.0,,
crop50,DCSS,27,1.0,0.0,1.0,,
crop50,DCSS,28,1.0,0.0,1.0,,
crop50,DCSS,29,0.7666666507720947,0.23333334922790527,0.0,,
crop50,DCSS,30,0.9666666388511658,0.03333336114883423,0.0,,
crop50,DCSS,31,1.0,0.0,1.0,,
crop50,DCSS,32,0.9666666388511658,0.03333336114883423,0.0,,
crop50,DCSS,33,1.0,0.0,1.0,,
crop50,DCSS,34,0.8999999761581421,0.10000002384185791,0.0,,
crop50,DCSS,35,1.0,0.0,1.0,,
crop50,DCSS,36,0.9666666388511658,0.03333336114883423,0.0,,
crop50,DCSS,37,1.0,0.0,1.0,,
crop50,DCSS,38,0.9666666388511658,0.03333336114883423,0.0,,
crop50,DCSS,39,0.9333333373069763,0.06666666269302368,0.0,,
crop50,DCSS,40,0.9333333373069763,0.06666666269302368,0.0,,
crop50,DCSS,41,0.9666666388511658,0.03333336114883423,0.0,,
crop50,DCSS,42,0.9666666388511658,0.03333336114883423,0.0,,
crop50,DCSS,43,1.0,0.0,1.0,,
crop50,DCSS,44,1.0,0.0,1.0,,
crop50,DCSS,45,0.9666666388511658,0.03333336114883423,0.0,,
crop50,DCSS,46,0.9666666388511658,0.03333336114883423,0.0,,
crop50,DCSS,47,1.0,0.0,1.0,,
crop50,DCSS,48,1.0,0.0,1.0,,
crop50,DCSS,49,1.0,0.0,1.0,,
crop50,DCSS,50,1.0,0.0,1.0,,
crop50,DCSS,51,0.7666666507720947,0.23333334922790527,0.0,,
crop50,DCSS,52,0.8333333134651184,0.1666666865348816,0.0,,
crop50,DCSS,53,0.9666666388511658,0.03333336114883423,0.0,,
crop50,DCSS,54,1.0,0.0,1.0,,
crop50,DCSS,55,1.0,0.0,1.0,,
crop50,DCSS,56,0.8333333134651184,0.1666666865348816,0.0,,
crop50,DCSS,57,0.9333333373069763,0.06666666269302368,0.0,,
crop50,DCSS,58,0.9333333373069763,0.06666666269302368,0.0,,
crop50,DCSS,59,0.9666666388511658,0.03333336114883423,0.0,,
crop50,DCSS,60,1.0,0.0,1.0,,
crop50,DCSS,61,1.0,0.0,1.0,,
crop50,DCSS,62,0.9666666388511658,0.03333336114883423,0.0,,
crop50,DCSS,63,0.9333333373069763,0.06666666269302368,0.0,,
crop50,DCSS,64,1.0,0.0,1.0,,
crop50,DCSS,65,0.9666666388511658,0.03333336114883423,0.0,,
crop50,DCSS,66,0.8666666746139526,0.13333332538604736,0.0,,
crop50,DCSS,67,0.9333333373069763,0.06666666269302368,0.0,,
crop50,DCSS,68,0.9666666388511658,0.03333336114883423,0.0,,
crop50,DCSS,69,0.9666666388511658,0.03333336114883423,0.0,,
crop50,DCSS,70,1.0,0.0,1.0,,
crop50,DCSS,71,1.0,0.0,1.0,,
crop50,DCSS,72,1.0,0.0,1.0,,
crop50,DCSS,73,1.0,0.0,1.0,,
crop50,DCSS,74,1.0,0.0,1.0,,
crop50,DCSS,75,0.9333333373069763,0.06666666269302368,0.0,,
crop50,DCSS,76,1.0,0.0,1.0,,
crop50,DCSS,77,1.0,0.0,1.0,,
crop50,DCSS,78,0.9666666388511658,0.03333336114883423,0.0,,
crop50,DCSS,79,0.9666666388511658,0.03333336114883423,0.0,,
crop50,DCSS,80,0.8333333134651184,0.1666666865348816,0.0,,
crop50,DCSS,81,0.8333333134651184,0.1666666865348816,0.0,,
crop50,DCSS,82,0.9333333373069763,0.06666666269302368,0.0,,
crop50,DCSS,83,0.9666666388511658,0.03333336114883423,0.0,,
crop50,DCSS,84,1.0,0.0,1.0,,
crop50,DCSS,85,0.9666666388511658,0.03333336114883423,0.0,,
crop50,DCSS,86,0.7333333492279053,0.2666666507720947,0.0,,
crop50,DCSS,87,0.8999999761581421,0.10000002384185791,0.0,,
crop50,DCSS,88,1.0,0.0,1.0,,
crop50,DCSS,89,0.8666666746139526,0.13333332538604736,0.0,,
crop50,DCSS,90,0.6333333253860474,0.36666667461395264,0.0,,
crop50,DCSS,91,0.9666666388511658,0.03333336114883423,0.0,,
crop50,DCSS,92,1.0,0.0,1.0,,
crop50,DCSS,93,0.9666666388511658,0.03333336114883423,0.0,,
crop50,DCSS,94,1.0,0.0,1.0,,
crop50,DCSS,95,1.0,0.0,1.0,,
crop50,DCSS,96,1.0,0.0,1.0,,
crop50,DCSS,97,0.8999999761581421,0.10000002384185791,0.0,,
crop50,DCSS,98,0.8999999761581421,0.10000002384185791,0.0,,
crop50,DCSS,99,0.8999999761581421,0.10000002384185791,0.0,,
crop50,DCSS,100,0.9333333373069763,0.06666666269302368,0.0,,
crop50,DCSS,101,0.9333333373069763,0.06666666269302368,0.0,,
crop50,DCSS,102,0.9333333373069763,0.06666666269302368,0.0,,
crop50,DCSS,103,1.0,0.0,1.0,,
crop50,DCSS,104,0.9333333373069763,0.06666666269302368,0.0,,
crop50,DCSS,105,1.0,0.0,1.0,,
crop50,DCSS,106,1.0,0.0,1.0,,
crop50,DCSS,107,0.7666666507720947,0.23333334922790527,0.0,,
crop50,DCSS,108,0.8999999761581421,0.10000002384185791,0.0,,
crop50,DCSS,109,0.9666666388511658,0.03333336114883423,0.0,,
crop50,DCSS,110,0.7333333492279053,0.2666666507720947,0.0,,
crop50,DCSS,111,0.9333333373069763,0.06666666269302368,0.0,,
crop50,DCSS,112,0.9333333373069763,0.06666666269302368,0.0,,
crop50,DCSS,113,0.9333333373069763,0.06666666269302368,0.0,,
crop50,DCSS,114,1.0,0.0,1.0,,
crop50,DCSS,115,0.9333333373069763,0.06666666269302368,0.0,,
crop50,DCSS,116,0.9666666388511658,0.03333336114883423,0.0,,
crop50,DCSS,117,0.8999999761581421,0.10000002384185791,0.0,,
crop50,DCSS,118,0.9666666388511658,0.03333336114883423,0.0,,
crop50,DCSS,119,0.8666666746139526,0.13333332538604736,0.0,,
crop50,DCSS,120,1.0,0.0,1.0,,
crop50,DCSS,121,0.9666666388511658,0.03333336114883423,0.0,,
crop50,DCSS,122,1.0,0.0,1.0,,
crop50,DCSS,123,1.0,0.0,1.0,,
crop50,DCSS,124,1.0,0.0,1.0,,
crop50,DCSS,125,1.0,0.0,1.0,,
crop50,DCSS,126,0.9333333373069763,0.06666666269302368,0.0,,
crop50,DCSS,127,1.0,0.0,1.0,,
crop50,DCSS,128,0.9333333373069763,0.06666666269302368,0.0,,
crop50,DCSS,129,0.9666666388511658,0.03333336114883423,0.0,,
crop50,DCSS,130,1.0,0.0,1.0,,
crop50,DCSS,131,0.6000000238418579,0.3999999761581421,0.0,,
crop50,DCSS,132,1.0,0.0,1.0,,
crop50,DCSS,133,0.9666666388511658,0.03333336114883423,0.0,,
crop50,DCSS,134,1.0,0.0,1.0,,
crop50,DCSS,135,0.9333333373069763,0.06666666269302368,0.0,,
crop50,DCSS,136,1.0,0.0,1.0,,
crop50,DCSS,137,0.9333333373069763,0.06666666269302368,0.0,,
crop50,DCSS,138,1.0,0.0,1.0,,
crop50,DCSS,139,0.9666666388511658,0.03333336114883423,0.0,,
crop50,DCSS,140,0.9333333373069763,0.06666666269302368,0.0,,
crop50,DCSS,141,0.8666666746139526,0.13333332538604736,0.0,,
crop50,DCSS,142,0.9333333373069763,0.06666666269302368,0.0,,
crop50,DCSS,143,0.8666666746139526,0.13333332538604736,0.0,,
crop50,DCSS-FT,0,0.9333333373069763,0.06666666269302368,0.0,,
crop50,DCSS-FT,1,0.9666666388511658,0.03333336114883423,0.0,,
crop50,DCSS-FT,2,1.0,0.0,1.0,,
crop50,DCSS-FT,3,0.9666666388511658,0.03333336114883423,0.0,,
crop50,DCSS-FT,4,0.9333333373069763,0.06666666269302368,0.0,,
crop50,DCSS-FT,5,0.9666666388511658,0.03333336114883423,0.0,,
crop50,DCSS-FT,6,0.9666666388511658,0.03333336114883423,0.0,,
crop50,DCSS-FT,7,0.8666666746139526,0.13333332538604736,0.0,,
crop50,DCSS-FT,8,0.9333333373069763,0.06666666269302368,0.0,,
crop50,DCSS-FT,9,0.9333333373069763,0.06666666269302368,0.0,,
crop50,DCSS-FT,10,0.9333333373069763,0.06666666269302368,0.0,,
crop50,DCSS-FT,11,0.9666666388511658,0.03333336114883423,0.0,,
crop50,DCSS-FT,12,0.9333333373069763,0.06666666269302368,0.0,,
crop50,DCSS-FT,13,0.9666666388511658,0.03333336114883423,0.0,,
crop50,DCSS-FT,14,0.8999999761581421,0.10000002384185791,0.0,,
crop50,DCSS-FT,15,0.8666666746139526,0.13333332538604736,0.0,,
crop50,DCSS-FT,16,1.0,0.0,1.0,,
crop50,DCSS-FT,17,1.0,0.0,1.0,,
crop50,DCSS-FT,18,1.0,0.0,1.0,,
crop50,DCSS-FT,19,1.0,0.0,1.0,,
crop50,DCSS-FT,20,1.0,0.0,1.0,,
crop50,DCSS-FT,21,0.9333333373069763,0.06666666269302368,0.0,,
crop50,DCSS-FT,22,1.0,0.0,1.0,,
crop50,DCSS-FT,23,0.7666666507720947,0.23333334922790527,0.0,,
crop50,DCSS-FT,24,0.9333333373069763,0.06666666269302368,0.0,,
crop50,DCSS-FT,25,0.9666666388511658,0.03333336114883423,0.0,,
crop50,DCSS-FT,26,0.9666666388511658,0.03333336114883423,0.0,,
crop50,DCSS-FT,27,1.0,0.0,1.0,,
crop50,DCSS-FT,28,1.0,0.0,1.0,,
crop50,DCSS-FT,29,0.7666666507720947,0.23333334922790527,0.0,,
crop50,DCSS-FT,30,0.9666666388511658,0.03333336114883423,0.0,,
crop50,DCSS-FT,31,1.0,0.0,1.0,,
crop50,DCSS-FT,32,0.9666666388511658,0.03333336114883423,0.0,,
crop50,DCSS-FT,33,1.0,0.0,1.0,,
crop50,DCSS-FT,34,0.9666666388511658,0.03333336114883423,0.0,,
crop50,DCSS-FT,35,1.0,0.0,1.0,,
crop50,DCSS-FT,36,0.9666666388511658,0.03333336114883423,0.0,,
crop50,DCSS-FT,37,1.0,0.0,1.0,,
crop50,DCSS-FT,38,1.0,0.0,1.0,,
crop50,DCSS-FT,39,0.9333333373069763,0.06666666269302368,0.0,,
crop50,DCSS-FT,40,0.8999999761581421,0.10000002384185791,0.0,,
crop50,DCSS-FT,41,0.9666666388511658,0.03333336114883423,0.0,,
crop50,DCSS-FT,42,0.9666666388511658,0.03333336114883423,0.0,,
crop50,DCSS-FT,43,1.0,0.0,1.0,,
crop50,DCSS-FT,44,1.0,0.0,1.0,,
crop50,DCSS-FT,45,0.9666666388511658,0.03333336114883423,0.0,,
crop50,DCSS-FT,46,0.9666666388511658,0.03333336114883423,0.0,,
crop50,DCSS-FT,47,1.0,0.0,1.0,,
crop50,DCSS-FT,48,1.0,0.0,1.0,,
crop50,DCSS-FT,49,0.9666666388511658,0.03333336114883423,0.0,,
crop50,DCSS-FT,50,1.0,0.0,1.0,,
crop50,DCSS-FT,51,0.7666666507720947,0.23333334922790527,0.0,,
crop50,DCSS-FT,52,0.800000011920929,0.19999998807907104,0.0,,
crop50,DCSS-FT,53,0.9333333373069763,0.06666666269302368,0.0,,
crop50,DCSS-FT,54,0.9666666388511658,0.03333336114883423,0.0,,
crop50,DCSS-FT,55,0.9666666388511658,0.03333336114883423,0.0,,
crop50,DCSS-FT,56,0.8333333134651184,0.1666666865348816,0.0,,
crop50,DCSS-FT,57,0.9666666388511658,0.03333336114883423,0.0,,
crop50,DCSS-FT,58,0.8999999761581421,0.10000002384185791,0.0,,
crop50,DCSS-FT,59,1.0,0.0,1.0,,
crop50,DCSS-FT,60,1.0,0.0,1.0,,
crop50,DCSS-FT,61,1.0,0.0,1.0,,
crop50,DCSS-FT,62,0.9666666388511658,0.03333336114883423,0.0,,
crop50,DCSS-FT,63,0.9333333373069763,0.06666666269302368,0.0,,
crop50,DCSS-FT,64,0.9666666388511658,0.03333336114883423,0.0,,
crop50,DCSS-FT,65,1.0,0.0,1.0,,
crop50,DCSS-FT,66,0.8999999761581421,0.10000002384185791,0.0,,
crop50,DCSS-FT,67,0.8999999761581421,0.10000002384185791,0.0,,
crop50,DCSS-FT,68,0.9333333373069763,0.06666666269302368,0.0,,
crop50,DCSS-FT,69,0.9666666388511658,0.03333336114883423,0.0,,
crop50,DCSS-FT,70,1.0,0.0,1.0,,
crop50,DCSS-FT,71,1.0,0.0,1.0,,
crop50,DCSS-FT,72,1.0,0.0,1.0,,
crop50,DCSS-FT,73,1.0,0.0,1.0,,
crop50,DCSS-FT,74,0.9333333373069763,0.06666666269302368,0.0,,
crop50,DCSS-FT,75,0.9333333373069763,0.06666666269302368,0.0,,
crop50,DCSS-FT,76,1.0,0.0,1.0,,
crop50,DCSS-FT,77,0.9666666388511658,0.03333336114883423,0.0,,
crop50,DCSS-FT,78,0.9666666388511658,0.03333336114883423,0.0,,
crop50,DCSS-FT,79,0.9666666388511658,0.03333336114883423,0.0,,
crop50,DCSS-FT,80,0.7666666507720947,0.23333334922790527,0.0,,
crop50,DCSS-FT,81,0.8666666746139526,0.13333332538604736,0.0,,
crop50,DCSS-FT,82,0.8999999761581421,0.10000002384185791,0.0,,
crop50,DCSS-FT,83,0.9666666388511658,0.03333336114883423,0.0,,
crop50,DCSS-FT,84,1.0,0.0,1.0,,
crop50,DCSS-FT,85,0.9666666388511658,0.03333336114883423,0.0,,
crop50,DCSS-FT,86,0.800000011920929,0.19999998807907104,0.0,,
crop50,DCSS-FT,87,0.8666666746139526,0.13333332538604736,0.0,,
crop50,DCSS-FT,88,1.0,0.0,1.0,,
crop50,DCSS-FT,89,0.8666666746139526,0.13333332538604736,0.0,,
crop50,DCSS-FT,90,0.6333333253860474,0.36666667461395264,0.0,,
crop50,DCSS-FT,91,0.8999999761581421,0.10000002384185791,0.0,,
crop50,DCSS-FT,92,1.0,0.0,1.0,,
crop50,DCSS-FT,93,1.0,0.0,1.0,,
crop50,DCSS-FT,94,1.0,0.0,1.0,,
crop50,DCSS-FT,95,1.0,0.0,1.0,,
crop50,DCSS-FT,96,1.0,0.0,1.0,,
crop50,DCSS-FT,97,0.9333333373069763,0.06666666269302368,0.0,,
crop50,DCSS-FT,98,0.9333333373069763,0.06666666269302368,0.0,,
crop50,DCSS-FT,99,0.9333333373069763,0.06666666269302368,0.0,,
crop50,DCSS-FT,100,0.9333333373069763,0.06666666269302368,0.0,,
crop50,DCSS-FT,101,0.8999999761581421,0.10000002384185791,0.0,,
crop50,DCSS-FT,102,0.9333333373069763,0.06666666269302368,0.0,,
crop50,DCSS-FT,103,1.0,0.0,1.0,,
crop50,DCSS-FT,104,0.9333333373069763,0.06666666269302368,0.0,,
crop50,DCSS-FT,105,1.0,0.0,1.0,,
crop50,DCSS-FT,106,1.0,0.0,1.0,,
crop50,DCSS-FT,107,0.800000011920929,0.19999998807907104,0.0,,
crop50,DCSS-FT,108,0.9333333373069763,0.06666666269302368,0.0,,
crop50,DCSS-FT,109,0.9666666388511658,0.03333336114883423,0.0,,
crop50,DCSS-FT,110,0.7666666507720947,0.23333334922790527,0.0,,
crop50,DCSS-FT,111,0.9666666388511658,0.03333336114883423,0.0,,
crop50,DCSS-FT,112,0.8999999761581421,0.10000002384185791,0.0,,
crop50,DCSS-FT,113,0.9333333373069763,0.06666666269302368,0.0,,
crop50,DCSS-FT,114,0.9666666388511658,0.03333336114883423,0.0,,
crop50,DCSS-FT,115,0.9333333373069763,0.06666666269302368,0.0,,
crop50,DCSS-FT,116,0.9666666388511658,0.03333336114883423,0.0,,
crop50,DCSS-FT,117,0.8999999761581421,0.10000002384185791,0.0,,
crop50,DCSS-FT,118,1.0,0.0,1.0,,
crop50,DCSS-FT,119,0.8333333134651184,0.1666666865348816,0.0,,
crop50,DCSS-FT,120,1.0,0.0,1.0,,
crop50,DCSS-FT,121,0.9666666388511658,0.03333336114883423,0.0,,
crop50,DCSS-FT,122,1.0,0.0,1.0,,
crop50,DCSS-FT,123,1.0,0.0,1.0,,
crop50,DCSS-FT,124,1.0,0.0,1.0,,
crop50,DCSS-FT,125,1.0,0.0,1.0,,
crop50,DCSS-FT,126,0.8666666746139526,0.13333332538604736,0.0,,
crop50,DCSS-FT,127,1.0,0.0,1.0,,
crop50,DCSS-FT,128,0.8999999761581421,0.10000002384185791,0.0,,
crop50,DCSS-FT,129,0.9666666388511658,0.03333336114883423,0.0,,
crop50,DCSS-FT,130,1.0,0.0,1.0,,
crop50,DCSS-FT,131,0.6000000238418579,0.3999999761581421,0.0,,
crop50,DCSS-FT,132,1.0,0.0,1.0,,
crop50,DCSS-FT,133,0.9666666388511658,0.03333336114883423,0.0,,
crop50,DCSS-FT,134,1.0,0.0,1.0,,
crop50,DCSS-FT,135,0.9333333373069763,0.06666666269302368,0.0,,
crop50,DCSS-FT,136,1.0,0.0,1.0,,
crop50,DCSS-FT,137,0.8999999761581421,0.10000002384185791,0.0,,
crop50,DCSS-FT,138,1.0,0.0,1.0,,
crop50,DCSS-FT,139,0.9666666388511658,0.03333336114883423,0.0,,
crop50,DCSS-FT,140,0.9333333373069763,0.06666666269302368,0.0,,
crop50,DCSS-FT,141,0.9666666388511658,0.03333336114883423,0.0,,
crop50,DCSS-FT,142,0.9333333373069763,0.06666666269302368,0.0,,
crop50,DCSS-FT,143,0.8999999761581421,0.10000002384185791,0.0,,
crop50,R-DCSS,0,0.9333333373069763,0.06666666269302368,0.0,,1.0
crop50,R-DCSS,1,0.9666666388511658,0.03333336114883423,0.0,,1.0
crop50,R-DCSS,2,1.0,0.0,1.0,,1.0
crop50,R-DCSS,3,1.0,0.0,1.0,,1.0
crop50,R-DCSS,4,1.0,0.0,1.0,,1.0
crop50,R-DCSS,5,0.9666666388511658,0.03333336114883423,0.0,,1.0
crop50,R-DCSS,6,0.9666666388511658,0.03333336114883423,0.0,,1.0
crop50,R-DCSS,7,0.8666666746139526,0.13333332538604736,0.0,,1.0
crop50,R-DCSS,8,0.9666666388511658,0.03333336114883423,0.0,,1.0
crop50,R-DCSS,9,0.8999999761581421,0.10000002384185791,0.0,,1.0
crop50,R-DCSS,10,0.8999999761581421,0.10000002384185791,0.0,,1.0
crop50,R-DCSS,11,0.9666666388511658,0.03333336114883423,0.0,,1.0
crop50,R-DCSS,12,0.9333333373069763,0.06666666269302368,0.0,,1.0
crop50,R-DCSS,13,0.9666666388511658,0.03333336114883423,0.0,,1.0
crop50,R-DCSS,14,0.9333333373069763,0.06666666269302368,0.0,,1.0
crop50,R-DCSS,15,0.8333333134651184,0.1666666865348816,0.0,,1.0
crop50,R-DCSS,16,1.0,0.0,1.0,,1.0
crop50,R-DCSS,17,1.0,0.0,1.0,,1.0
crop50,R-DCSS,18,0.9333333373069763,0.06666666269302368,0.0,,1.0
crop50,R-DCSS,19,1.0,0.0,1.0,,1.0
crop50,R-DCSS,20,1.0,0.0,1.0,,1.0
crop50,R-DCSS,21,0.9666666388511658,0.03333336114883423,0.0,,1.0
crop50,R-DCSS,22,1.0,0.0,1.0,,1.0
crop50,R-DCSS,23,0.7666666507720947,0.23333334922790527,0.0,,1.0
crop50,R-DCSS,24,0.8999999761581421,0.10000002384185791,0.0,,1.0
crop50,R-DCSS,25,0.8999999761581421,0.10000002384185791,0.0,,1.0
crop50,R-DCSS,26,0.8999999761581421,0.10000002384185791,0.0,,1.0
crop50,R-DCSS,27,1.0,0.0,1.0,,1.0
crop50,R-DCSS,28,1.0,0.0,1.0,,1.0
crop50,R-DCSS,29,0.7666666507720947,0.23333334922790527,0.0,,1.0
crop50,R-DCSS,30,0.9666666388511658,0.03333336114883423,0.0,,1.0
crop50,R-DCSS,31,1.0,0.0,1.0,,1.0
crop50,R-DCSS,32,0.9666666388511658,0.03333336114883423,0.0,,1.0
crop50,R-DCSS,33,1.0,0.0,1.0,,1.0
crop50,R-DCSS,34,0.8999999761581421,0.10000002384185791,0.0,,1.0
crop50,R-DCSS,35,1.0,0.0,1.0,,1.0
crop50,R-DCSS,36,0.9666666388511658,0.03333336114883423,0.0,,1.0
crop50,R-DCSS,37,1.0,0.0,1.0,,1.0
crop50,R-DCSS,38,0.9666666388511658,0.03333336114883423,0.0,,1.0
crop50,R-DCSS,39,0.9333333373069763,0.06666666269302368,0.0,,1.0
crop50,R-DCSS,40,0.9333333373069763,0.06666666269302368,0.0,,1.0
crop50,R-DCSS,41,0.9666666388511658,0.03333336114883423,0.0,,1.0
crop50,R-DCSS,42,0.9666666388511658,0.03333336114883423,0.0,,1.0
crop50,R-DCSS,43,1.0,0.0,1.0,,1.0
crop50,R-DCSS,44,1.0,0.0,1.0,,1.0
crop50,R-DCSS,45,0.9666666388511658,0.03333336114883423,0.0,,1.0
crop50,R-DCSS,46,0.9666666388511658,0.03333336114883423,0.0,,1.0
crop50,R-DCSS,47,1.0,0.0,1.0,,1.0
crop50,R-DCSS,48,1.0,0.0,1.0,,1.0
crop50,R-DCSS,49,1.0,0.0,1.0,,1.0
crop50,R-DCSS,50,1.0,0.0,1.0,,1.0
crop50,R-DCSS,51,0.7666666507720947,0.23333334922790527,0.0,,1.0
crop50,R-DCSS,52,0.8333333134651184,0.1666666865348816,0.0,,1.0
crop50,R-DCSS,53,0.9666666388511658,0.03333336114883423,0.0,,1.0
crop50,R-DCSS,54,1.0,0.0,1.0,,1.0
crop50,R-DCSS,55,1.0,0.0,1.0,,1.0
crop50,R-DCSS,56,0.8666666746139526,0.13333332538604736,0.0,,0.0
crop50,R-DCSS,57,0.9333333373069763,0.06666666269302368,0.0,,1.0
crop50,R-DCSS,58,0.9333333373069763,0.06666666269302368,0.0,,1.0
crop50,R-DCSS,59,0.9666666388511658,0.03333336114883423,0.0,,1.0
crop50,R-DCSS,60,1.0,0.0,1.0,,1.0
crop50,R-DCSS,61,1.0,0.0,1.0,,1.0
crop50,R-DCSS,62,0.9666666388511658,0.03333336114883423,0.0,,1.0
crop50,R-DCSS,63,0.9333333373069763,0.06666666269302368,0.0,,1.0
crop50,R-DCSS,64,1.0,0.0,1.0,,1.0
crop50,R-DCSS,65,0.9666666388511658,0.03333336114883423,0.0,,1.0
crop50,R-DCSS,66,0.8666666746139526,0.13333332538604736,0.0,,1.0
crop50,R-DCSS,67,0.9333333373069763,0.06666666269302368,0.0,,1.0
crop50,R-DCSS,68,0.9666666388511658,0.03333336114883423,0.0,,1.0
crop50,R-DCSS,69,0.9666666388511658,0.03333336114883423,0.0,,1.0
crop50,R-DCSS,70,1.0,0.0,1.0,,1.0
crop50,R-DCSS,71,1.0,0.0,1.0,,1.0
crop50,R-DCSS,72,1.0,0.0,1.0,,1.0
crop50,R-DCSS,73,1.0,0.0,1.0,,1.0
crop50,R-DCSS,74,1.0,0.0,1.0,,1.0
crop50,R-DCSS,75,0.9333333373069763,0.06666666269302368,0.0,,1.0
crop50,R-DCSS,76,1.0,0.0,1.0,,1.0
crop50,R-DCSS,77,1.0,0.0,1.0,,1.0
crop50,R-DCSS,78,0.9666666388511658,0.03333336114883423,0.0,,1.0
crop50,R-DCSS,79,0.9666666388511658,0.03333336114883423,0.0,,1.0
crop50,R-DCSS,80,0.8333333134651184,0.1666666865348816,0.0,,1.0
crop50,R-DCSS,81,0.8333333134651184,0.1666666865348816,0.0,,1.0
crop50,R-DCSS,82,0.9333333373069763,0.06666666269302368,0.0,,1.0
crop50,R-DCSS,83,0.9666666388511658,0.03333336114883423,0.0,,1.0
crop50,R-DCSS,84,1.0,0.0,1.0,,1.0
crop50,R-DCSS,85,0.9666666388511658,0.03333336114883423,0.0,,1.0
crop50,R-DCSS,86,0.7333333492279053,0.2666666507720947,0.0,,1.0
crop50,R-DCSS,87,0.8999999761581421,0.10000002384185791,0.0,,1.0
crop50,R-DCSS,88,1.0,0.0,1.0,,1.0
crop50,R-DCSS,89,0.8666666746139526,0.13333332538604736,0.0,,1.0
crop50,R-DCSS,90,0.6333333253860474,0.36666667461395264,0.0,,1.0
crop50,R-DCSS,91,0.9666666388511658,0.03333336114883423,0.0,,1.0
crop50,R-DCSS,92,1.0,0.0,1.0,,1.0
crop50,R-DCSS,93,0.9666666388511658,0.03333336114883423,0.0,,1.0
crop50,R-DCSS,94,1.0,0.0,1.0,,1.0
crop50,R-DCSS,95,1.0,0.0,1.0,,1.0
crop50,R-DCSS,96,1.0,0.0,1.0,,1.0
crop50,R-DCSS,97,0.8999999761581421,0.10000002384185791,0.0,,1.0
crop50,R-DCSS,98,0.8999999761581421,0.10000002384185791,0.0,,1.0
crop50,R-DCSS,99,0.8999999761581421,0.10000002384185791,0.0,,1.0
crop50,R-DCSS,100,0.9333333373069763,0.06666666269302368,0.0,,1.0
crop50,R-DCSS,101,0.9333333373069763,0.06666666269302368,0.0,,1.0
crop50,R-DCSS,102,0.9333333373069763,0.06666666269302368,0.0,,1.0
crop50,R-DCSS,103,1.0,0.0,1.0,,1.0
crop50,R-DCSS,104,0.9333333373069763,0.06666666269302368,0.0,,1.0
crop50,R-DCSS,105,1.0,0.0,1.0,,1.0
crop50,R-DCSS,106,1.0,0.0,1.0,,1.0
crop50,R-DCSS,107,0.7666666507720947,0.23333334922790527,0.0,,1.0
crop50,R-DCSS,108,0.8999999761581421,0.10000002384185791,0.0,,1.0
crop50,R-DCSS,109,0.9666666388511658,0.03333336114883423,0.0,,1.0
crop50,R-DCSS,110,0.7333333492279053,0.2666666507720947,0.0,,1.0
crop50,R-DCSS,111,0.9333333373069763,0.06666666269302368,0.0,,1.0
crop50,R-DCSS,112,0.9333333373069763,0.06666666269302368,0.0,,1.0
crop50,R-DCSS,113,0.9333333373069763,0.06666666269302368,0.0,,1.0
crop50,R-DCSS,114,1.0,0.0,1.0,,1.0
crop50,R-DCSS,115,0.8999999761581421,0.10000002384185791,0.0,,0.0
crop50,R-DCSS,116,0.9666666388511658,0.03333336114883423,0.0,,1.0
crop50,R-DCSS,117,0.8333333134651184,0.1666666865348816,0.0,,0.0
crop50,R-DCSS,118,0.9666666388511658,0.03333336114883423,0.0,,1.0
crop50,R-DCSS,119,0.7333333492279053,0.2666666507720947,0.0,,0.0
crop50,R-DCSS,120,1.0,0.0,1.0,,1.0
crop50,R-DCSS,121,0.9666666388511658,0.03333336114883423,0.0,,1.0
crop50,R-DCSS,122,1.0,0.0,1.0,,1.0
crop50,R-DCSS,123,1.0,0.0,1.0,,1.0
crop50,R-DCSS,124,1.0,0.0,1.0,,1.0
crop50,R-DCSS,125,1.0,0.0,1.0,,1.0
crop50,R-DCSS,126,0.9333333373069763,0.06666666269302368,0.0,,1.0
crop50,R-DCSS,127,1.0,0.0,1.0,,1.0
crop50,R-DCSS,128,0.9333333373069763,0.06666666269302368,0.0,,1.0
crop50,R-DCSS,129,0.9666666388511658,0.03333336114883423,0.0,,1.0
crop50,R-DCSS,130,1.0,0.0,1.0,,1.0
crop50,R-DCSS,131,0.6000000238418579,0.3999999761581421,0.0,,1.0
crop50,R-DCSS,132,1.0,0.0,1.0,,1.0
crop50,R-DCSS,133,0.9666666388511658,0.03333336114883423,0.0,,1.0
crop50,R-DCSS,134,1.0,0.0,1.0,,1.0
crop50,R-DCSS,135,0.9333333373069763,0.06666666269302368,0.0,,1.0
crop50,R-DCSS,136,1.0,0.0,1.0,,1.0
crop50,R-DCSS,137,0.9333333373069763,0.06666666269302368,0.0,,1.0
crop50,R-DCSS,138,1.0,0.0,1.0,,1.0
crop50,R-DCSS,139,0.9666666388511658,0.03333336114883423,0.0,,1.0
crop50,R-DCSS,140,0.9333333373069763,0.06666666269302368,0.0,,1.0
crop50,R-DCSS,141,0.8666666746139526,0.13333332538604736,0.0,,1.0
crop50,R-DCSS,142,0.9333333373069763,0.06666666269302368,0.0,,1.0
crop50,R-DCSS,143,0.8666666746139526,0.13333332538604736,0.0,,1.0
crop50_jpeg,PIMoG-Original,0,0.5333333611488342,0.46666663885116577,0.0,,
crop50_jpeg,PIMoG-Original,1,0.36666667461395264,0.6333333253860474,0.0,,
crop50_jpeg,PIMoG-Original,2,0.6000000238418579,0.3999999761581421,0.0,,
crop50_jpeg,PIMoG-Original,3,0.36666667461395264,0.6333333253860474,0.0,,
crop50_jpeg,PIMoG-Original,4,0.5,0.5,0.0,,
crop50_jpeg,PIMoG-Original,5,0.46666666865348816,0.5333333313465118,0.0,,
crop50_jpeg,PIMoG-Original,6,0.5333333611488342,0.46666663885116577,0.0,,
crop50_jpeg,PIMoG-Original,7,0.5333333611488342,0.46666663885116577,0.0,,
crop50_jpeg,PIMoG-Original,8,0.46666666865348816,0.5333333313465118,0.0,,
crop50_jpeg,PIMoG-Original,9,0.4333333373069763,0.5666666626930237,0.0,,
crop50_jpeg,PIMoG-Original,10,0.5333333611488342,0.46666663885116577,0.0,,
crop50_jpeg,PIMoG-Original,11,0.46666666865348816,0.5333333313465118,0.0,,
crop50_jpeg,PIMoG-Original,12,0.5333333611488342,0.46666663885116577,0.0,,
crop50_jpeg,PIMoG-Original,13,0.5333333611488342,0.46666663885116577,0.0,,
crop50_jpeg,PIMoG-Original,14,0.5,0.5,0.0,,
crop50_jpeg,PIMoG-Original,15,0.46666666865348816,0.5333333313465118,0.0,,
crop50_jpeg,PIMoG-Original,16,0.5,0.5,0.0,,
crop50_jpeg,PIMoG-Original,17,0.4333333373069763,0.5666666626930237,0.0,,
crop50_jpeg,PIMoG-Original,18,0.46666666865348816,0.5333333313465118,0.0,,
crop50_jpeg,PIMoG-Original,19,0.4000000059604645,0.5999999940395355,0.0,,
crop50_jpeg,PIMoG-Original,20,0.4000000059604645,0.5999999940395355,0.0,,
crop50_jpeg,PIMoG-Original,21,0.46666666865348816,0.5333333313465118,0.0,,
crop50_jpeg,PIMoG-Original,22,0.6000000238418579,0.3999999761581421,0.0,,
crop50_jpeg,PIMoG-Original,23,0.46666666865348816,0.5333333313465118,0.0,,
crop50_jpeg,PIMoG-Original,24,0.4333333373069763,0.5666666626930237,0.0,,
crop50_jpeg,PIMoG-Original,25,0.4333333373069763,0.5666666626930237,0.0,,
crop50_jpeg,PIMoG-Original,26,0.5666666626930237,0.4333333373069763,0.0,,
crop50_jpeg,PIMoG-Original,27,0.46666666865348816,0.5333333313465118,0.0,,
crop50_jpeg,PIMoG-Original,28,0.5666666626930237,0.4333333373069763,0.0,,
crop50_jpeg,PIMoG-Original,29,0.46666666865348816,0.5333333313465118,0.0,,
crop50_jpeg,PIMoG-Original,30,0.4333333373069763,0.5666666626930237,0.0,,
crop50_jpeg,PIMoG-Original,31,0.46666666865348816,0.5333333313465118,0.0,,
crop50_jpeg,PIMoG-Original,32,0.36666667461395264,0.6333333253860474,0.0,,
crop50_jpeg,PIMoG-Original,33,0.4000000059604645,0.5999999940395355,0.0,,
crop50_jpeg,PIMoG-Original,34,0.2666666805744171,0.7333333194255829,0.0,,
crop50_jpeg,PIMoG-Original,35,0.6000000238418579,0.3999999761581421,0.0,,
crop50_jpeg,PIMoG-Original,36,0.6000000238418579,0.3999999761581421,0.0,,
crop50_jpeg,PIMoG-Original,37,0.5333333611488342,0.46666663885116577,0.0,,
crop50_jpeg,PIMoG-Original,38,0.5,0.5,0.0,,
crop50_jpeg,PIMoG-Original,39,0.2666666805744171,0.7333333194255829,0.0,,
crop50_jpeg,PIMoG-Original,40,0.3333333432674408,0.6666666567325592,0.0,,
crop50_jpeg,PIMoG-Original,41,0.5,0.5,0.0,,
crop50_jpeg,PIMoG-Original,42,0.6333333253860474,0.36666667461395264,0.0,,
crop50_jpeg,PIMoG-Original,43,0.6333333253860474,0.36666667461395264,0.0,,
crop50_jpeg,PIMoG-Original,44,0.3333333432674408,0.6666666567325592,0.0,,
crop50_jpeg,PIMoG-Original,45,0.4000000059604645,0.5999999940395355,0.0,,
crop50_jpeg,PIMoG-Original,46,0.4333333373069763,0.5666666626930237,0.0,,
crop50_jpeg,PIMoG-Original,47,0.4000000059604645,0.5999999940395355,0.0,,
crop50_jpeg,PIMoG-Original,48,0.4000000059604645,0.5999999940395355,0.0,,
crop50_jpeg,PIMoG-Original,49,0.5666666626930237,0.4333333373069763,0.0,,
crop50_jpeg,PIMoG-Original,50,0.4333333373069763,0.5666666626930237,0.0,,
crop50_jpeg,PIMoG-Original,51,0.3333333432674408,0.6666666567325592,0.0,,
crop50_jpeg,PIMoG-Original,52,0.5,0.5,0.0,,
crop50_jpeg,PIMoG-Original,53,0.46666666865348816,0.5333333313465118,0.0,,
crop50_jpeg,PIMoG-Original,54,0.46666666865348816,0.5333333313465118,0.0,,
crop50_jpeg,PIMoG-Original,55,0.5333333611488342,0.46666663885116577,0.0,,
crop50_jpeg,PIMoG-Original,56,0.3333333432674408,0.6666666567325592,0.0,,
crop50_jpeg,PIMoG-Original,57,0.6000000238418579,0.3999999761581421,0.0,,
crop50_jpeg,PIMoG-Original,58,0.6000000238418579,0.3999999761581421,0.0,,
crop50_jpeg,PIMoG-Original,59,0.4333333373069763,0.5666666626930237,0.0,,
crop50_jpeg,PIMoG-Original,60,0.5,0.5,0.0,,
crop50_jpeg,PIMoG-Original,61,0.4333333373069763,0.5666666626930237,0.0,,
crop50_jpeg,PIMoG-Original,62,0.46666666865348816,0.5333333313465118,0.0,,
crop50_jpeg,PIMoG-Original,63,0.46666666865348816,0.5333333313465118,0.0,,
crop50_jpeg,PIMoG-Original,64,0.2666666805744171,0.7333333194255829,0.0,,
crop50_jpeg,PIMoG-Original,65,0.3333333432674408,0.6666666567325592,0.0,,
crop50_jpeg,PIMoG-Original,66,0.5,0.5,0.0,,
crop50_jpeg,PIMoG-Original,67,0.36666667461395264,0.6333333253860474,0.0,,
crop50_jpeg,PIMoG-Original,68,0.6000000238418579,0.3999999761581421,0.0,,
crop50_jpeg,PIMoG-Original,69,0.46666666865348816,0.5333333313465118,0.0,,
crop50_jpeg,PIMoG-Original,70,0.46666666865348816,0.5333333313465118,0.0,,
crop50_jpeg,PIMoG-Original,71,0.36666667461395264,0.6333333253860474,0.0,,
crop50_jpeg,PIMoG-Original,72,0.3333333432674408,0.6666666567325592,0.0,,
crop50_jpeg,PIMoG-Original,73,0.5666666626930237,0.4333333373069763,0.0,,
crop50_jpeg,PIMoG-Original,74,0.6000000238418579,0.3999999761581421,0.0,,
crop50_jpeg,PIMoG-Original,75,0.6000000238418579,0.3999999761581421,0.0,,
crop50_jpeg,PIMoG-Original,76,0.5,0.5,0.0,,
crop50_jpeg,PIMoG-Original,77,0.6000000238418579,0.3999999761581421,0.0,,
crop50_jpeg,PIMoG-Original,78,0.5666666626930237,0.4333333373069763,0.0,,
crop50_jpeg,PIMoG-Original,79,0.6000000238418579,0.3999999761581421,0.0,,
crop50_jpeg,PIMoG-Original,80,0.6333333253860474,0.36666667461395264,0.0,,
crop50_jpeg,PIMoG-Original,81,0.46666666865348816,0.5333333313465118,0.0,,
crop50_jpeg,PIMoG-Original,82,0.5,0.5,0.0,,
crop50_jpeg,PIMoG-Original,83,0.3333333432674408,0.6666666567325592,0.0,,
crop50_jpeg,PIMoG-Original,84,0.36666667461395264,0.6333333253860474,0.0,,
crop50_jpeg,PIMoG-Original,85,0.6000000238418579,0.3999999761581421,0.0,,
crop50_jpeg,PIMoG-Original,86,0.46666666865348816,0.5333333313465118,0.0,,
crop50_jpeg,PIMoG-Original,87,0.5,0.5,0.0,,
crop50_jpeg,PIMoG-Original,88,0.6000000238418579,0.3999999761581421,0.0,,
crop50_jpeg,PIMoG-Original,89,0.6000000238418579,0.3999999761581421,0.0,,
crop50_jpeg,PIMoG-Original,90,0.5666666626930237,0.4333333373069763,0.0,,
crop50_jpeg,PIMoG-Original,91,0.6000000238418579,0.3999999761581421,0.0,,
crop50_jpeg,PIMoG-Original,92,0.4333333373069763,0.5666666626930237,0.0,,
crop50_jpeg,PIMoG-Original,93,0.4333333373069763,0.5666666626930237,0.0,,
crop50_jpeg,PIMoG-Original,94,0.46666666865348816,0.5333333313465118,0.0,,
crop50_jpeg,PIMoG-Original,95,0.4333333373069763,0.5666666626930237,0.0,,
crop50_jpeg,PIMoG-Original,96,0.46666666865348816,0.5333333313465118,0.0,,
crop50_jpeg,PIMoG-Original,97,0.5333333611488342,0.46666663885116577,0.0,,
crop50_jpeg,PIMoG-Original,98,0.4000000059604645,0.5999999940395355,0.0,,
crop50_jpeg,PIMoG-Original,99,0.5666666626930237,0.4333333373069763,0.0,,
crop50_jpeg,PIMoG-Original,100,0.3333333432674408,0.6666666567325592,0.0,,
crop50_jpeg,PIMoG-Original,101,0.5,0.5,0.0,,
crop50_jpeg,PIMoG-Original,102,0.46666666865348816,0.5333333313465118,0.0,,
crop50_jpeg,PIMoG-Original,103,0.6000000238418579,0.3999999761581421,0.0,,
crop50_jpeg,PIMoG-Original,104,0.5,0.5,0.0,,
crop50_jpeg,PIMoG-Original,105,0.3333333432674408,0.6666666567325592,0.0,,
crop50_jpeg,PIMoG-Original,106,0.46666666865348816,0.5333333313465118,0.0,,
crop50_jpeg,PIMoG-Original,107,0.46666666865348816,0.5333333313465118,0.0,,
crop50_jpeg,PIMoG-Original,108,0.4000000059604645,0.5999999940395355,0.0,,
crop50_jpeg,PIMoG-Original,109,0.4333333373069763,0.5666666626930237,0.0,,
crop50_jpeg,PIMoG-Original,110,0.36666667461395264,0.6333333253860474,0.0,,
crop50_jpeg,PIMoG-Original,111,0.6333333253860474,0.36666667461395264,0.0,,
crop50_jpeg,PIMoG-Original,112,0.5,0.5,0.0,,
crop50_jpeg,PIMoG-Original,113,0.4333333373069763,0.5666666626930237,0.0,,
crop50_jpeg,PIMoG-Original,114,0.6666666865348816,0.3333333134651184,0.0,,
crop50_jpeg,PIMoG-Original,115,0.46666666865348816,0.5333333313465118,0.0,,
crop50_jpeg,PIMoG-Original,116,0.46666666865348816,0.5333333313465118,0.0,,
crop50_jpeg,PIMoG-Original,117,0.4000000059604645,0.5999999940395355,0.0,,
crop50_jpeg,PIMoG-Original,118,0.5,0.5,0.0,,
crop50_jpeg,PIMoG-Original,119,0.5,0.5,0.0,,
crop50_jpeg,PIMoG-Original,120,0.5666666626930237,0.4333333373069763,0.0,,
crop50_jpeg,PIMoG-Original,121,0.5666666626930237,0.4333333373069763,0.0,,
crop50_jpeg,PIMoG-Original,122,0.46666666865348816,0.5333333313465118,0.0,,
crop50_jpeg,PIMoG-Original,123,0.6666666865348816,0.3333333134651184,0.0,,
crop50_jpeg,PIMoG-Original,124,0.5333333611488342,0.46666663885116577,0.0,,
crop50_jpeg,PIMoG-Original,125,0.6000000238418579,0.3999999761581421,0.0,,
crop50_jpeg,PIMoG-Original,126,0.46666666865348816,0.5333333313465118,0.0,,
crop50_jpeg,PIMoG-Original,127,0.7666666507720947,0.23333334922790527,0.0,,
crop50_jpeg,PIMoG-Original,128,0.5,0.5,0.0,,
crop50_jpeg,PIMoG-Original,129,0.46666666865348816,0.5333333313465118,0.0,,
crop50_jpeg,PIMoG-Original,130,0.6666666865348816,0.3333333134651184,0.0,,
crop50_jpeg,PIMoG-Original,131,0.4333333373069763,0.5666666626930237,0.0,,
crop50_jpeg,PIMoG-Original,132,0.4000000059604645,0.5999999940395355,0.0,,
crop50_jpeg,PIMoG-Original,133,0.5333333611488342,0.46666663885116577,0.0,,
crop50_jpeg,PIMoG-Original,134,0.5666666626930237,0.4333333373069763,0.0,,
crop50_jpeg,PIMoG-Original,135,0.6000000238418579,0.3999999761581421,0.0,,
crop50_jpeg,PIMoG-Original,136,0.4333333373069763,0.5666666626930237,0.0,,
crop50_jpeg,PIMoG-Original,137,0.4000000059604645,0.5999999940395355,0.0,,
crop50_jpeg,PIMoG-Original,138,0.6333333253860474,0.36666667461395264,0.0,,
crop50_jpeg,PIMoG-Original,139,0.36666667461395264,0.6333333253860474,0.0,,
crop50_jpeg,PIMoG-Original,140,0.5,0.5,0.0,,
crop50_jpeg,PIMoG-Original,141,0.5,0.5,0.0,,
crop50_jpeg,PIMoG-Original,142,0.36666667461395264,0.6333333253860474,0.0,,
crop50_jpeg,PIMoG-Original,143,0.5333333611488342,0.46666663885116577,0.0,,
crop50_jpeg,Coarse-Prior,0,0.5333333611488342,0.46666663885116577,0.0,,
crop50_jpeg,Coarse-Prior,1,0.6666666865348816,0.3333333134651184,0.0,,
crop50_jpeg,Coarse-Prior,2,0.699999988079071,0.30000001192092896,0.0,,
crop50_jpeg,Coarse-Prior,3,0.6666666865348816,0.3333333134651184,0.0,,
crop50_jpeg,Coarse-Prior,4,0.5666666626930237,0.4333333373069763,0.0,,
crop50_jpeg,Coarse-Prior,5,0.7333333492279053,0.2666666507720947,0.0,,
crop50_jpeg,Coarse-Prior,6,0.5666666626930237,0.4333333373069763,0.0,,
crop50_jpeg,Coarse-Prior,7,0.6000000238418579,0.3999999761581421,0.0,,
crop50_jpeg,Coarse-Prior,8,0.5666666626930237,0.4333333373069763,0.0,,
crop50_jpeg,Coarse-Prior,9,0.36666667461395264,0.6333333253860474,0.0,,
crop50_jpeg,Coarse-Prior,10,0.5666666626930237,0.4333333373069763,0.0,,
crop50_jpeg,Coarse-Prior,11,0.5666666626930237,0.4333333373069763,0.0,,
crop50_jpeg,Coarse-Prior,12,0.6666666865348816,0.3333333134651184,0.0,,
crop50_jpeg,Coarse-Prior,13,0.699999988079071,0.30000001192092896,0.0,,
crop50_jpeg,Coarse-Prior,14,0.6666666865348816,0.3333333134651184,0.0,,
crop50_jpeg,Coarse-Prior,15,0.6333333253860474,0.36666667461395264,0.0,,
crop50_jpeg,Coarse-Prior,16,0.7333333492279053,0.2666666507720947,0.0,,
crop50_jpeg,Coarse-Prior,17,0.6666666865348816,0.3333333134651184,0.0,,
crop50_jpeg,Coarse-Prior,18,0.699999988079071,0.30000001192092896,0.0,,
crop50_jpeg,Coarse-Prior,19,0.7333333492279053,0.2666666507720947,0.0,,
crop50_jpeg,Coarse-Prior,20,0.6000000238418579,0.3999999761581421,0.0,,
crop50_jpeg,Coarse-Prior,21,0.5,0.5,0.0,,
crop50_jpeg,Coarse-Prior,22,0.6000000238418579,0.3999999761581421,0.0,,
crop50_jpeg,Coarse-Prior,23,0.7333333492279053,0.2666666507720947,0.0,,
crop50_jpeg,Coarse-Prior,24,0.6000000238418579,0.3999999761581421,0.0,,
crop50_jpeg,Coarse-Prior,25,0.6666666865348816,0.3333333134651184,0.0,,
crop50_jpeg,Coarse-Prior,26,0.6000000238418579,0.3999999761581421,0.0,,
crop50_jpeg,Coarse-Prior,27,0.699999988079071,0.30000001192092896,0.0,,
crop50_jpeg,Coarse-Prior,28,0.5666666626930237,0.4333333373069763,0.0,,
crop50_jpeg,Coarse-Prior,29,0.6666666865348816,0.3333333134651184,0.0,,
crop50_jpeg,Coarse-Prior,30,0.5,0.5,0.0,,
crop50_jpeg,Coarse-Prior,31,0.5333333611488342,0.46666663885116577,0.0,,
crop50_jpeg,Coarse-Prior,32,0.7666666507720947,0.23333334922790527,0.0,,
crop50_jpeg,Coarse-Prior,33,0.8333333134651184,0.1666666865348816,0.0,,
crop50_jpeg,Coarse-Prior,34,0.5,0.5,0.0,,
crop50_jpeg,Coarse-Prior,35,0.30000001192092896,0.699999988079071,0.0,,
crop50_jpeg,Coarse-Prior,36,0.6333333253860474,0.36666667461395264,0.0,,
crop50_jpeg,Coarse-Prior,37,0.6333333253860474,0.36666667461395264,0.0,,
crop50_jpeg,Coarse-Prior,38,0.46666666865348816,0.5333333313465118,0.0,,
crop50_jpeg,Coarse-Prior,39,0.5,0.5,0.0,,
crop50_jpeg,Coarse-Prior,40,0.5,0.5,0.0,,
crop50_jpeg,Coarse-Prior,41,0.46666666865348816,0.5333333313465118,0.0,,
crop50_jpeg,Coarse-Prior,42,0.4000000059604645,0.5999999940395355,0.0,,
crop50_jpeg,Coarse-Prior,43,0.6666666865348816,0.3333333134651184,0.0,,
crop50_jpeg,Coarse-Prior,44,0.6333333253860474,0.36666667461395264,0.0,,
crop50_jpeg,Coarse-Prior,45,0.800000011920929,0.19999998807907104,0.0,,
crop50_jpeg,Coarse-Prior,46,0.6666666865348816,0.3333333134651184,0.0,,
crop50_jpeg,Coarse-Prior,47,0.8333333134651184,0.1666666865348816,0.0,,
crop50_jpeg,Coarse-Prior,48,0.800000011920929,0.19999998807907104,0.0,,
crop50_jpeg,Coarse-Prior,49,0.5333333611488342,0.46666663885116577,0.0,,
crop50_jpeg,Coarse-Prior,50,0.6333333253860474,0.36666667461395264,0.0,,
crop50_jpeg,Coarse-Prior,51,0.6333333253860474,0.36666667461395264,0.0,,
crop50_jpeg,Coarse-Prior,52,0.7666666507720947,0.23333334922790527,0.0,,
crop50_jpeg,Coarse-Prior,53,0.6666666865348816,0.3333333134651184,0.0,,
crop50_jpeg,Coarse-Prior,54,0.5333333611488342,0.46666663885116577,0.0,,
crop50_jpeg,Coarse-Prior,55,0.46666666865348816,0.5333333313465118,0.0,,
crop50_jpeg,Coarse-Prior,56,0.5333333611488342,0.46666663885116577,0.0,,
crop50_jpeg,Coarse-Prior,57,0.5,0.5,0.0,,
crop50_jpeg,Coarse-Prior,58,0.7666666507720947,0.23333334922790527,0.0,,
crop50_jpeg,Coarse-Prior,59,0.5666666626930237,0.4333333373069763,0.0,,
crop50_jpeg,Coarse-Prior,60,0.46666666865348816,0.5333333313465118,0.0,,
crop50_jpeg,Coarse-Prior,61,0.6666666865348816,0.3333333134651184,0.0,,
crop50_jpeg,Coarse-Prior,62,0.699999988079071,0.30000001192092896,0.0,,
crop50_jpeg,Coarse-Prior,63,0.7666666507720947,0.23333334922790527,0.0,,
crop50_jpeg,Coarse-Prior,64,0.5666666626930237,0.4333333373069763,0.0,,
crop50_jpeg,Coarse-Prior,65,0.4333333373069763,0.5666666626930237,0.0,,
crop50_jpeg,Coarse-Prior,66,0.6333333253860474,0.36666667461395264,0.0,,
crop50_jpeg,Coarse-Prior,67,0.699999988079071,0.30000001192092896,0.0,,
crop50_jpeg,Coarse-Prior,68,0.6333333253860474,0.36666667461395264,0.0,,
crop50_jpeg,Coarse-Prior,69,0.6000000238418579,0.3999999761581421,0.0,,
crop50_jpeg,Coarse-Prior,70,0.8333333134651184,0.1666666865348816,0.0,,
crop50_jpeg,Coarse-Prior,71,0.699999988079071,0.30000001192092896,0.0,,
crop50_jpeg,Coarse-Prior,72,0.5666666626930237,0.4333333373069763,0.0,,
crop50_jpeg,Coarse-Prior,73,0.8333333134651184,0.1666666865348816,0.0,,
crop50_jpeg,Coarse-Prior,74,0.6333333253860474,0.36666667461395264,0.0,,
crop50_jpeg,Coarse-Prior,75,0.4333333373069763,0.5666666626930237,0.0,,
crop50_jpeg,Coarse-Prior,76,0.7333333492279053,0.2666666507720947,0.0,,
crop50_jpeg,Coarse-Prior,77,0.6333333253860474,0.36666667461395264,0.0,,
crop50_jpeg,Coarse-Prior,78,0.6666666865348816,0.3333333134651184,0.0,,
crop50_jpeg,Coarse-Prior,79,0.5666666626930237,0.4333333373069763,0.0,,
crop50_jpeg,Coarse-Prior,80,0.6333333253860474,0.36666667461395264,0.0,,
crop50_jpeg,Coarse-Prior,81,0.5666666626930237,0.4333333373069763,0.0,,
crop50_jpeg,Coarse-Prior,82,0.699999988079071,0.30000001192092896,0.0,,
crop50_jpeg,Coarse-Prior,83,0.5333333611488342,0.46666663885116577,0.0,,
crop50_jpeg,Coarse-Prior,84,0.6666666865348816,0.3333333134651184,0.0,,
crop50_jpeg,Coarse-Prior,85,0.699999988079071,0.30000001192092896,0.0,,
crop50_jpeg,Coarse-Prior,86,0.5666666626930237,0.4333333373069763,0.0,,
crop50_jpeg,Coarse-Prior,87,0.8333333134651184,0.1666666865348816,0.0,,
crop50_jpeg,Coarse-Prior,88,0.8666666746139526,0.13333332538604736,0.0,,
crop50_jpeg,Coarse-Prior,89,0.6333333253860474,0.36666667461395264,0.0,,
crop50_jpeg,Coarse-Prior,90,0.6000000238418579,0.3999999761581421,0.0,,
crop50_jpeg,Coarse-Prior,91,0.4000000059604645,0.5999999940395355,0.0,,
crop50_jpeg,Coarse-Prior,92,0.6333333253860474,0.36666667461395264,0.0,,
crop50_jpeg,Coarse-Prior,93,0.6333333253860474,0.36666667461395264,0.0,,
crop50_jpeg,Coarse-Prior,94,0.699999988079071,0.30000001192092896,0.0,,
crop50_jpeg,Coarse-Prior,95,0.5333333611488342,0.46666663885116577,0.0,,
crop50_jpeg,Coarse-Prior,96,0.7666666507720947,0.23333334922790527,0.0,,
crop50_jpeg,Coarse-Prior,97,0.5,0.5,0.0,,
crop50_jpeg,Coarse-Prior,98,0.5333333611488342,0.46666663885116577,0.0,,
crop50_jpeg,Coarse-Prior,99,0.5666666626930237,0.4333333373069763,0.0,,
crop50_jpeg,Coarse-Prior,100,0.5,0.5,0.0,,
crop50_jpeg,Coarse-Prior,101,0.6666666865348816,0.3333333134651184,0.0,,
crop50_jpeg,Coarse-Prior,102,0.5,0.5,0.0,,
crop50_jpeg,Coarse-Prior,103,0.7333333492279053,0.2666666507720947,0.0,,
crop50_jpeg,Coarse-Prior,104,0.6666666865348816,0.3333333134651184,0.0,,
crop50_jpeg,Coarse-Prior,105,0.6333333253860474,0.36666667461395264,0.0,,
crop50_jpeg,Coarse-Prior,106,0.7666666507720947,0.23333334922790527,0.0,,
crop50_jpeg,Coarse-Prior,107,0.6000000238418579,0.3999999761581421,0.0,,
crop50_jpeg,Coarse-Prior,108,0.5333333611488342,0.46666663885116577,0.0,,
crop50_jpeg,Coarse-Prior,109,0.5666666626930237,0.4333333373069763,0.0,,
crop50_jpeg,Coarse-Prior,110,0.5,0.5,0.0,,
crop50_jpeg,Coarse-Prior,111,0.699999988079071,0.30000001192092896,0.0,,
crop50_jpeg,Coarse-Prior,112,0.6666666865348816,0.3333333134651184,0.0,,
crop50_jpeg,Coarse-Prior,113,0.6666666865348816,0.3333333134651184,0.0,,
crop50_jpeg,Coarse-Prior,114,0.6333333253860474,0.36666667461395264,0.0,,
crop50_jpeg,Coarse-Prior,115,0.699999988079071,0.30000001192092896,0.0,,
crop50_jpeg,Coarse-Prior,116,0.6333333253860474,0.36666667461395264,0.0,,
crop50_jpeg,Coarse-Prior,117,0.46666666865348816,0.5333333313465118,0.0,,
crop50_jpeg,Coarse-Prior,118,0.5666666626930237,0.4333333373069763,0.0,,
crop50_jpeg,Coarse-Prior,119,0.46666666865348816,0.5333333313465118,0.0,,
crop50_jpeg,Coarse-Prior,120,0.6333333253860474,0.36666667461395264,0.0,,
crop50_jpeg,Coarse-Prior,121,0.6000000238418579,0.3999999761581421,0.0,,
crop50_jpeg,Coarse-Prior,122,0.4333333373069763,0.5666666626930237,0.0,,
crop50_jpeg,Coarse-Prior,123,0.800000011920929,0.19999998807907104,0.0,,
crop50_jpeg,Coarse-Prior,124,0.5,0.5,0.0,,
crop50_jpeg,Coarse-Prior,125,0.8333333134651184,0.1666666865348816,0.0,,
crop50_jpeg,Coarse-Prior,126,0.9333333373069763,0.06666666269302368,0.0,,
crop50_jpeg,Coarse-Prior,127,0.6000000238418579,0.3999999761581421,0.0,,
crop50_jpeg,Coarse-Prior,128,0.7333333492279053,0.2666666507720947,0.0,,
crop50_jpeg,Coarse-Prior,129,0.5666666626930237,0.4333333373069763,0.0,,
crop50_jpeg,Coarse-Prior,130,0.8999999761581421,0.10000002384185791,0.0,,
crop50_jpeg,Coarse-Prior,131,0.6666666865348816,0.3333333134651184,0.0,,
crop50_jpeg,Coarse-Prior,132,0.800000011920929,0.19999998807907104,0.0,,
crop50_jpeg,Coarse-Prior,133,0.800000011920929,0.19999998807907104,0.0,,
crop50_jpeg,Coarse-Prior,134,0.7666666507720947,0.23333334922790527,0.0,,
crop50_jpeg,Coarse-Prior,135,0.699999988079071,0.30000001192092896,0.0,,
crop50_jpeg,Coarse-Prior,136,0.6000000238418579,0.3999999761581421,0.0,,
crop50_jpeg,Coarse-Prior,137,0.6666666865348816,0.3333333134651184,0.0,,
crop50_jpeg,Coarse-Prior,138,0.5,0.5,0.0,,
crop50_jpeg,Coarse-Prior,139,0.5666666626930237,0.4333333373069763,0.0,,
crop50_jpeg,Coarse-Prior,140,0.800000011920929,0.19999998807907104,0.0,,
crop50_jpeg,Coarse-Prior,141,0.4000000059604645,0.5999999940395355,0.0,,
crop50_jpeg,Coarse-Prior,142,0.6666666865348816,0.3333333134651184,0.0,,
crop50_jpeg,Coarse-Prior,143,0.4333333373069763,0.5666666626930237,0.0,,
crop50_jpeg,Multi-View-Average,0,0.6000000238418579,0.3999999761581421,0.0,,
crop50_jpeg,Multi-View-Average,1,0.6666666865348816,0.3333333134651184,0.0,,
crop50_jpeg,Multi-View-Average,2,0.6666666865348816,0.3333333134651184,0.0,,
crop50_jpeg,Multi-View-Average,3,0.6666666865348816,0.3333333134651184,0.0,,
crop50_jpeg,Multi-View-Average,4,0.5333333611488342,0.46666663885116577,0.0,,
crop50_jpeg,Multi-View-Average,5,0.699999988079071,0.30000001192092896,0.0,,
crop50_jpeg,Multi-View-Average,6,0.5666666626930237,0.4333333373069763,0.0,,
crop50_jpeg,Multi-View-Average,7,0.5666666626930237,0.4333333373069763,0.0,,
crop50_jpeg,Multi-View-Average,8,0.5333333611488342,0.46666663885116577,0.0,,
crop50_jpeg,Multi-View-Average,9,0.5333333611488342,0.46666663885116577,0.0,,
crop50_jpeg,Multi-View-Average,10,0.5666666626930237,0.4333333373069763,0.0,,
crop50_jpeg,Multi-View-Average,11,0.5333333611488342,0.46666663885116577,0.0,,
crop50_jpeg,Multi-View-Average,12,0.7666666507720947,0.23333334922790527,0.0,,
crop50_jpeg,Multi-View-Average,13,0.7333333492279053,0.2666666507720947,0.0,,
crop50_jpeg,Multi-View-Average,14,0.7666666507720947,0.23333334922790527,0.0,,
crop50_jpeg,Multi-View-Average,15,0.6333333253860474,0.36666667461395264,0.0,,
crop50_jpeg,Multi-View-Average,16,0.6000000238418579,0.3999999761581421,0.0,,
crop50_jpeg,Multi-View-Average,17,0.7666666507720947,0.23333334922790527,0.0,,
crop50_jpeg,Multi-View-Average,18,0.6666666865348816,0.3333333134651184,0.0,,
crop50_jpeg,Multi-View-Average,19,0.6666666865348816,0.3333333134651184,0.0,,
crop50_jpeg,Multi-View-Average,20,0.6000000238418579,0.3999999761581421,0.0,,
crop50_jpeg,Multi-View-Average,21,0.5,0.5,0.0,,
crop50_jpeg,Multi-View-Average,22,0.6000000238418579,0.3999999761581421,0.0,,
crop50_jpeg,Multi-View-Average,23,0.6333333253860474,0.36666667461395264,0.0,,
crop50_jpeg,Multi-View-Average,24,0.6666666865348816,0.3333333134651184,0.0,,
crop50_jpeg,Multi-View-Average,25,0.6000000238418579,0.3999999761581421,0.0,,
crop50_jpeg,Multi-View-Average,26,0.6000000238418579,0.3999999761581421,0.0,,
crop50_jpeg,Multi-View-Average,27,0.699999988079071,0.30000001192092896,0.0,,
crop50_jpeg,Multi-View-Average,28,0.5666666626930237,0.4333333373069763,0.0,,
crop50_jpeg,Multi-View-Average,29,0.7333333492279053,0.2666666507720947,0.0,,
crop50_jpeg,Multi-View-Average,30,0.5,0.5,0.0,,
crop50_jpeg,Multi-View-Average,31,0.5,0.5,0.0,,
crop50_jpeg,Multi-View-Average,32,0.699999988079071,0.30000001192092896,0.0,,
crop50_jpeg,Multi-View-Average,33,0.7666666507720947,0.23333334922790527,0.0,,
crop50_jpeg,Multi-View-Average,34,0.4333333373069763,0.5666666626930237,0.0,,
crop50_jpeg,Multi-View-Average,35,0.36666667461395264,0.6333333253860474,0.0,,
crop50_jpeg,Multi-View-Average,36,0.7333333492279053,0.2666666507720947,0.0,,
crop50_jpeg,Multi-View-Average,37,0.6333333253860474,0.36666667461395264,0.0,,
crop50_jpeg,Multi-View-Average,38,0.5,0.5,0.0,,
crop50_jpeg,Multi-View-Average,39,0.6000000238418579,0.3999999761581421,0.0,,
crop50_jpeg,Multi-View-Average,40,0.46666666865348816,0.5333333313465118,0.0,,
crop50_jpeg,Multi-View-Average,41,0.4333333373069763,0.5666666626930237,0.0,,
crop50_jpeg,Multi-View-Average,42,0.36666667461395264,0.6333333253860474,0.0,,
crop50_jpeg,Multi-View-Average,43,0.7666666507720947,0.23333334922790527,0.0,,
crop50_jpeg,Multi-View-Average,44,0.699999988079071,0.30000001192092896,0.0,,
crop50_jpeg,Multi-View-Average,45,0.7666666507720947,0.23333334922790527,0.0,,
crop50_jpeg,Multi-View-Average,46,0.6666666865348816,0.3333333134651184,0.0,,
crop50_jpeg,Multi-View-Average,47,0.800000011920929,0.19999998807907104,0.0,,
crop50_jpeg,Multi-View-Average,48,0.7333333492279053,0.2666666507720947,0.0,,
crop50_jpeg,Multi-View-Average,49,0.6000000238418579,0.3999999761581421,0.0,,
crop50_jpeg,Multi-View-Average,50,0.699999988079071,0.30000001192092896,0.0,,
crop50_jpeg,Multi-View-Average,51,0.7333333492279053,0.2666666507720947,0.0,,
crop50_jpeg,Multi-View-Average,52,0.7333333492279053,0.2666666507720947,0.0,,
crop50_jpeg,Multi-View-Average,53,0.6000000238418579,0.3999999761581421,0.0,,
crop50_jpeg,Multi-View-Average,54,0.6000000238418579,0.3999999761581421,0.0,,
crop50_jpeg,Multi-View-Average,55,0.5,0.5,0.0,,
crop50_jpeg,Multi-View-Average,56,0.5333333611488342,0.46666663885116577,0.0,,
crop50_jpeg,Multi-View-Average,57,0.5666666626930237,0.4333333373069763,0.0,,
crop50_jpeg,Multi-View-Average,58,0.7333333492279053,0.2666666507720947,0.0,,
crop50_jpeg,Multi-View-Average,59,0.6333333253860474,0.36666667461395264,0.0,,
crop50_jpeg,Multi-View-Average,60,0.5333333611488342,0.46666663885116577,0.0,,
crop50_jpeg,Multi-View-Average,61,0.699999988079071,0.30000001192092896,0.0,,
crop50_jpeg,Multi-View-Average,62,0.7333333492279053,0.2666666507720947,0.0,,
crop50_jpeg,Multi-View-Average,63,0.7666666507720947,0.23333334922790527,0.0,,
crop50_jpeg,Multi-View-Average,64,0.6333333253860474,0.36666667461395264,0.0,,
crop50_jpeg,Multi-View-Average,65,0.4333333373069763,0.5666666626930237,0.0,,
crop50_jpeg,Multi-View-Average,66,0.5333333611488342,0.46666663885116577,0.0,,
crop50_jpeg,Multi-View-Average,67,0.7666666507720947,0.23333334922790527,0.0,,
crop50_jpeg,Multi-View-Average,68,0.6000000238418579,0.3999999761581421,0.0,,
crop50_jpeg,Multi-View-Average,69,0.6333333253860474,0.36666667461395264,0.0,,
crop50_jpeg,Multi-View-Average,70,0.8333333134651184,0.1666666865348816,0.0,,
crop50_jpeg,Multi-View-Average,71,0.6666666865348816,0.3333333134651184,0.0,,
crop50_jpeg,Multi-View-Average,72,0.6666666865348816,0.3333333134651184,0.0,,
crop50_jpeg,Multi-View-Average,73,0.7666666507720947,0.23333334922790527,0.0,,
crop50_jpeg,Multi-View-Average,74,0.6333333253860474,0.36666667461395264,0.0,,
crop50_jpeg,Multi-View-Average,75,0.46666666865348816,0.5333333313465118,0.0,,
crop50_jpeg,Multi-View-Average,76,0.699999988079071,0.30000001192092896,0.0,,
crop50_jpeg,Multi-View-Average,77,0.699999988079071,0.30000001192092896,0.0,,
crop50_jpeg,Multi-View-Average,78,0.6333333253860474,0.36666667461395264,0.0,,
crop50_jpeg,Multi-View-Average,79,0.5,0.5,0.0,,
crop50_jpeg,Multi-View-Average,80,0.6333333253860474,0.36666667461395264,0.0,,
crop50_jpeg,Multi-View-Average,81,0.6333333253860474,0.36666667461395264,0.0,,
crop50_jpeg,Multi-View-Average,82,0.6666666865348816,0.3333333134651184,0.0,,
crop50_jpeg,Multi-View-Average,83,0.5666666626930237,0.4333333373069763,0.0,,
crop50_jpeg,Multi-View-Average,84,0.699999988079071,0.30000001192092896,0.0,,
crop50_jpeg,Multi-View-Average,85,0.6333333253860474,0.36666667461395264,0.0,,
crop50_jpeg,Multi-View-Average,86,0.699999988079071,0.30000001192092896,0.0,,
crop50_jpeg,Multi-View-Average,87,0.6666666865348816,0.3333333134651184,0.0,,
crop50_jpeg,Multi-View-Average,88,0.7333333492279053,0.2666666507720947,0.0,,
crop50_jpeg,Multi-View-Average,89,0.699999988079071,0.30000001192092896,0.0,,
crop50_jpeg,Multi-View-Average,90,0.6000000238418579,0.3999999761581421,0.0,,
crop50_jpeg,Multi-View-Average,91,0.46666666865348816,0.5333333313465118,0.0,,
crop50_jpeg,Multi-View-Average,92,0.6333333253860474,0.36666667461395264,0.0,,
crop50_jpeg,Multi-View-Average,93,0.5333333611488342,0.46666663885116577,0.0,,
crop50_jpeg,Multi-View-Average,94,0.6666666865348816,0.3333333134651184,0.0,,
crop50_jpeg,Multi-View-Average,95,0.6333333253860474,0.36666667461395264,0.0,,
crop50_jpeg,Multi-View-Average,96,0.7333333492279053,0.2666666507720947,0.0,,
crop50_jpeg,Multi-View-Average,97,0.5333333611488342,0.46666663885116577,0.0,,
crop50_jpeg,Multi-View-Average,98,0.5666666626930237,0.4333333373069763,0.0,,
crop50_jpeg,Multi-View-Average,99,0.5,0.5,0.0,,
crop50_jpeg,Multi-View-Average,100,0.5333333611488342,0.46666663885116577,0.0,,
crop50_jpeg,Multi-View-Average,101,0.6666666865348816,0.3333333134651184,0.0,,
crop50_jpeg,Multi-View-Average,102,0.5,0.5,0.0,,
crop50_jpeg,Multi-View-Average,103,0.7666666507720947,0.23333334922790527,0.0,,
crop50_jpeg,Multi-View-Average,104,0.7333333492279053,0.2666666507720947,0.0,,
crop50_jpeg,Multi-View-Average,105,0.6000000238418579,0.3999999761581421,0.0,,
crop50_jpeg,Multi-View-Average,106,0.800000011920929,0.19999998807907104,0.0,,
crop50_jpeg,Multi-View-Average,107,0.5666666626930237,0.4333333373069763,0.0,,
crop50_jpeg,Multi-View-Average,108,0.5666666626930237,0.4333333373069763,0.0,,
crop50_jpeg,Multi-View-Average,109,0.5333333611488342,0.46666663885116577,0.0,,
crop50_jpeg,Multi-View-Average,110,0.5,0.5,0.0,,
crop50_jpeg,Multi-View-Average,111,0.7333333492279053,0.2666666507720947,0.0,,
crop50_jpeg,Multi-View-Average,112,0.6333333253860474,0.36666667461395264,0.0,,
crop50_jpeg,Multi-View-Average,113,0.699999988079071,0.30000001192092896,0.0,,
crop50_jpeg,Multi-View-Average,114,0.6333333253860474,0.36666667461395264,0.0,,
crop50_jpeg,Multi-View-Average,115,0.6333333253860474,0.36666667461395264,0.0,,
crop50_jpeg,Multi-View-Average,116,0.6000000238418579,0.3999999761581421,0.0,,
crop50_jpeg,Multi-View-Average,117,0.46666666865348816,0.5333333313465118,0.0,,
crop50_jpeg,Multi-View-Average,118,0.6000000238418579,0.3999999761581421,0.0,,
crop50_jpeg,Multi-View-Average,119,0.5666666626930237,0.4333333373069763,0.0,,
crop50_jpeg,Multi-View-Average,120,0.6000000238418579,0.3999999761581421,0.0,,
crop50_jpeg,Multi-View-Average,121,0.7333333492279053,0.2666666507720947,0.0,,
crop50_jpeg,Multi-View-Average,122,0.5,0.5,0.0,,
crop50_jpeg,Multi-View-Average,123,0.8333333134651184,0.1666666865348816,0.0,,
crop50_jpeg,Multi-View-Average,124,0.5,0.5,0.0,,
crop50_jpeg,Multi-View-Average,125,0.800000011920929,0.19999998807907104,0.0,,
crop50_jpeg,Multi-View-Average,126,0.8333333134651184,0.1666666865348816,0.0,,
crop50_jpeg,Multi-View-Average,127,0.6333333253860474,0.36666667461395264,0.0,,
crop50_jpeg,Multi-View-Average,128,0.7333333492279053,0.2666666507720947,0.0,,
crop50_jpeg,Multi-View-Average,129,0.5666666626930237,0.4333333373069763,0.0,,
crop50_jpeg,Multi-View-Average,130,0.9333333373069763,0.06666666269302368,0.0,,
crop50_jpeg,Multi-View-Average,131,0.6000000238418579,0.3999999761581421,0.0,,
crop50_jpeg,Multi-View-Average,132,0.7666666507720947,0.23333334922790527,0.0,,
crop50_jpeg,Multi-View-Average,133,0.8333333134651184,0.1666666865348816,0.0,,
crop50_jpeg,Multi-View-Average,134,0.699999988079071,0.30000001192092896,0.0,,
crop50_jpeg,Multi-View-Average,135,0.6666666865348816,0.3333333134651184,0.0,,
crop50_jpeg,Multi-View-Average,136,0.699999988079071,0.30000001192092896,0.0,,
crop50_jpeg,Multi-View-Average,137,0.699999988079071,0.30000001192092896,0.0,,
crop50_jpeg,Multi-View-Average,138,0.5666666626930237,0.4333333373069763,0.0,,
crop50_jpeg,Multi-View-Average,139,0.6000000238418579,0.3999999761581421,0.0,,
crop50_jpeg,Multi-View-Average,140,0.6666666865348816,0.3333333134651184,0.0,,
crop50_jpeg,Multi-View-Average,141,0.4333333373069763,0.5666666626930237,0.0,,
crop50_jpeg,Multi-View-Average,142,0.5666666626930237,0.4333333373069763,0.0,,
crop50_jpeg,Multi-View-Average,143,0.4333333373069763,0.5666666626930237,0.0,,
crop50_jpeg,Single-View-FT,0,0.6000000238418579,0.3999999761581421,0.0,,
crop50_jpeg,Single-View-FT,1,0.6333333253860474,0.36666667461395264,0.0,,
crop50_jpeg,Single-View-FT,2,0.6333333253860474,0.36666667461395264,0.0,,
crop50_jpeg,Single-View-FT,3,0.6000000238418579,0.3999999761581421,0.0,,
crop50_jpeg,Single-View-FT,4,0.46666666865348816,0.5333333313465118,0.0,,
crop50_jpeg,Single-View-FT,5,0.7333333492279053,0.2666666507720947,0.0,,
crop50_jpeg,Single-View-FT,6,0.5666666626930237,0.4333333373069763,0.0,,
crop50_jpeg,Single-View-FT,7,0.5333333611488342,0.46666663885116577,0.0,,
crop50_jpeg,Single-View-FT,8,0.46666666865348816,0.5333333313465118,0.0,,
crop50_jpeg,Single-View-FT,9,0.4333333373069763,0.5666666626930237,0.0,,
crop50_jpeg,Single-View-FT,10,0.6666666865348816,0.3333333134651184,0.0,,
crop50_jpeg,Single-View-FT,11,0.5666666626930237,0.4333333373069763,0.0,,
crop50_jpeg,Single-View-FT,12,0.6333333253860474,0.36666667461395264,0.0,,
crop50_jpeg,Single-View-FT,13,0.6666666865348816,0.3333333134651184,0.0,,
crop50_jpeg,Single-View-FT,14,0.699999988079071,0.30000001192092896,0.0,,
crop50_jpeg,Single-View-FT,15,0.7333333492279053,0.2666666507720947,0.0,,
crop50_jpeg,Single-View-FT,16,0.7333333492279053,0.2666666507720947,0.0,,
crop50_jpeg,Single-View-FT,17,0.699999988079071,0.30000001192092896,0.0,,
crop50_jpeg,Single-View-FT,18,0.7333333492279053,0.2666666507720947,0.0,,
crop50_jpeg,Single-View-FT,19,0.7666666507720947,0.23333334922790527,0.0,,
crop50_jpeg,Single-View-FT,20,0.699999988079071,0.30000001192092896,0.0,,
crop50_jpeg,Single-View-FT,21,0.46666666865348816,0.5333333313465118,0.0,,
crop50_jpeg,Single-View-FT,22,0.5,0.5,0.0,,
crop50_jpeg,Single-View-FT,23,0.6333333253860474,0.36666667461395264,0.0,,
crop50_jpeg,Single-View-FT,24,0.6333333253860474,0.36666667461395264,0.0,,
crop50_jpeg,Single-View-FT,25,0.6333333253860474,0.36666667461395264,0.0,,
crop50_jpeg,Single-View-FT,26,0.6333333253860474,0.36666667461395264,0.0,,
crop50_jpeg,Single-View-FT,27,0.699999988079071,0.30000001192092896,0.0,,
crop50_jpeg,Single-View-FT,28,0.6000000238418579,0.3999999761581421,0.0,,
crop50_jpeg,Single-View-FT,29,0.6666666865348816,0.3333333134651184,0.0,,
crop50_jpeg,Single-View-FT,30,0.5333333611488342,0.46666663885116577,0.0,,
crop50_jpeg,Single-View-FT,31,0.6333333253860474,0.36666667461395264,0.0,,
crop50_jpeg,Single-View-FT,32,0.7666666507720947,0.23333334922790527,0.0,,
crop50_jpeg,Single-View-FT,33,0.8333333134651184,0.1666666865348816,0.0,,
crop50_jpeg,Single-View-FT,34,0.4333333373069763,0.5666666626930237,0.0,,
crop50_jpeg,Single-View-FT,35,0.30000001192092896,0.699999988079071,0.0,,
crop50_jpeg,Single-View-FT,36,0.6000000238418579,0.3999999761581421,0.0,,
crop50_jpeg,Single-View-FT,37,0.6333333253860474,0.36666667461395264,0.0,,
crop50_jpeg,Single-View-FT,38,0.46666666865348816,0.5333333313465118,0.0,,
crop50_jpeg,Single-View-FT,39,0.4333333373069763,0.5666666626930237,0.0,,
crop50_jpeg,Single-View-FT,40,0.5333333611488342,0.46666663885116577,0.0,,
crop50_jpeg,Single-View-FT,41,0.46666666865348816,0.5333333313465118,0.0,,
crop50_jpeg,Single-View-FT,42,0.3333333432674408,0.6666666567325592,0.0,,
crop50_jpeg,Single-View-FT,43,0.699999988079071,0.30000001192092896,0.0,,
crop50_jpeg,Single-View-FT,44,0.6333333253860474,0.36666667461395264,0.0,,
crop50_jpeg,Single-View-FT,45,0.7333333492279053,0.2666666507720947,0.0,,
crop50_jpeg,Single-View-FT,46,0.6333333253860474,0.36666667461395264,0.0,,
crop50_jpeg,Single-View-FT,47,0.8333333134651184,0.1666666865348816,0.0,,
crop50_jpeg,Single-View-FT,48,0.800000011920929,0.19999998807907104,0.0,,
crop50_jpeg,Single-View-FT,49,0.5333333611488342,0.46666663885116577,0.0,,
crop50_jpeg,Single-View-FT,50,0.699999988079071,0.30000001192092896,0.0,,
crop50_jpeg,Single-View-FT,51,0.5666666626930237,0.4333333373069763,0.0,,
crop50_jpeg,Single-View-FT,52,0.7333333492279053,0.2666666507720947,0.0,,
crop50_jpeg,Single-View-FT,53,0.6333333253860474,0.36666667461395264,0.0,,
crop50_jpeg,Single-View-FT,54,0.46666666865348816,0.5333333313465118,0.0,,
crop50_jpeg,Single-View-FT,55,0.4333333373069763,0.5666666626930237,0.0,,
crop50_jpeg,Single-View-FT,56,0.5333333611488342,0.46666663885116577,0.0,,
crop50_jpeg,Single-View-FT,57,0.5,0.5,0.0,,
crop50_jpeg,Single-View-FT,58,0.7333333492279053,0.2666666507720947,0.0,,
crop50_jpeg,Single-View-FT,59,0.5666666626930237,0.4333333373069763,0.0,,
crop50_jpeg,Single-View-FT,60,0.5,0.5,0.0,,
crop50_jpeg,Single-View-FT,61,0.699999988079071,0.30000001192092896,0.0,,
crop50_jpeg,Single-View-FT,62,0.699999988079071,0.30000001192092896,0.0,,
crop50_jpeg,Single-View-FT,63,0.8999999761581421,0.10000002384185791,0.0,,
crop50_jpeg,Single-View-FT,64,0.5666666626930237,0.4333333373069763,0.0,,
crop50_jpeg,Single-View-FT,65,0.46666666865348816,0.5333333313465118,0.0,,
crop50_jpeg,Single-View-FT,66,0.6333333253860474,0.36666667461395264,0.0,,
crop50_jpeg,Single-View-FT,67,0.699999988079071,0.30000001192092896,0.0,,
crop50_jpeg,Single-View-FT,68,0.6666666865348816,0.3333333134651184,0.0,,
crop50_jpeg,Single-View-FT,69,0.5333333611488342,0.46666663885116577,0.0,,
crop50_jpeg,Single-View-FT,70,0.699999988079071,0.30000001192092896,0.0,,
crop50_jpeg,Single-View-FT,71,0.6666666865348816,0.3333333134651184,0.0,,
crop50_jpeg,Single-View-FT,72,0.5333333611488342,0.46666663885116577,0.0,,
crop50_jpeg,Single-View-FT,73,0.8333333134651184,0.1666666865348816,0.0,,
crop50_jpeg,Single-View-FT,74,0.6666666865348816,0.3333333134651184,0.0,,
crop50_jpeg,Single-View-FT,75,0.5666666626930237,0.4333333373069763,0.0,,
crop50_jpeg,Single-View-FT,76,0.7333333492279053,0.2666666507720947,0.0,,
crop50_jpeg,Single-View-FT,77,0.699999988079071,0.30000001192092896,0.0,,
crop50_jpeg,Single-View-FT,78,0.6666666865348816,0.3333333134651184,0.0,,
crop50_jpeg,Single-View-FT,79,0.5,0.5,0.0,,
crop50_jpeg,Single-View-FT,80,0.5666666626930237,0.4333333373069763,0.0,,
crop50_jpeg,Single-View-FT,81,0.5333333611488342,0.46666663885116577,0.0,,
crop50_jpeg,Single-View-FT,82,0.6333333253860474,0.36666667461395264,0.0,,
crop50_jpeg,Single-View-FT,83,0.5,0.5,0.0,,
crop50_jpeg,Single-View-FT,84,0.699999988079071,0.30000001192092896,0.0,,
crop50_jpeg,Single-View-FT,85,0.699999988079071,0.30000001192092896,0.0,,
crop50_jpeg,Single-View-FT,86,0.6333333253860474,0.36666667461395264,0.0,,
crop50_jpeg,Single-View-FT,87,0.7666666507720947,0.23333334922790527,0.0,,
crop50_jpeg,Single-View-FT,88,0.8333333134651184,0.1666666865348816,0.0,,
crop50_jpeg,Single-View-FT,89,0.5666666626930237,0.4333333373069763,0.0,,
crop50_jpeg,Single-View-FT,90,0.6000000238418579,0.3999999761581421,0.0,,
crop50_jpeg,Single-View-FT,91,0.36666667461395264,0.6333333253860474,0.0,,
crop50_jpeg,Single-View-FT,92,0.6333333253860474,0.36666667461395264,0.0,,
crop50_jpeg,Single-View-FT,93,0.5666666626930237,0.4333333373069763,0.0,,
crop50_jpeg,Single-View-FT,94,0.5333333611488342,0.46666663885116577,0.0,,
crop50_jpeg,Single-View-FT,95,0.5333333611488342,0.46666663885116577,0.0,,
crop50_jpeg,Single-View-FT,96,0.7666666507720947,0.23333334922790527,0.0,,
crop50_jpeg,Single-View-FT,97,0.5666666626930237,0.4333333373069763,0.0,,
crop50_jpeg,Single-View-FT,98,0.46666666865348816,0.5333333313465118,0.0,,
crop50_jpeg,Single-View-FT,99,0.5,0.5,0.0,,
crop50_jpeg,Single-View-FT,100,0.5666666626930237,0.4333333373069763,0.0,,
crop50_jpeg,Single-View-FT,101,0.6333333253860474,0.36666667461395264,0.0,,
crop50_jpeg,Single-View-FT,102,0.5333333611488342,0.46666663885116577,0.0,,
crop50_jpeg,Single-View-FT,103,0.699999988079071,0.30000001192092896,0.0,,
crop50_jpeg,Single-View-FT,104,0.699999988079071,0.30000001192092896,0.0,,
crop50_jpeg,Single-View-FT,105,0.6000000238418579,0.3999999761581421,0.0,,
crop50_jpeg,Single-View-FT,106,0.8333333134651184,0.1666666865348816,0.0,,
crop50_jpeg,Single-View-FT,107,0.5333333611488342,0.46666663885116577,0.0,,
crop50_jpeg,Single-View-FT,108,0.5333333611488342,0.46666663885116577,0.0,,
crop50_jpeg,Single-View-FT,109,0.6333333253860474,0.36666667461395264,0.0,,
crop50_jpeg,Single-View-FT,110,0.5333333611488342,0.46666663885116577,0.0,,
crop50_jpeg,Single-View-FT,111,0.6666666865348816,0.3333333134651184,0.0,,
crop50_jpeg,Single-View-FT,112,0.7333333492279053,0.2666666507720947,0.0,,
crop50_jpeg,Single-View-FT,113,0.7333333492279053,0.2666666507720947,0.0,,
crop50_jpeg,Single-View-FT,114,0.6000000238418579,0.3999999761581421,0.0,,
crop50_jpeg,Single-View-FT,115,0.5,0.5,0.0,,
crop50_jpeg,Single-View-FT,116,0.5666666626930237,0.4333333373069763,0.0,,
crop50_jpeg,Single-View-FT,117,0.5666666626930237,0.4333333373069763,0.0,,
crop50_jpeg,Single-View-FT,118,0.6000000238418579,0.3999999761581421,0.0,,
crop50_jpeg,Single-View-FT,119,0.6333333253860474,0.36666667461395264,0.0,,
crop50_jpeg,Single-View-FT,120,0.6333333253860474,0.36666667461395264,0.0,,
crop50_jpeg,Single-View-FT,121,0.6000000238418579,0.3999999761581421,0.0,,
crop50_jpeg,Single-View-FT,122,0.46666666865348816,0.5333333313465118,0.0,,
crop50_jpeg,Single-View-FT,123,0.8333333134651184,0.1666666865348816,0.0,,
crop50_jpeg,Single-View-FT,124,0.5,0.5,0.0,,
crop50_jpeg,Single-View-FT,125,0.800000011920929,0.19999998807907104,0.0,,
crop50_jpeg,Single-View-FT,126,0.8999999761581421,0.10000002384185791,0.0,,
crop50_jpeg,Single-View-FT,127,0.5666666626930237,0.4333333373069763,0.0,,
crop50_jpeg,Single-View-FT,128,0.7333333492279053,0.2666666507720947,0.0,,
crop50_jpeg,Single-View-FT,129,0.6000000238418579,0.3999999761581421,0.0,,
crop50_jpeg,Single-View-FT,130,0.8333333134651184,0.1666666865348816,0.0,,
crop50_jpeg,Single-View-FT,131,0.7333333492279053,0.2666666507720947,0.0,,
crop50_jpeg,Single-View-FT,132,0.7666666507720947,0.23333334922790527,0.0,,
crop50_jpeg,Single-View-FT,133,0.800000011920929,0.19999998807907104,0.0,,
crop50_jpeg,Single-View-FT,134,0.7333333492279053,0.2666666507720947,0.0,,
crop50_jpeg,Single-View-FT,135,0.6666666865348816,0.3333333134651184,0.0,,
crop50_jpeg,Single-View-FT,136,0.6666666865348816,0.3333333134651184,0.0,,
crop50_jpeg,Single-View-FT,137,0.699999988079071,0.30000001192092896,0.0,,
crop50_jpeg,Single-View-FT,138,0.5,0.5,0.0,,
crop50_jpeg,Single-View-FT,139,0.6333333253860474,0.36666667461395264,0.0,,
crop50_jpeg,Single-View-FT,140,0.800000011920929,0.19999998807907104,0.0,,
crop50_jpeg,Single-View-FT,141,0.46666666865348816,0.5333333313465118,0.0,,
crop50_jpeg,Single-View-FT,142,0.6666666865348816,0.3333333134651184,0.0,,
crop50_jpeg,Single-View-FT,143,0.4000000059604645,0.5999999940395355,0.0,,
crop50_jpeg,PMFA,0,0.6000000238418579,0.3999999761581421,0.0,0.0,
crop50_jpeg,PMFA,1,0.6333333253860474,0.36666667461395264,0.0,0.0,
crop50_jpeg,PMFA,2,0.6333333253860474,0.36666667461395264,0.0,0.0,
crop50_jpeg,PMFA,3,0.6333333253860474,0.36666667461395264,0.0,0.0,
crop50_jpeg,PMFA,4,0.46666666865348816,0.5333333313465118,0.0,0.0,
crop50_jpeg,PMFA,5,0.7333333492279053,0.2666666507720947,0.0,0.0,
crop50_jpeg,PMFA,6,0.5333333611488342,0.46666663885116577,0.0,0.0,
crop50_jpeg,PMFA,7,0.5333333611488342,0.46666663885116577,0.0,0.0,
crop50_jpeg,PMFA,8,0.5333333611488342,0.46666663885116577,0.0,1.0,
crop50_jpeg,PMFA,9,0.4000000059604645,0.5999999940395355,0.0,0.0,
crop50_jpeg,PMFA,10,0.6333333253860474,0.36666667461395264,0.0,1.0,
crop50_jpeg,PMFA,11,0.5666666626930237,0.4333333373069763,0.0,0.0,
crop50_jpeg,PMFA,12,0.6333333253860474,0.36666667461395264,0.0,0.0,
crop50_jpeg,PMFA,13,0.6333333253860474,0.36666667461395264,0.0,0.0,
crop50_jpeg,PMFA,14,0.6666666865348816,0.3333333134651184,0.0,0.0,
crop50_jpeg,PMFA,15,0.6666666865348816,0.3333333134651184,0.0,1.0,
crop50_jpeg,PMFA,16,0.7333333492279053,0.2666666507720947,0.0,0.0,
crop50_jpeg,PMFA,17,0.699999988079071,0.30000001192092896,0.0,0.0,
crop50_jpeg,PMFA,18,0.7666666507720947,0.23333334922790527,0.0,0.0,
crop50_jpeg,PMFA,19,0.7666666507720947,0.23333334922790527,0.0,0.0,
crop50_jpeg,PMFA,20,0.6333333253860474,0.36666667461395264,0.0,0.0,
crop50_jpeg,PMFA,21,0.46666666865348816,0.5333333313465118,0.0,0.0,
crop50_jpeg,PMFA,22,0.5,0.5,0.0,0.0,
crop50_jpeg,PMFA,23,0.6000000238418579,0.3999999761581421,0.0,0.0,
crop50_jpeg,PMFA,24,0.6000000238418579,0.3999999761581421,0.0,0.0,
crop50_jpeg,PMFA,25,0.6333333253860474,0.36666667461395264,0.0,1.0,
crop50_jpeg,PMFA,26,0.6333333253860474,0.36666667461395264,0.0,1.0,
crop50_jpeg,PMFA,27,0.699999988079071,0.30000001192092896,0.0,1.0,
crop50_jpeg,PMFA,28,0.6333333253860474,0.36666667461395264,0.0,0.0,
crop50_jpeg,PMFA,29,0.699999988079071,0.30000001192092896,0.0,1.0,
crop50_jpeg,PMFA,30,0.5666666626930237,0.4333333373069763,0.0,1.0,
crop50_jpeg,PMFA,31,0.6000000238418579,0.3999999761581421,0.0,0.0,
crop50_jpeg,PMFA,32,0.7666666507720947,0.23333334922790527,0.0,0.0,
crop50_jpeg,PMFA,33,0.800000011920929,0.19999998807907104,0.0,0.0,
crop50_jpeg,PMFA,34,0.4333333373069763,0.5666666626930237,0.0,0.0,
crop50_jpeg,PMFA,35,0.23333333432674408,0.7666666656732559,0.0,0.0,
crop50_jpeg,PMFA,36,0.6333333253860474,0.36666667461395264,0.0,0.0,
crop50_jpeg,PMFA,37,0.6333333253860474,0.36666667461395264,0.0,0.0,
crop50_jpeg,PMFA,38,0.46666666865348816,0.5333333313465118,0.0,0.0,
crop50_jpeg,PMFA,39,0.46666666865348816,0.5333333313465118,0.0,0.0,
crop50_jpeg,PMFA,40,0.5666666626930237,0.4333333373069763,0.0,0.0,
crop50_jpeg,PMFA,41,0.46666666865348816,0.5333333313465118,0.0,0.0,
crop50_jpeg,PMFA,42,0.30000001192092896,0.699999988079071,0.0,0.0,
crop50_jpeg,PMFA,43,0.699999988079071,0.30000001192092896,0.0,1.0,
crop50_jpeg,PMFA,44,0.6666666865348816,0.3333333134651184,0.0,0.0,
crop50_jpeg,PMFA,45,0.7333333492279053,0.2666666507720947,0.0,0.0,
crop50_jpeg,PMFA,46,0.6333333253860474,0.36666667461395264,0.0,0.0,
crop50_jpeg,PMFA,47,0.8333333134651184,0.1666666865348816,0.0,0.0,
crop50_jpeg,PMFA,48,0.800000011920929,0.19999998807907104,0.0,0.0,
crop50_jpeg,PMFA,49,0.5,0.5,0.0,0.0,
crop50_jpeg,PMFA,50,0.699999988079071,0.30000001192092896,0.0,0.0,
crop50_jpeg,PMFA,51,0.6000000238418579,0.3999999761581421,0.0,0.0,
crop50_jpeg,PMFA,52,0.699999988079071,0.30000001192092896,0.0,0.0,
crop50_jpeg,PMFA,53,0.6333333253860474,0.36666667461395264,0.0,0.0,
crop50_jpeg,PMFA,54,0.5,0.5,0.0,0.0,
crop50_jpeg,PMFA,55,0.36666667461395264,0.6333333253860474,0.0,0.0,
crop50_jpeg,PMFA,56,0.5666666626930237,0.4333333373069763,0.0,0.0,
crop50_jpeg,PMFA,57,0.5,0.5,0.0,0.0,
crop50_jpeg,PMFA,58,0.7333333492279053,0.2666666507720947,0.0,0.0,
crop50_jpeg,PMFA,59,0.5666666626930237,0.4333333373069763,0.0,0.0,
crop50_jpeg,PMFA,60,0.5333333611488342,0.46666663885116577,0.0,1.0,
crop50_jpeg,PMFA,61,0.699999988079071,0.30000001192092896,0.0,1.0,
crop50_jpeg,PMFA,62,0.699999988079071,0.30000001192092896,0.0,0.0,
crop50_jpeg,PMFA,63,0.8333333134651184,0.1666666865348816,0.0,0.0,
crop50_jpeg,PMFA,64,0.5666666626930237,0.4333333373069763,0.0,0.0,
crop50_jpeg,PMFA,65,0.46666666865348816,0.5333333313465118,0.0,0.0,
crop50_jpeg,PMFA,66,0.6333333253860474,0.36666667461395264,0.0,0.0,
crop50_jpeg,PMFA,67,0.699999988079071,0.30000001192092896,0.0,1.0,
crop50_jpeg,PMFA,68,0.6666666865348816,0.3333333134651184,0.0,0.0,
crop50_jpeg,PMFA,69,0.5333333611488342,0.46666663885116577,0.0,1.0,
crop50_jpeg,PMFA,70,0.7333333492279053,0.2666666507720947,0.0,0.0,
crop50_jpeg,PMFA,71,0.6333333253860474,0.36666667461395264,0.0,0.0,
crop50_jpeg,PMFA,72,0.5333333611488342,0.46666663885116577,0.0,0.0,
crop50_jpeg,PMFA,73,0.8333333134651184,0.1666666865348816,0.0,0.0,
crop50_jpeg,PMFA,74,0.6666666865348816,0.3333333134651184,0.0,0.0,
crop50_jpeg,PMFA,75,0.5333333611488342,0.46666663885116577,0.0,0.0,
crop50_jpeg,PMFA,76,0.699999988079071,0.30000001192092896,0.0,0.0,
crop50_jpeg,PMFA,77,0.699999988079071,0.30000001192092896,0.0,0.0,
crop50_jpeg,PMFA,78,0.6666666865348816,0.3333333134651184,0.0,0.0,
crop50_jpeg,PMFA,79,0.5,0.5,0.0,0.0,
crop50_jpeg,PMFA,80,0.6000000238418579,0.3999999761581421,0.0,0.0,
crop50_jpeg,PMFA,81,0.5333333611488342,0.46666663885116577,0.0,1.0,
crop50_jpeg,PMFA,82,0.6000000238418579,0.3999999761581421,0.0,1.0,
crop50_jpeg,PMFA,83,0.5,0.5,0.0,1.0,
crop50_jpeg,PMFA,84,0.699999988079071,0.30000001192092896,0.0,1.0,
crop50_jpeg,PMFA,85,0.699999988079071,0.30000001192092896,0.0,0.0,
crop50_jpeg,PMFA,86,0.6000000238418579,0.3999999761581421,0.0,0.0,
crop50_jpeg,PMFA,87,0.7666666507720947,0.23333334922790527,0.0,0.0,
crop50_jpeg,PMFA,88,0.8333333134651184,0.1666666865348816,0.0,0.0,
crop50_jpeg,PMFA,89,0.5333333611488342,0.46666663885116577,0.0,0.0,
crop50_jpeg,PMFA,90,0.6000000238418579,0.3999999761581421,0.0,0.0,
crop50_jpeg,PMFA,91,0.36666667461395264,0.6333333253860474,0.0,0.0,
crop50_jpeg,PMFA,92,0.6333333253860474,0.36666667461395264,0.0,0.0,
crop50_jpeg,PMFA,93,0.5666666626930237,0.4333333373069763,0.0,0.0,
crop50_jpeg,PMFA,94,0.6000000238418579,0.3999999761581421,0.0,0.0,
crop50_jpeg,PMFA,95,0.5333333611488342,0.46666663885116577,0.0,0.0,
crop50_jpeg,PMFA,96,0.7333333492279053,0.2666666507720947,0.0,0.0,
crop50_jpeg,PMFA,97,0.6000000238418579,0.3999999761581421,0.0,0.0,
crop50_jpeg,PMFA,98,0.5,0.5,0.0,1.0,
crop50_jpeg,PMFA,99,0.5,0.5,0.0,1.0,
crop50_jpeg,PMFA,100,0.6000000238418579,0.3999999761581421,0.0,1.0,
crop50_jpeg,PMFA,101,0.6333333253860474,0.36666667461395264,0.0,1.0,
crop50_jpeg,PMFA,102,0.5,0.5,0.0,0.0,
crop50_jpeg,PMFA,103,0.7333333492279053,0.2666666507720947,0.0,0.0,
crop50_jpeg,PMFA,104,0.699999988079071,0.30000001192092896,0.0,0.0,
crop50_jpeg,PMFA,105,0.6000000238418579,0.3999999761581421,0.0,0.0,
crop50_jpeg,PMFA,106,0.800000011920929,0.19999998807907104,0.0,0.0,
crop50_jpeg,PMFA,107,0.5333333611488342,0.46666663885116577,0.0,1.0,
crop50_jpeg,PMFA,108,0.5333333611488342,0.46666663885116577,0.0,0.0,
crop50_jpeg,PMFA,109,0.6333333253860474,0.36666667461395264,0.0,1.0,
crop50_jpeg,PMFA,110,0.5333333611488342,0.46666663885116577,0.0,0.0,
crop50_jpeg,PMFA,111,0.699999988079071,0.30000001192092896,0.0,0.0,
crop50_jpeg,PMFA,112,0.7333333492279053,0.2666666507720947,0.0,0.0,
crop50_jpeg,PMFA,113,0.699999988079071,0.30000001192092896,0.0,0.0,
crop50_jpeg,PMFA,114,0.6000000238418579,0.3999999761581421,0.0,0.0,
crop50_jpeg,PMFA,115,0.5666666626930237,0.4333333373069763,0.0,0.0,
crop50_jpeg,PMFA,116,0.5333333611488342,0.46666663885116577,0.0,0.0,
crop50_jpeg,PMFA,117,0.5333333611488342,0.46666663885116577,0.0,0.0,
crop50_jpeg,PMFA,118,0.6000000238418579,0.3999999761581421,0.0,0.0,
crop50_jpeg,PMFA,119,0.5666666626930237,0.4333333373069763,0.0,0.0,
crop50_jpeg,PMFA,120,0.6333333253860474,0.36666667461395264,0.0,1.0,
crop50_jpeg,PMFA,121,0.6000000238418579,0.3999999761581421,0.0,0.0,
crop50_jpeg,PMFA,122,0.46666666865348816,0.5333333313465118,0.0,0.0,
crop50_jpeg,PMFA,123,0.8333333134651184,0.1666666865348816,0.0,0.0,
crop50_jpeg,PMFA,124,0.4333333373069763,0.5666666626930237,0.0,0.0,
crop50_jpeg,PMFA,125,0.800000011920929,0.19999998807907104,0.0,0.0,
crop50_jpeg,PMFA,126,0.8999999761581421,0.10000002384185791,0.0,0.0,
crop50_jpeg,PMFA,127,0.5666666626930237,0.4333333373069763,0.0,0.0,
crop50_jpeg,PMFA,128,0.7333333492279053,0.2666666507720947,0.0,0.0,
crop50_jpeg,PMFA,129,0.6333333253860474,0.36666667461395264,0.0,0.0,
crop50_jpeg,PMFA,130,0.7666666507720947,0.23333334922790527,0.0,0.0,
crop50_jpeg,PMFA,131,0.7333333492279053,0.2666666507720947,0.0,0.0,
crop50_jpeg,PMFA,132,0.7666666507720947,0.23333334922790527,0.0,0.0,
crop50_jpeg,PMFA,133,0.800000011920929,0.19999998807907104,0.0,0.0,
crop50_jpeg,PMFA,134,0.699999988079071,0.30000001192092896,0.0,0.0,
crop50_jpeg,PMFA,135,0.6333333253860474,0.36666667461395264,0.0,1.0,
crop50_jpeg,PMFA,136,0.6666666865348816,0.3333333134651184,0.0,1.0,
crop50_jpeg,PMFA,137,0.6666666865348816,0.3333333134651184,0.0,1.0,
crop50_jpeg,PMFA,138,0.5,0.5,0.0,0.0,
crop50_jpeg,PMFA,139,0.6333333253860474,0.36666667461395264,0.0,0.0,
crop50_jpeg,PMFA,140,0.8333333134651184,0.1666666865348816,0.0,0.0,
crop50_jpeg,PMFA,141,0.46666666865348816,0.5333333313465118,0.0,0.0,
crop50_jpeg,PMFA,142,0.6666666865348816,0.3333333134651184,0.0,1.0,
crop50_jpeg,PMFA,143,0.36666667461395264,0.6333333253860474,0.0,0.0,
crop50_jpeg,Decoder-Tail-FT,0,0.5333333611488342,0.46666663885116577,0.0,,
crop50_jpeg,Decoder-Tail-FT,1,0.5666666626930237,0.4333333373069763,0.0,,
crop50_jpeg,Decoder-Tail-FT,2,0.6666666865348816,0.3333333134651184,0.0,,
crop50_jpeg,Decoder-Tail-FT,3,0.6333333253860474,0.36666667461395264,0.0,,
crop50_jpeg,Decoder-Tail-FT,4,0.6333333253860474,0.36666667461395264,0.0,,
crop50_jpeg,Decoder-Tail-FT,5,0.5666666626930237,0.4333333373069763,0.0,,
crop50_jpeg,Decoder-Tail-FT,6,0.6333333253860474,0.36666667461395264,0.0,,
crop50_jpeg,Decoder-Tail-FT,7,0.5666666626930237,0.4333333373069763,0.0,,
crop50_jpeg,Decoder-Tail-FT,8,0.5,0.5,0.0,,
crop50_jpeg,Decoder-Tail-FT,9,0.5,0.5,0.0,,
crop50_jpeg,Decoder-Tail-FT,10,0.6333333253860474,0.36666667461395264,0.0,,
crop50_jpeg,Decoder-Tail-FT,11,0.5333333611488342,0.46666663885116577,0.0,,
crop50_jpeg,Decoder-Tail-FT,12,0.7333333492279053,0.2666666507720947,0.0,,
crop50_jpeg,Decoder-Tail-FT,13,0.6333333253860474,0.36666667461395264,0.0,,
crop50_jpeg,Decoder-Tail-FT,14,0.6666666865348816,0.3333333134651184,0.0,,
crop50_jpeg,Decoder-Tail-FT,15,0.6666666865348816,0.3333333134651184,0.0,,
crop50_jpeg,Decoder-Tail-FT,16,0.6666666865348816,0.3333333134651184,0.0,,
crop50_jpeg,Decoder-Tail-FT,17,0.6666666865348816,0.3333333134651184,0.0,,
crop50_jpeg,Decoder-Tail-FT,18,0.800000011920929,0.19999998807907104,0.0,,
crop50_jpeg,Decoder-Tail-FT,19,0.6333333253860474,0.36666667461395264,0.0,,
crop50_jpeg,Decoder-Tail-FT,20,0.6666666865348816,0.3333333134651184,0.0,,
crop50_jpeg,Decoder-Tail-FT,21,0.5333333611488342,0.46666663885116577,0.0,,
crop50_jpeg,Decoder-Tail-FT,22,0.6333333253860474,0.36666667461395264,0.0,,
crop50_jpeg,Decoder-Tail-FT,23,0.6333333253860474,0.36666667461395264,0.0,,
crop50_jpeg,Decoder-Tail-FT,24,0.5333333611488342,0.46666663885116577,0.0,,
crop50_jpeg,Decoder-Tail-FT,25,0.699999988079071,0.30000001192092896,0.0,,
crop50_jpeg,Decoder-Tail-FT,26,0.5666666626930237,0.4333333373069763,0.0,,
crop50_jpeg,Decoder-Tail-FT,27,0.6333333253860474,0.36666667461395264,0.0,,
crop50_jpeg,Decoder-Tail-FT,28,0.6666666865348816,0.3333333134651184,0.0,,
crop50_jpeg,Decoder-Tail-FT,29,0.6666666865348816,0.3333333134651184,0.0,,
crop50_jpeg,Decoder-Tail-FT,30,0.5333333611488342,0.46666663885116577,0.0,,
crop50_jpeg,Decoder-Tail-FT,31,0.699999988079071,0.30000001192092896,0.0,,
crop50_jpeg,Decoder-Tail-FT,32,0.7666666507720947,0.23333334922790527,0.0,,
crop50_jpeg,Decoder-Tail-FT,33,0.7666666507720947,0.23333334922790527,0.0,,
crop50_jpeg,Decoder-Tail-FT,34,0.46666666865348816,0.5333333313465118,0.0,,
crop50_jpeg,Decoder-Tail-FT,35,0.2666666805744171,0.7333333194255829,0.0,,
crop50_jpeg,Decoder-Tail-FT,36,0.6666666865348816,0.3333333134651184,0.0,,
crop50_jpeg,Decoder-Tail-FT,37,0.6666666865348816,0.3333333134651184,0.0,,
crop50_jpeg,Decoder-Tail-FT,38,0.36666667461395264,0.6333333253860474,0.0,,
crop50_jpeg,Decoder-Tail-FT,39,0.6000000238418579,0.3999999761581421,0.0,,
crop50_jpeg,Decoder-Tail-FT,40,0.5333333611488342,0.46666663885116577,0.0,,
crop50_jpeg,Decoder-Tail-FT,41,0.6000000238418579,0.3999999761581421,0.0,,
crop50_jpeg,Decoder-Tail-FT,42,0.5,0.5,0.0,,
crop50_jpeg,Decoder-Tail-FT,43,0.800000011920929,0.19999998807907104,0.0,,
crop50_jpeg,Decoder-Tail-FT,44,0.7333333492279053,0.2666666507720947,0.0,,
crop50_jpeg,Decoder-Tail-FT,45,0.7333333492279053,0.2666666507720947,0.0,,
crop50_jpeg,Decoder-Tail-FT,46,0.6333333253860474,0.36666667461395264,0.0,,
crop50_jpeg,Decoder-Tail-FT,47,0.699999988079071,0.30000001192092896,0.0,,
crop50_jpeg,Decoder-Tail-FT,48,0.800000011920929,0.19999998807907104,0.0,,
crop50_jpeg,Decoder-Tail-FT,49,0.6000000238418579,0.3999999761581421,0.0,,
crop50_jpeg,Decoder-Tail-FT,50,0.699999988079071,0.30000001192092896,0.0,,
crop50_jpeg,Decoder-Tail-FT,51,0.699999988079071,0.30000001192092896,0.0,,
crop50_jpeg,Decoder-Tail-FT,52,0.6666666865348816,0.3333333134651184,0.0,,
crop50_jpeg,Decoder-Tail-FT,53,0.800000011920929,0.19999998807907104,0.0,,
crop50_jpeg,Decoder-Tail-FT,54,0.46666666865348816,0.5333333313465118,0.0,,
crop50_jpeg,Decoder-Tail-FT,55,0.4333333373069763,0.5666666626930237,0.0,,
crop50_jpeg,Decoder-Tail-FT,56,0.4000000059604645,0.5999999940395355,0.0,,
crop50_jpeg,Decoder-Tail-FT,57,0.5333333611488342,0.46666663885116577,0.0,,
crop50_jpeg,Decoder-Tail-FT,58,0.699999988079071,0.30000001192092896,0.0,,
crop50_jpeg,Decoder-Tail-FT,59,0.6333333253860474,0.36666667461395264,0.0,,
crop50_jpeg,Decoder-Tail-FT,60,0.46666666865348816,0.5333333313465118,0.0,,
crop50_jpeg,Decoder-Tail-FT,61,0.7666666507720947,0.23333334922790527,0.0,,
crop50_jpeg,Decoder-Tail-FT,62,0.7333333492279053,0.2666666507720947,0.0,,
crop50_jpeg,Decoder-Tail-FT,63,0.8666666746139526,0.13333332538604736,0.0,,
crop50_jpeg,Decoder-Tail-FT,64,0.6666666865348816,0.3333333134651184,0.0,,
crop50_jpeg,Decoder-Tail-FT,65,0.4333333373069763,0.5666666626930237,0.0,,
crop50_jpeg,Decoder-Tail-FT,66,0.5333333611488342,0.46666663885116577,0.0,,
crop50_jpeg,Decoder-Tail-FT,67,0.6666666865348816,0.3333333134651184,0.0,,
crop50_jpeg,Decoder-Tail-FT,68,0.6000000238418579,0.3999999761581421,0.0,,
crop50_jpeg,Decoder-Tail-FT,69,0.5666666626930237,0.4333333373069763,0.0,,
crop50_jpeg,Decoder-Tail-FT,70,0.6666666865348816,0.3333333134651184,0.0,,
crop50_jpeg,Decoder-Tail-FT,71,0.7666666507720947,0.23333334922790527,0.0,,
crop50_jpeg,Decoder-Tail-FT,72,0.5666666626930237,0.4333333373069763,0.0,,
crop50_jpeg,Decoder-Tail-FT,73,0.7333333492279053,0.2666666507720947,0.0,,
crop50_jpeg,Decoder-Tail-FT,74,0.46666666865348816,0.5333333313465118,0.0,,
crop50_jpeg,Decoder-Tail-FT,75,0.4333333373069763,0.5666666626930237,0.0,,
crop50_jpeg,Decoder-Tail-FT,76,0.699999988079071,0.30000001192092896,0.0,,
crop50_jpeg,Decoder-Tail-FT,77,0.7666666507720947,0.23333334922790527,0.0,,
crop50_jpeg,Decoder-Tail-FT,78,0.5666666626930237,0.4333333373069763,0.0,,
crop50_jpeg,Decoder-Tail-FT,79,0.5333333611488342,0.46666663885116577,0.0,,
crop50_jpeg,Decoder-Tail-FT,80,0.46666666865348816,0.5333333313465118,0.0,,
crop50_jpeg,Decoder-Tail-FT,81,0.6000000238418579,0.3999999761581421,0.0,,
crop50_jpeg,Decoder-Tail-FT,82,0.699999988079071,0.30000001192092896,0.0,,
crop50_jpeg,Decoder-Tail-FT,83,0.6666666865348816,0.3333333134651184,0.0,,
crop50_jpeg,Decoder-Tail-FT,84,0.5666666626930237,0.4333333373069763,0.0,,
crop50_jpeg,Decoder-Tail-FT,85,0.7333333492279053,0.2666666507720947,0.0,,
crop50_jpeg,Decoder-Tail-FT,86,0.6666666865348816,0.3333333134651184,0.0,,
crop50_jpeg,Decoder-Tail-FT,87,0.7666666507720947,0.23333334922790527,0.0,,
crop50_jpeg,Decoder-Tail-FT,88,0.8333333134651184,0.1666666865348816,0.0,,
crop50_jpeg,Decoder-Tail-FT,89,0.6000000238418579,0.3999999761581421,0.0,,
crop50_jpeg,Decoder-Tail-FT,90,0.5,0.5,0.0,,
crop50_jpeg,Decoder-Tail-FT,91,0.5333333611488342,0.46666663885116577,0.0,,
crop50_jpeg,Decoder-Tail-FT,92,0.6666666865348816,0.3333333134651184,0.0,,
crop50_jpeg,Decoder-Tail-FT,93,0.5333333611488342,0.46666663885116577,0.0,,
crop50_jpeg,Decoder-Tail-FT,94,0.6666666865348816,0.3333333134651184,0.0,,
crop50_jpeg,Decoder-Tail-FT,95,0.6000000238418579,0.3999999761581421,0.0,,
crop50_jpeg,Decoder-Tail-FT,96,0.699999988079071,0.30000001192092896,0.0,,
crop50_jpeg,Decoder-Tail-FT,97,0.46666666865348816,0.5333333313465118,0.0,,
crop50_jpeg,Decoder-Tail-FT,98,0.5,0.5,0.0,,
crop50_jpeg,Decoder-Tail-FT,99,0.4000000059604645,0.5999999940395355,0.0,,
crop50_jpeg,Decoder-Tail-FT,100,0.5666666626930237,0.4333333373069763,0.0,,
crop50_jpeg,Decoder-Tail-FT,101,0.5666666626930237,0.4333333373069763,0.0,,
crop50_jpeg,Decoder-Tail-FT,102,0.5666666626930237,0.4333333373069763,0.0,,
crop50_jpeg,Decoder-Tail-FT,103,0.7333333492279053,0.2666666507720947,0.0,,
crop50_jpeg,Decoder-Tail-FT,104,0.6333333253860474,0.36666667461395264,0.0,,
crop50_jpeg,Decoder-Tail-FT,105,0.5666666626930237,0.4333333373069763,0.0,,
crop50_jpeg,Decoder-Tail-FT,106,0.7333333492279053,0.2666666507720947,0.0,,
crop50_jpeg,Decoder-Tail-FT,107,0.5666666626930237,0.4333333373069763,0.0,,
crop50_jpeg,Decoder-Tail-FT,108,0.5333333611488342,0.46666663885116577,0.0,,
crop50_jpeg,Decoder-Tail-FT,109,0.6333333253860474,0.36666667461395264,0.0,,
crop50_jpeg,Decoder-Tail-FT,110,0.5333333611488342,0.46666663885116577,0.0,,
crop50_jpeg,Decoder-Tail-FT,111,0.6333333253860474,0.36666667461395264,0.0,,
crop50_jpeg,Decoder-Tail-FT,112,0.699999988079071,0.30000001192092896,0.0,,
crop50_jpeg,Decoder-Tail-FT,113,0.6000000238418579,0.3999999761581421,0.0,,
crop50_jpeg,Decoder-Tail-FT,114,0.6333333253860474,0.36666667461395264,0.0,,
crop50_jpeg,Decoder-Tail-FT,115,0.6333333253860474,0.36666667461395264,0.0,,
crop50_jpeg,Decoder-Tail-FT,116,0.6333333253860474,0.36666667461395264,0.0,,
crop50_jpeg,Decoder-Tail-FT,117,0.4000000059604645,0.5999999940395355,0.0,,
crop50_jpeg,Decoder-Tail-FT,118,0.6666666865348816,0.3333333134651184,0.0,,
crop50_jpeg,Decoder-Tail-FT,119,0.6000000238418579,0.3999999761581421,0.0,,
crop50_jpeg,Decoder-Tail-FT,120,0.7333333492279053,0.2666666507720947,0.0,,
crop50_jpeg,Decoder-Tail-FT,121,0.6666666865348816,0.3333333134651184,0.0,,
crop50_jpeg,Decoder-Tail-FT,122,0.6000000238418579,0.3999999761581421,0.0,,
crop50_jpeg,Decoder-Tail-FT,123,0.7666666507720947,0.23333334922790527,0.0,,
crop50_jpeg,Decoder-Tail-FT,124,0.6000000238418579,0.3999999761581421,0.0,,
crop50_jpeg,Decoder-Tail-FT,125,0.7666666507720947,0.23333334922790527,0.0,,
crop50_jpeg,Decoder-Tail-FT,126,0.7666666507720947,0.23333334922790527,0.0,,
crop50_jpeg,Decoder-Tail-FT,127,0.5333333611488342,0.46666663885116577,0.0,,
crop50_jpeg,Decoder-Tail-FT,128,0.5666666626930237,0.4333333373069763,0.0,,
crop50_jpeg,Decoder-Tail-FT,129,0.6333333253860474,0.36666667461395264,0.0,,
crop50_jpeg,Decoder-Tail-FT,130,1.0,0.0,1.0,,
crop50_jpeg,Decoder-Tail-FT,131,0.6333333253860474,0.36666667461395264,0.0,,
crop50_jpeg,Decoder-Tail-FT,132,0.8666666746139526,0.13333332538604736,0.0,,
crop50_jpeg,Decoder-Tail-FT,133,0.7666666507720947,0.23333334922790527,0.0,,
crop50_jpeg,Decoder-Tail-FT,134,0.7333333492279053,0.2666666507720947,0.0,,
crop50_jpeg,Decoder-Tail-FT,135,0.6666666865348816,0.3333333134651184,0.0,,
crop50_jpeg,Decoder-Tail-FT,136,0.6333333253860474,0.36666667461395264,0.0,,
crop50_jpeg,Decoder-Tail-FT,137,0.7333333492279053,0.2666666507720947,0.0,,
crop50_jpeg,Decoder-Tail-FT,138,0.5666666626930237,0.4333333373069763,0.0,,
crop50_jpeg,Decoder-Tail-FT,139,0.6666666865348816,0.3333333134651184,0.0,,
crop50_jpeg,Decoder-Tail-FT,140,0.6333333253860474,0.36666667461395264,0.0,,
crop50_jpeg,Decoder-Tail-FT,141,0.36666667461395264,0.6333333253860474,0.0,,
crop50_jpeg,Decoder-Tail-FT,142,0.5333333611488342,0.46666663885116577,0.0,,
crop50_jpeg,Decoder-Tail-FT,143,0.4333333373069763,0.5666666626930237,0.0,,
crop50_jpeg,Oracle-Alignment,0,0.5333333611488342,0.46666663885116577,0.0,,
crop50_jpeg,Oracle-Alignment,1,0.5666666626930237,0.4333333373069763,0.0,,
crop50_jpeg,Oracle-Alignment,2,0.6666666865348816,0.3333333134651184,0.0,,
crop50_jpeg,Oracle-Alignment,3,0.5333333611488342,0.46666663885116577,0.0,,
crop50_jpeg,Oracle-Alignment,4,0.5333333611488342,0.46666663885116577,0.0,,
crop50_jpeg,Oracle-Alignment,5,0.699999988079071,0.30000001192092896,0.0,,
crop50_jpeg,Oracle-Alignment,6,0.5,0.5,0.0,,
crop50_jpeg,Oracle-Alignment,7,0.7333333492279053,0.2666666507720947,0.0,,
crop50_jpeg,Oracle-Alignment,8,0.6333333253860474,0.36666667461395264,0.0,,
crop50_jpeg,Oracle-Alignment,9,0.6666666865348816,0.3333333134651184,0.0,,
crop50_jpeg,Oracle-Alignment,10,0.6000000238418579,0.3999999761581421,0.0,,
crop50_jpeg,Oracle-Alignment,11,0.5,0.5,0.0,,
crop50_jpeg,Oracle-Alignment,12,0.6666666865348816,0.3333333134651184,0.0,,
crop50_jpeg,Oracle-Alignment,13,0.6000000238418579,0.3999999761581421,0.0,,
crop50_jpeg,Oracle-Alignment,14,0.6333333253860474,0.36666667461395264,0.0,,
crop50_jpeg,Oracle-Alignment,15,0.6666666865348816,0.3333333134651184,0.0,,
crop50_jpeg,Oracle-Alignment,16,0.699999988079071,0.30000001192092896,0.0,,
crop50_jpeg,Oracle-Alignment,17,0.699999988079071,0.30000001192092896,0.0,,
crop50_jpeg,Oracle-Alignment,18,0.6666666865348816,0.3333333134651184,0.0,,
crop50_jpeg,Oracle-Alignment,19,0.800000011920929,0.19999998807907104,0.0,,
crop50_jpeg,Oracle-Alignment,20,0.8333333134651184,0.1666666865348816,0.0,,
crop50_jpeg,Oracle-Alignment,21,0.5666666626930237,0.4333333373069763,0.0,,
crop50_jpeg,Oracle-Alignment,22,0.6000000238418579,0.3999999761581421,0.0,,
crop50_jpeg,Oracle-Alignment,23,0.5666666626930237,0.4333333373069763,0.0,,
crop50_jpeg,Oracle-Alignment,24,0.7333333492279053,0.2666666507720947,0.0,,
crop50_jpeg,Oracle-Alignment,25,0.7333333492279053,0.2666666507720947,0.0,,
crop50_jpeg,Oracle-Alignment,26,0.6666666865348816,0.3333333134651184,0.0,,
crop50_jpeg,Oracle-Alignment,27,0.7333333492279053,0.2666666507720947,0.0,,
crop50_jpeg,Oracle-Alignment,28,0.6666666865348816,0.3333333134651184,0.0,,
crop50_jpeg,Oracle-Alignment,29,0.800000011920929,0.19999998807907104,0.0,,
crop50_jpeg,Oracle-Alignment,30,0.699999988079071,0.30000001192092896,0.0,,
crop50_jpeg,Oracle-Alignment,31,0.6333333253860474,0.36666667461395264,0.0,,
crop50_jpeg,Oracle-Alignment,32,0.699999988079071,0.30000001192092896,0.0,,
crop50_jpeg,Oracle-Alignment,33,0.8333333134651184,0.1666666865348816,0.0,,
crop50_jpeg,Oracle-Alignment,34,0.5,0.5,0.0,,
crop50_jpeg,Oracle-Alignment,35,0.6000000238418579,0.3999999761581421,0.0,,
crop50_jpeg,Oracle-Alignment,36,0.7666666507720947,0.23333334922790527,0.0,,
crop50_jpeg,Oracle-Alignment,37,0.699999988079071,0.30000001192092896,0.0,,
crop50_jpeg,Oracle-Alignment,38,0.5666666626930237,0.4333333373069763,0.0,,
crop50_jpeg,Oracle-Alignment,39,0.6666666865348816,0.3333333134651184,0.0,,
crop50_jpeg,Oracle-Alignment,40,0.5333333611488342,0.46666663885116577,0.0,,
crop50_jpeg,Oracle-Alignment,41,0.699999988079071,0.30000001192092896,0.0,,
crop50_jpeg,Oracle-Alignment,42,0.699999988079071,0.30000001192092896,0.0,,
crop50_jpeg,Oracle-Alignment,43,0.8333333134651184,0.1666666865348816,0.0,,
crop50_jpeg,Oracle-Alignment,44,0.800000011920929,0.19999998807907104,0.0,,
crop50_jpeg,Oracle-Alignment,45,0.699999988079071,0.30000001192092896,0.0,,
crop50_jpeg,Oracle-Alignment,46,0.800000011920929,0.19999998807907104,0.0,,
crop50_jpeg,Oracle-Alignment,47,0.800000011920929,0.19999998807907104,0.0,,
crop50_jpeg,Oracle-Alignment,48,0.699999988079071,0.30000001192092896,0.0,,
crop50_jpeg,Oracle-Alignment,49,0.6666666865348816,0.3333333134651184,0.0,,
crop50_jpeg,Oracle-Alignment,50,0.6333333253860474,0.36666667461395264,0.0,,
crop50_jpeg,Oracle-Alignment,51,0.699999988079071,0.30000001192092896,0.0,,
crop50_jpeg,Oracle-Alignment,52,0.6666666865348816,0.3333333134651184,0.0,,
crop50_jpeg,Oracle-Alignment,53,0.6666666865348816,0.3333333134651184,0.0,,
crop50_jpeg,Oracle-Alignment,54,0.6333333253860474,0.36666667461395264,0.0,,
crop50_jpeg,Oracle-Alignment,55,0.46666666865348816,0.5333333313465118,0.0,,
crop50_jpeg,Oracle-Alignment,56,0.5333333611488342,0.46666663885116577,0.0,,
crop50_jpeg,Oracle-Alignment,57,0.5,0.5,0.0,,
crop50_jpeg,Oracle-Alignment,58,0.6333333253860474,0.36666667461395264,0.0,,
crop50_jpeg,Oracle-Alignment,59,0.5666666626930237,0.4333333373069763,0.0,,
crop50_jpeg,Oracle-Alignment,60,0.6000000238418579,0.3999999761581421,0.0,,
crop50_jpeg,Oracle-Alignment,61,0.7666666507720947,0.23333334922790527,0.0,,
crop50_jpeg,Oracle-Alignment,62,0.699999988079071,0.30000001192092896,0.0,,
crop50_jpeg,Oracle-Alignment,63,0.7666666507720947,0.23333334922790527,0.0,,
crop50_jpeg,Oracle-Alignment,64,0.46666666865348816,0.5333333313465118,0.0,,
crop50_jpeg,Oracle-Alignment,65,0.6000000238418579,0.3999999761581421,0.0,,
crop50_jpeg,Oracle-Alignment,66,0.5666666626930237,0.4333333373069763,0.0,,
crop50_jpeg,Oracle-Alignment,67,0.7333333492279053,0.2666666507720947,0.0,,
crop50_jpeg,Oracle-Alignment,68,0.6000000238418579,0.3999999761581421,0.0,,
crop50_jpeg,Oracle-Alignment,69,0.7666666507720947,0.23333334922790527,0.0,,
crop50_jpeg,Oracle-Alignment,70,0.8333333134651184,0.1666666865348816,0.0,,
crop50_jpeg,Oracle-Alignment,71,0.7666666507720947,0.23333334922790527,0.0,,
crop50_jpeg,Oracle-Alignment,72,0.6000000238418579,0.3999999761581421,0.0,,
crop50_jpeg,Oracle-Alignment,73,0.699999988079071,0.30000001192092896,0.0,,
crop50_jpeg,Oracle-Alignment,74,0.6333333253860474,0.36666667461395264,0.0,,
crop50_jpeg,Oracle-Alignment,75,0.6333333253860474,0.36666667461395264,0.0,,
crop50_jpeg,Oracle-Alignment,76,0.7333333492279053,0.2666666507720947,0.0,,
crop50_jpeg,Oracle-Alignment,77,0.6333333253860474,0.36666667461395264,0.0,,
crop50_jpeg,Oracle-Alignment,78,0.6666666865348816,0.3333333134651184,0.0,,
crop50_jpeg,Oracle-Alignment,79,0.6333333253860474,0.36666667461395264,0.0,,
crop50_jpeg,Oracle-Alignment,80,0.6000000238418579,0.3999999761581421,0.0,,
crop50_jpeg,Oracle-Alignment,81,0.699999988079071,0.30000001192092896,0.0,,
crop50_jpeg,Oracle-Alignment,82,0.6000000238418579,0.3999999761581421,0.0,,
crop50_jpeg,Oracle-Alignment,83,0.6666666865348816,0.3333333134651184,0.0,,
crop50_jpeg,Oracle-Alignment,84,0.7333333492279053,0.2666666507720947,0.0,,
crop50_jpeg,Oracle-Alignment,85,0.800000011920929,0.19999998807907104,0.0,,
crop50_jpeg,Oracle-Alignment,86,0.5333333611488342,0.46666663885116577,0.0,,
crop50_jpeg,Oracle-Alignment,87,0.800000011920929,0.19999998807907104,0.0,,
crop50_jpeg,Oracle-Alignment,88,0.7666666507720947,0.23333334922790527,0.0,,
crop50_jpeg,Oracle-Alignment,89,0.7333333492279053,0.2666666507720947,0.0,,
crop50_jpeg,Oracle-Alignment,90,0.5666666626930237,0.4333333373069763,0.0,,
crop50_jpeg,Oracle-Alignment,91,0.5666666626930237,0.4333333373069763,0.0,,
crop50_jpeg,Oracle-Alignment,92,0.6333333253860474,0.36666667461395264,0.0,,
crop50_jpeg,Oracle-Alignment,93,0.5,0.5,0.0,,
crop50_jpeg,Oracle-Alignment,94,0.6666666865348816,0.3333333134651184,0.0,,
crop50_jpeg,Oracle-Alignment,95,0.5666666626930237,0.4333333373069763,0.0,,
crop50_jpeg,Oracle-Alignment,96,0.6000000238418579,0.3999999761581421,0.0,,
crop50_jpeg,Oracle-Alignment,97,0.5,0.5,0.0,,
crop50_jpeg,Oracle-Alignment,98,0.6333333253860474,0.36666667461395264,0.0,,
crop50_jpeg,Oracle-Alignment,99,0.6000000238418579,0.3999999761581421,0.0,,
crop50_jpeg,Oracle-Alignment,100,0.5333333611488342,0.46666663885116577,0.0,,
crop50_jpeg,Oracle-Alignment,101,0.6666666865348816,0.3333333134651184,0.0,,
crop50_jpeg,Oracle-Alignment,102,0.699999988079071,0.30000001192092896,0.0,,
crop50_jpeg,Oracle-Alignment,103,0.8666666746139526,0.13333332538604736,0.0,,
crop50_jpeg,Oracle-Alignment,104,0.800000011920929,0.19999998807907104,0.0,,
crop50_jpeg,Oracle-Alignment,105,0.6333333253860474,0.36666667461395264,0.0,,
crop50_jpeg,Oracle-Alignment,106,0.8333333134651184,0.1666666865348816,0.0,,
crop50_jpeg,Oracle-Alignment,107,0.6333333253860474,0.36666667461395264,0.0,,
crop50_jpeg,Oracle-Alignment,108,0.5666666626930237,0.4333333373069763,0.0,,
crop50_jpeg,Oracle-Alignment,109,0.7333333492279053,0.2666666507720947,0.0,,
crop50_jpeg,Oracle-Alignment,110,0.46666666865348816,0.5333333313465118,0.0,,
crop50_jpeg,Oracle-Alignment,111,0.800000011920929,0.19999998807907104,0.0,,
crop50_jpeg,Oracle-Alignment,112,0.6000000238418579,0.3999999761581421,0.0,,
crop50_jpeg,Oracle-Alignment,113,0.6666666865348816,0.3333333134651184,0.0,,
crop50_jpeg,Oracle-Alignment,114,0.6666666865348816,0.3333333134651184,0.0,,
crop50_jpeg,Oracle-Alignment,115,0.699999988079071,0.30000001192092896,0.0,,
crop50_jpeg,Oracle-Alignment,116,0.6333333253860474,0.36666667461395264,0.0,,
crop50_jpeg,Oracle-Alignment,117,0.5333333611488342,0.46666663885116577,0.0,,
crop50_jpeg,Oracle-Alignment,118,0.5666666626930237,0.4333333373069763,0.0,,
crop50_jpeg,Oracle-Alignment,119,0.5333333611488342,0.46666663885116577,0.0,,
crop50_jpeg,Oracle-Alignment,120,0.6666666865348816,0.3333333134651184,0.0,,
crop50_jpeg,Oracle-Alignment,121,0.699999988079071,0.30000001192092896,0.0,,
crop50_jpeg,Oracle-Alignment,122,0.6666666865348816,0.3333333134651184,0.0,,
crop50_jpeg,Oracle-Alignment,123,0.800000011920929,0.19999998807907104,0.0,,
crop50_jpeg,Oracle-Alignment,124,0.6000000238418579,0.3999999761581421,0.0,,
crop50_jpeg,Oracle-Alignment,125,0.800000011920929,0.19999998807907104,0.0,,
crop50_jpeg,Oracle-Alignment,126,0.8666666746139526,0.13333332538604736,0.0,,
crop50_jpeg,Oracle-Alignment,127,0.6666666865348816,0.3333333134651184,0.0,,
crop50_jpeg,Oracle-Alignment,128,0.800000011920929,0.19999998807907104,0.0,,
crop50_jpeg,Oracle-Alignment,129,0.699999988079071,0.30000001192092896,0.0,,
crop50_jpeg,Oracle-Alignment,130,0.699999988079071,0.30000001192092896,0.0,,
crop50_jpeg,Oracle-Alignment,131,0.6333333253860474,0.36666667461395264,0.0,,
crop50_jpeg,Oracle-Alignment,132,0.8999999761581421,0.10000002384185791,0.0,,
crop50_jpeg,Oracle-Alignment,133,0.8333333134651184,0.1666666865348816,0.0,,
crop50_jpeg,Oracle-Alignment,134,0.7666666507720947,0.23333334922790527,0.0,,
crop50_jpeg,Oracle-Alignment,135,0.6666666865348816,0.3333333134651184,0.0,,
crop50_jpeg,Oracle-Alignment,136,0.7333333492279053,0.2666666507720947,0.0,,
crop50_jpeg,Oracle-Alignment,137,0.8666666746139526,0.13333332538604736,0.0,,
crop50_jpeg,Oracle-Alignment,138,0.7333333492279053,0.2666666507720947,0.0,,
crop50_jpeg,Oracle-Alignment,139,0.5666666626930237,0.4333333373069763,0.0,,
crop50_jpeg,Oracle-Alignment,140,0.6333333253860474,0.36666667461395264,0.0,,
crop50_jpeg,Oracle-Alignment,141,0.6666666865348816,0.3333333134651184,0.0,,
crop50_jpeg,Oracle-Alignment,142,0.699999988079071,0.30000001192092896,0.0,,
crop50_jpeg,Oracle-Alignment,143,0.5,0.5,0.0,,
crop50_jpeg,DCSS,0,0.5333333611488342,0.46666663885116577,0.0,,
crop50_jpeg,DCSS,1,0.5666666626930237,0.4333333373069763,0.0,,
crop50_jpeg,DCSS,2,0.5666666626930237,0.4333333373069763,0.0,,
crop50_jpeg,DCSS,3,0.6333333253860474,0.36666667461395264,0.0,,
crop50_jpeg,DCSS,4,0.4000000059604645,0.5999999940395355,0.0,,
crop50_jpeg,DCSS,5,0.6333333253860474,0.36666667461395264,0.0,,
crop50_jpeg,DCSS,6,0.6000000238418579,0.3999999761581421,0.0,,
crop50_jpeg,DCSS,7,0.5666666626930237,0.4333333373069763,0.0,,
crop50_jpeg,DCSS,8,0.36666667461395264,0.6333333253860474,0.0,,
crop50_jpeg,DCSS,9,0.3333333432674408,0.6666666567325592,0.0,,
crop50_jpeg,DCSS,10,0.5333333611488342,0.46666663885116577,0.0,,
crop50_jpeg,DCSS,11,0.3333333432674408,0.6666666567325592,0.0,,
crop50_jpeg,DCSS,12,0.6333333253860474,0.36666667461395264,0.0,,
crop50_jpeg,DCSS,13,0.699999988079071,0.30000001192092896,0.0,,
crop50_jpeg,DCSS,14,0.7333333492279053,0.2666666507720947,0.0,,
crop50_jpeg,DCSS,15,0.5,0.5,0.0,,
crop50_jpeg,DCSS,16,0.699999988079071,0.30000001192092896,0.0,,
crop50_jpeg,DCSS,17,0.699999988079071,0.30000001192092896,0.0,,
crop50_jpeg,DCSS,18,0.4000000059604645,0.5999999940395355,0.0,,
crop50_jpeg,DCSS,19,0.6000000238418579,0.3999999761581421,0.0,,
crop50_jpeg,DCSS,20,0.8999999761581421,0.10000002384185791,0.0,,
crop50_jpeg,DCSS,21,0.5,0.5,0.0,,
crop50_jpeg,DCSS,22,0.5333333611488342,0.46666663885116577,0.0,,
crop50_jpeg,DCSS,23,0.6000000238418579,0.3999999761581421,0.0,,
crop50_jpeg,DCSS,24,0.6333333253860474,0.36666667461395264,0.0,,
crop50_jpeg,DCSS,25,0.699999988079071,0.30000001192092896,0.0,,
crop50_jpeg,DCSS,26,0.4000000059604645,0.5999999940395355,0.0,,
crop50_jpeg,DCSS,27,0.5,0.5,0.0,,
crop50_jpeg,DCSS,28,0.6000000238418579,0.3999999761581421,0.0,,
crop50_jpeg,DCSS,29,0.5,0.5,0.0,,
crop50_jpeg,DCSS,30,0.46666666865348816,0.5333333313465118,0.0,,
crop50_jpeg,DCSS,31,0.6333333253860474,0.36666667461395264,0.0,,
crop50_jpeg,DCSS,32,0.6666666865348816,0.3333333134651184,0.0,,
crop50_jpeg,DCSS,33,0.7666666507720947,0.23333334922790527,0.0,,
crop50_jpeg,DCSS,34,0.46666666865348816,0.5333333313465118,0.0,,
crop50_jpeg,DCSS,35,0.2666666805744171,0.7333333194255829,0.0,,
crop50_jpeg,DCSS,36,0.7666666507720947,0.23333334922790527,0.0,,
crop50_jpeg,DCSS,37,0.6666666865348816,0.3333333134651184,0.0,,
crop50_jpeg,DCSS,38,0.6000000238418579,0.3999999761581421,0.0,,
crop50_jpeg,DCSS,39,0.6666666865348816,0.3333333134651184,0.0,,
crop50_jpeg,DCSS,40,0.46666666865348816,0.5333333313465118,0.0,,
crop50_jpeg,DCSS,41,0.46666666865348816,0.5333333313465118,0.0,,
crop50_jpeg,DCSS,42,0.6333333253860474,0.36666667461395264,0.0,,
crop50_jpeg,DCSS,43,0.8333333134651184,0.1666666865348816,0.0,,
crop50_jpeg,DCSS,44,0.800000011920929,0.19999998807907104,0.0,,
crop50_jpeg,DCSS,45,0.699999988079071,0.30000001192092896,0.0,,
crop50_jpeg,DCSS,46,0.7666666507720947,0.23333334922790527,0.0,,
crop50_jpeg,DCSS,47,0.7666666507720947,0.23333334922790527,0.0,,
crop50_jpeg,DCSS,48,0.6666666865348816,0.3333333134651184,0.0,,
crop50_jpeg,DCSS,49,0.5666666626930237,0.4333333373069763,0.0,,
crop50_jpeg,DCSS,50,0.7666666507720947,0.23333334922790527,0.0,,
crop50_jpeg,DCSS,51,0.5666666626930237,0.4333333373069763,0.0,,
crop50_jpeg,DCSS,52,0.7333333492279053,0.2666666507720947,0.0,,
crop50_jpeg,DCSS,53,0.6666666865348816,0.3333333134651184,0.0,,
crop50_jpeg,DCSS,54,0.4333333373069763,0.5666666626930237,0.0,,
crop50_jpeg,DCSS,55,0.6000000238418579,0.3999999761581421,0.0,,
crop50_jpeg,DCSS,56,0.5333333611488342,0.46666663885116577,0.0,,
crop50_jpeg,DCSS,57,0.5,0.5,0.0,,
crop50_jpeg,DCSS,58,0.7666666507720947,0.23333334922790527,0.0,,
crop50_jpeg,DCSS,59,0.5,0.5,0.0,,
crop50_jpeg,DCSS,60,0.6000000238418579,0.3999999761581421,0.0,,
crop50_jpeg,DCSS,61,0.6333333253860474,0.36666667461395264,0.0,,
crop50_jpeg,DCSS,62,0.699999988079071,0.30000001192092896,0.0,,
crop50_jpeg,DCSS,63,0.7666666507720947,0.23333334922790527,0.0,,
crop50_jpeg,DCSS,64,0.6000000238418579,0.3999999761581421,0.0,,
crop50_jpeg,DCSS,65,0.5,0.5,0.0,,
crop50_jpeg,DCSS,66,0.5333333611488342,0.46666663885116577,0.0,,
crop50_jpeg,DCSS,67,0.699999988079071,0.30000001192092896,0.0,,
crop50_jpeg,DCSS,68,0.5333333611488342,0.46666663885116577,0.0,,
crop50_jpeg,DCSS,69,0.6000000238418579,0.3999999761581421,0.0,,
crop50_jpeg,DCSS,70,0.7333333492279053,0.2666666507720947,0.0,,
crop50_jpeg,DCSS,71,0.6000000238418579,0.3999999761581421,0.0,,
crop50_jpeg,DCSS,72,0.6666666865348816,0.3333333134651184,0.0,,
crop50_jpeg,DCSS,73,0.8333333134651184,0.1666666865348816,0.0,,
crop50_jpeg,DCSS,74,0.6000000238418579,0.3999999761581421,0.0,,
crop50_jpeg,DCSS,75,0.4333333373069763,0.5666666626930237,0.0,,
crop50_jpeg,DCSS,76,0.6666666865348816,0.3333333134651184,0.0,,
crop50_jpeg,DCSS,77,0.6666666865348816,0.3333333134651184,0.0,,
crop50_jpeg,DCSS,78,0.6000000238418579,0.3999999761581421,0.0,,
crop50_jpeg,DCSS,79,0.5333333611488342,0.46666663885116577,0.0,,
crop50_jpeg,DCSS,80,0.6666666865348816,0.3333333134651184,0.0,,
crop50_jpeg,DCSS,81,0.699999988079071,0.30000001192092896,0.0,,
crop50_jpeg,DCSS,82,0.4000000059604645,0.5999999940395355,0.0,,
crop50_jpeg,DCSS,83,0.36666667461395264,0.6333333253860474,0.0,,
crop50_jpeg,DCSS,84,0.7333333492279053,0.2666666507720947,0.0,,
crop50_jpeg,DCSS,85,0.4000000059604645,0.5999999940395355,0.0,,
crop50_jpeg,DCSS,86,0.5333333611488342,0.46666663885116577,0.0,,
crop50_jpeg,DCSS,87,0.7333333492279053,0.2666666507720947,0.0,,
crop50_jpeg,DCSS,88,0.7333333492279053,0.2666666507720947,0.0,,
crop50_jpeg,DCSS,89,0.7666666507720947,0.23333334922790527,0.0,,
crop50_jpeg,DCSS,90,0.5666666626930237,0.4333333373069763,0.0,,
crop50_jpeg,DCSS,91,0.5666666626930237,0.4333333373069763,0.0,,
crop50_jpeg,DCSS,92,0.6000000238418579,0.3999999761581421,0.0,,
crop50_jpeg,DCSS,93,0.6000000238418579,0.3999999761581421,0.0,,
crop50_jpeg,DCSS,94,0.6666666865348816,0.3333333134651184,0.0,,
crop50_jpeg,DCSS,95,0.5333333611488342,0.46666663885116577,0.0,,
crop50_jpeg,DCSS,96,0.6333333253860474,0.36666667461395264,0.0,,
crop50_jpeg,DCSS,97,0.6000000238418579,0.3999999761581421,0.0,,
crop50_jpeg,DCSS,98,0.5,0.5,0.0,,
crop50_jpeg,DCSS,99,0.5666666626930237,0.4333333373069763,0.0,,
crop50_jpeg,DCSS,100,0.5333333611488342,0.46666663885116577,0.0,,
crop50_jpeg,DCSS,101,0.699999988079071,0.30000001192092896,0.0,,
crop50_jpeg,DCSS,102,0.46666666865348816,0.5333333313465118,0.0,,
crop50_jpeg,DCSS,103,0.6000000238418579,0.3999999761581421,0.0,,
crop50_jpeg,DCSS,104,0.7333333492279053,0.2666666507720947,0.0,,
crop50_jpeg,DCSS,105,0.6000000238418579,0.3999999761581421,0.0,,
crop50_jpeg,DCSS,106,0.8333333134651184,0.1666666865348816,0.0,,
crop50_jpeg,DCSS,107,0.6333333253860474,0.36666667461395264,0.0,,
crop50_jpeg,DCSS,108,0.5333333611488342,0.46666663885116577,0.0,,
crop50_jpeg,DCSS,109,0.36666667461395264,0.6333333253860474,0.0,,
crop50_jpeg,DCSS,110,0.5,0.5,0.0,,
crop50_jpeg,DCSS,111,0.6333333253860474,0.36666667461395264,0.0,,
crop50_jpeg,DCSS,112,0.5,0.5,0.0,,
crop50_jpeg,DCSS,113,0.6000000238418579,0.3999999761581421,0.0,,
crop50_jpeg,DCSS,114,0.46666666865348816,0.5333333313465118,0.0,,
crop50_jpeg,DCSS,115,0.6000000238418579,0.3999999761581421,0.0,,
crop50_jpeg,DCSS,116,0.6333333253860474,0.36666667461395264,0.0,,
crop50_jpeg,DCSS,117,0.5333333611488342,0.46666663885116577,0.0,,
crop50_jpeg,DCSS,118,0.5666666626930237,0.4333333373069763,0.0,,
crop50_jpeg,DCSS,119,0.5666666626930237,0.4333333373069763,0.0,,
crop50_jpeg,DCSS,120,0.46666666865348816,0.5333333313465118,0.0,,
crop50_jpeg,DCSS,121,0.699999988079071,0.30000001192092896,0.0,,
crop50_jpeg,DCSS,122,0.46666666865348816,0.5333333313465118,0.0,,
crop50_jpeg,DCSS,123,0.7666666507720947,0.23333334922790527,0.0,,
crop50_jpeg,DCSS,124,0.5,0.5,0.0,,
crop50_jpeg,DCSS,125,0.8333333134651184,0.1666666865348816,0.0,,
crop50_jpeg,DCSS,126,0.8666666746139526,0.13333332538604736,0.0,,
crop50_jpeg,DCSS,127,0.6666666865348816,0.3333333134651184,0.0,,
crop50_jpeg,DCSS,128,0.800000011920929,0.19999998807907104,0.0,,
crop50_jpeg,DCSS,129,0.4000000059604645,0.5999999940395355,0.0,,
crop50_jpeg,DCSS,130,0.8333333134651184,0.1666666865348816,0.0,,
crop50_jpeg,DCSS,131,0.5666666626930237,0.4333333373069763,0.0,,
crop50_jpeg,DCSS,132,0.800000011920929,0.19999998807907104,0.0,,
crop50_jpeg,DCSS,133,0.8666666746139526,0.13333332538604736,0.0,,
crop50_jpeg,DCSS,134,0.7333333492279053,0.2666666507720947,0.0,,
crop50_jpeg,DCSS,135,0.4333333373069763,0.5666666626930237,0.0,,
crop50_jpeg,DCSS,136,0.7666666507720947,0.23333334922790527,0.0,,
crop50_jpeg,DCSS,137,0.6666666865348816,0.3333333134651184,0.0,,
crop50_jpeg,DCSS,138,0.46666666865348816,0.5333333313465118,0.0,,
crop50_jpeg,DCSS,139,0.5333333611488342,0.46666663885116577,0.0,,
crop50_jpeg,DCSS,140,0.6000000238418579,0.3999999761581421,0.0,,
crop50_jpeg,DCSS,141,0.5666666626930237,0.4333333373069763,0.0,,
crop50_jpeg,DCSS,142,0.6000000238418579,0.3999999761581421,0.0,,
crop50_jpeg,DCSS,143,0.5,0.5,0.0,,
crop50_jpeg,DCSS-FT,0,0.5666666626930237,0.4333333373069763,0.0,,
crop50_jpeg,DCSS-FT,1,0.5666666626930237,0.4333333373069763,0.0,,
crop50_jpeg,DCSS-FT,2,0.5,0.5,0.0,,
crop50_jpeg,DCSS-FT,3,0.6000000238418579,0.3999999761581421,0.0,,
crop50_jpeg,DCSS-FT,4,0.4000000059604645,0.5999999940395355,0.0,,
crop50_jpeg,DCSS-FT,5,0.6000000238418579,0.3999999761581421,0.0,,
crop50_jpeg,DCSS-FT,6,0.5,0.5,0.0,,
crop50_jpeg,DCSS-FT,7,0.5333333611488342,0.46666663885116577,0.0,,
crop50_jpeg,DCSS-FT,8,0.36666667461395264,0.6333333253860474,0.0,,
crop50_jpeg,DCSS-FT,9,0.4333333373069763,0.5666666626930237,0.0,,
crop50_jpeg,DCSS-FT,10,0.5666666626930237,0.4333333373069763,0.0,,
crop50_jpeg,DCSS-FT,11,0.36666667461395264,0.6333333253860474,0.0,,
crop50_jpeg,DCSS-FT,12,0.6000000238418579,0.3999999761581421,0.0,,
crop50_jpeg,DCSS-FT,13,0.6666666865348816,0.3333333134651184,0.0,,
crop50_jpeg,DCSS-FT,14,0.699999988079071,0.30000001192092896,0.0,,
crop50_jpeg,DCSS-FT,15,0.5666666626930237,0.4333333373069763,0.0,,
crop50_jpeg,DCSS-FT,16,0.699999988079071,0.30000001192092896,0.0,,
crop50_jpeg,DCSS-FT,17,0.7333333492279053,0.2666666507720947,0.0,,
crop50_jpeg,DCSS-FT,18,0.2666666805744171,0.7333333194255829,0.0,,
crop50_jpeg,DCSS-FT,19,0.6666666865348816,0.3333333134651184,0.0,,
crop50_jpeg,DCSS-FT,20,0.8999999761581421,0.10000002384185791,0.0,,
crop50_jpeg,DCSS-FT,21,0.5,0.5,0.0,,
crop50_jpeg,DCSS-FT,22,0.5333333611488342,0.46666663885116577,0.0,,
crop50_jpeg,DCSS-FT,23,0.6333333253860474,0.36666667461395264,0.0,,
crop50_jpeg,DCSS-FT,24,0.6333333253860474,0.36666667461395264,0.0,,
crop50_jpeg,DCSS-FT,25,0.699999988079071,0.30000001192092896,0.0,,
crop50_jpeg,DCSS-FT,26,0.36666667461395264,0.6333333253860474,0.0,,
crop50_jpeg,DCSS-FT,27,0.5,0.5,0.0,,
crop50_jpeg,DCSS-FT,28,0.5333333611488342,0.46666663885116577,0.0,,
crop50_jpeg,DCSS-FT,29,0.5333333611488342,0.46666663885116577,0.0,,
crop50_jpeg,DCSS-FT,30,0.5,0.5,0.0,,
crop50_jpeg,DCSS-FT,31,0.6666666865348816,0.3333333134651184,0.0,,
crop50_jpeg,DCSS-FT,32,0.699999988079071,0.30000001192092896,0.0,,
crop50_jpeg,DCSS-FT,33,0.7666666507720947,0.23333334922790527,0.0,,
crop50_jpeg,DCSS-FT,34,0.46666666865348816,0.5333333313465118,0.0,,
crop50_jpeg,DCSS-FT,35,0.23333333432674408,0.7666666656732559,0.0,,
crop50_jpeg,DCSS-FT,36,0.7333333492279053,0.2666666507720947,0.0,,
crop50_jpeg,DCSS-FT,37,0.6666666865348816,0.3333333134651184,0.0,,
crop50_jpeg,DCSS-FT,38,0.6000000238418579,0.3999999761581421,0.0,,
crop50_jpeg,DCSS-FT,39,0.6333333253860474,0.36666667461395264,0.0,,
crop50_jpeg,DCSS-FT,40,0.4333333373069763,0.5666666626930237,0.0,,
crop50_jpeg,DCSS-FT,41,0.46666666865348816,0.5333333313465118,0.0,,
crop50_jpeg,DCSS-FT,42,0.6000000238418579,0.3999999761581421,0.0,,
crop50_jpeg,DCSS-FT,43,0.8666666746139526,0.13333332538604736,0.0,,
crop50_jpeg,DCSS-FT,44,0.7333333492279053,0.2666666507720947,0.0,,
crop50_jpeg,DCSS-FT,45,0.699999988079071,0.30000001192092896,0.0,,
crop50_jpeg,DCSS-FT,46,0.7666666507720947,0.23333334922790527,0.0,,
crop50_jpeg,DCSS-FT,47,0.800000011920929,0.19999998807907104,0.0,,
crop50_jpeg,DCSS-FT,48,0.699999988079071,0.30000001192092896,0.0,,
crop50_jpeg,DCSS-FT,49,0.5666666626930237,0.4333333373069763,0.0,,
crop50_jpeg,DCSS-FT,50,0.7333333492279053,0.2666666507720947,0.0,,
crop50_jpeg,DCSS-FT,51,0.5666666626930237,0.4333333373069763,0.0,,
crop50_jpeg,DCSS-FT,52,0.7333333492279053,0.2666666507720947,0.0,,
crop50_jpeg,DCSS-FT,53,0.699999988079071,0.30000001192092896,0.0,,
crop50_jpeg,DCSS-FT,54,0.46666666865348816,0.5333333313465118,0.0,,
crop50_jpeg,DCSS-FT,55,0.6000000238418579,0.3999999761581421,0.0,,
crop50_jpeg,DCSS-FT,56,0.5666666626930237,0.4333333373069763,0.0,,
crop50_jpeg,DCSS-FT,57,0.46666666865348816,0.5333333313465118,0.0,,
crop50_jpeg,DCSS-FT,58,0.7333333492279053,0.2666666507720947,0.0,,
crop50_jpeg,DCSS-FT,59,0.5,0.5,0.0,,
crop50_jpeg,DCSS-FT,60,0.6333333253860474,0.36666667461395264,0.0,,
crop50_jpeg,DCSS-FT,61,0.6333333253860474,0.36666667461395264,0.0,,
crop50_jpeg,DCSS-FT,62,0.7333333492279053,0.2666666507720947,0.0,,
crop50_jpeg,DCSS-FT,63,0.800000011920929,0.19999998807907104,0.0,,
crop50_jpeg,DCSS-FT,64,0.6333333253860474,0.36666667461395264,0.0,,
crop50_jpeg,DCSS-FT,65,0.5333333611488342,0.46666663885116577,0.0,,
crop50_jpeg,DCSS-FT,66,0.5333333611488342,0.46666663885116577,0.0,,
crop50_jpeg,DCSS-FT,67,0.7333333492279053,0.2666666507720947,0.0,,
crop50_jpeg,DCSS-FT,68,0.5666666626930237,0.4333333373069763,0.0,,
crop50_jpeg,DCSS-FT,69,0.5666666626930237,0.4333333373069763,0.0,,
crop50_jpeg,DCSS-FT,70,0.7333333492279053,0.2666666507720947,0.0,,
crop50_jpeg,DCSS-FT,71,0.6333333253860474,0.36666667461395264,0.0,,
crop50_jpeg,DCSS-FT,72,0.699999988079071,0.30000001192092896,0.0,,
crop50_jpeg,DCSS-FT,73,0.8333333134651184,0.1666666865348816,0.0,,
crop50_jpeg,DCSS-FT,74,0.5666666626930237,0.4333333373069763,0.0,,
crop50_jpeg,DCSS-FT,75,0.4333333373069763,0.5666666626930237,0.0,,
crop50_jpeg,DCSS-FT,76,0.6333333253860474,0.36666667461395264,0.0,,
crop50_jpeg,DCSS-FT,77,0.6666666865348816,0.3333333134651184,0.0,,
crop50_jpeg,DCSS-FT,78,0.6000000238418579,0.3999999761581421,0.0,,
crop50_jpeg,DCSS-FT,79,0.5666666626930237,0.4333333373069763,0.0,,
crop50_jpeg,DCSS-FT,80,0.6666666865348816,0.3333333134651184,0.0,,
crop50_jpeg,DCSS-FT,81,0.6333333253860474,0.36666667461395264,0.0,,
crop50_jpeg,DCSS-FT,82,0.4000000059604645,0.5999999940395355,0.0,,
crop50_jpeg,DCSS-FT,83,0.36666667461395264,0.6333333253860474,0.0,,
crop50_jpeg,DCSS-FT,84,0.699999988079071,0.30000001192092896,0.0,,
crop50_jpeg,DCSS-FT,85,0.36666667461395264,0.6333333253860474,0.0,,
crop50_jpeg,DCSS-FT,86,0.6000000238418579,0.3999999761581421,0.0,,
crop50_jpeg,DCSS-FT,87,0.7333333492279053,0.2666666507720947,0.0,,
crop50_jpeg,DCSS-FT,88,0.7333333492279053,0.2666666507720947,0.0,,
crop50_jpeg,DCSS-FT,89,0.7333333492279053,0.2666666507720947,0.0,,
crop50_jpeg,DCSS-FT,90,0.6000000238418579,0.3999999761581421,0.0,,
crop50_jpeg,DCSS-FT,91,0.6333333253860474,0.36666667461395264,0.0,,
crop50_jpeg,DCSS-FT,92,0.6333333253860474,0.36666667461395264,0.0,,
crop50_jpeg,DCSS-FT,93,0.6000000238418579,0.3999999761581421,0.0,,
crop50_jpeg,DCSS-FT,94,0.6333333253860474,0.36666667461395264,0.0,,
crop50_jpeg,DCSS-FT,95,0.5666666626930237,0.4333333373069763,0.0,,
crop50_jpeg,DCSS-FT,96,0.6000000238418579,0.3999999761581421,0.0,,
crop50_jpeg,DCSS-FT,97,0.6000000238418579,0.3999999761581421,0.0,,
crop50_jpeg,DCSS-FT,98,0.4333333373069763,0.5666666626930237,0.0,,
crop50_jpeg,DCSS-FT,99,0.5,0.5,0.0,,
crop50_jpeg,DCSS-FT,100,0.5333333611488342,0.46666663885116577,0.0,,
crop50_jpeg,DCSS-FT,101,0.7333333492279053,0.2666666507720947,0.0,,
crop50_jpeg,DCSS-FT,102,0.46666666865348816,0.5333333313465118,0.0,,
crop50_jpeg,DCSS-FT,103,0.6000000238418579,0.3999999761581421,0.0,,
crop50_jpeg,DCSS-FT,104,0.7333333492279053,0.2666666507720947,0.0,,
crop50_jpeg,DCSS-FT,105,0.5666666626930237,0.4333333373069763,0.0,,
crop50_jpeg,DCSS-FT,106,0.7666666507720947,0.23333334922790527,0.0,,
crop50_jpeg,DCSS-FT,107,0.6666666865348816,0.3333333134651184,0.0,,
crop50_jpeg,DCSS-FT,108,0.5333333611488342,0.46666663885116577,0.0,,
crop50_jpeg,DCSS-FT,109,0.36666667461395264,0.6333333253860474,0.0,,
crop50_jpeg,DCSS-FT,110,0.5333333611488342,0.46666663885116577,0.0,,
crop50_jpeg,DCSS-FT,111,0.6333333253860474,0.36666667461395264,0.0,,
crop50_jpeg,DCSS-FT,112,0.5,0.5,0.0,,
crop50_jpeg,DCSS-FT,113,0.6666666865348816,0.3333333134651184,0.0,,
crop50_jpeg,DCSS-FT,114,0.46666666865348816,0.5333333313465118,0.0,,
crop50_jpeg,DCSS-FT,115,0.6333333253860474,0.36666667461395264,0.0,,
crop50_jpeg,DCSS-FT,116,0.5666666626930237,0.4333333373069763,0.0,,
crop50_jpeg,DCSS-FT,117,0.5,0.5,0.0,,
crop50_jpeg,DCSS-FT,118,0.6000000238418579,0.3999999761581421,0.0,,
crop50_jpeg,DCSS-FT,119,0.5666666626930237,0.4333333373069763,0.0,,
crop50_jpeg,DCSS-FT,120,0.5,0.5,0.0,,
crop50_jpeg,DCSS-FT,121,0.699999988079071,0.30000001192092896,0.0,,
crop50_jpeg,DCSS-FT,122,0.4333333373069763,0.5666666626930237,0.0,,
crop50_jpeg,DCSS-FT,123,0.7666666507720947,0.23333334922790527,0.0,,
crop50_jpeg,DCSS-FT,124,0.5,0.5,0.0,,
crop50_jpeg,DCSS-FT,125,0.800000011920929,0.19999998807907104,0.0,,
crop50_jpeg,DCSS-FT,126,0.8999999761581421,0.10000002384185791,0.0,,
crop50_jpeg,DCSS-FT,127,0.6666666865348816,0.3333333134651184,0.0,,
crop50_jpeg,DCSS-FT,128,0.7666666507720947,0.23333334922790527,0.0,,
crop50_jpeg,DCSS-FT,129,0.3333333432674408,0.6666666567325592,0.0,,
crop50_jpeg,DCSS-FT,130,0.800000011920929,0.19999998807907104,0.0,,
crop50_jpeg,DCSS-FT,131,0.5666666626930237,0.4333333373069763,0.0,,
crop50_jpeg,DCSS-FT,132,0.800000011920929,0.19999998807907104,0.0,,
crop50_jpeg,DCSS-FT,133,0.8333333134651184,0.1666666865348816,0.0,,
crop50_jpeg,DCSS-FT,134,0.699999988079071,0.30000001192092896,0.0,,
crop50_jpeg,DCSS-FT,135,0.4333333373069763,0.5666666626930237,0.0,,
crop50_jpeg,DCSS-FT,136,0.7333333492279053,0.2666666507720947,0.0,,
crop50_jpeg,DCSS-FT,137,0.6333333253860474,0.36666667461395264,0.0,,
crop50_jpeg,DCSS-FT,138,0.5333333611488342,0.46666663885116577,0.0,,
crop50_jpeg,DCSS-FT,139,0.6333333253860474,0.36666667461395264,0.0,,
crop50_jpeg,DCSS-FT,140,0.6333333253860474,0.36666667461395264,0.0,,
crop50_jpeg,DCSS-FT,141,0.5666666626930237,0.4333333373069763,0.0,,
crop50_jpeg,DCSS-FT,142,0.5666666626930237,0.4333333373069763,0.0,,
crop50_jpeg,DCSS-FT,143,0.46666666865348816,0.5333333313465118,0.0,,
crop50_jpeg,R-DCSS,0,0.5333333611488342,0.46666663885116577,0.0,,0.0
crop50_jpeg,R-DCSS,1,0.6666666865348816,0.3333333134651184,0.0,,0.0
crop50_jpeg,R-DCSS,2,0.699999988079071,0.30000001192092896,0.0,,0.0
crop50_jpeg,R-DCSS,3,0.6666666865348816,0.3333333134651184,0.0,,0.0
crop50_jpeg,R-DCSS,4,0.5666666626930237,0.4333333373069763,0.0,,0.0
crop50_jpeg,R-DCSS,5,0.7333333492279053,0.2666666507720947,0.0,,0.0
crop50_jpeg,R-DCSS,6,0.5666666626930237,0.4333333373069763,0.0,,0.0
crop50_jpeg,R-DCSS,7,0.6000000238418579,0.3999999761581421,0.0,,0.0
crop50_jpeg,R-DCSS,8,0.5666666626930237,0.4333333373069763,0.0,,0.0
crop50_jpeg,R-DCSS,9,0.36666667461395264,0.6333333253860474,0.0,,0.0
crop50_jpeg,R-DCSS,10,0.5666666626930237,0.4333333373069763,0.0,,0.0
crop50_jpeg,R-DCSS,11,0.5666666626930237,0.4333333373069763,0.0,,0.0
crop50_jpeg,R-DCSS,12,0.6333333253860474,0.36666667461395264,0.0,,1.0
crop50_jpeg,R-DCSS,13,0.699999988079071,0.30000001192092896,0.0,,1.0
crop50_jpeg,R-DCSS,14,0.6666666865348816,0.3333333134651184,0.0,,0.0
crop50_jpeg,R-DCSS,15,0.6333333253860474,0.36666667461395264,0.0,,0.0
crop50_jpeg,R-DCSS,16,0.699999988079071,0.30000001192092896,0.0,,1.0
crop50_jpeg,R-DCSS,17,0.699999988079071,0.30000001192092896,0.0,,1.0
crop50_jpeg,R-DCSS,18,0.699999988079071,0.30000001192092896,0.0,,0.0
crop50_jpeg,R-DCSS,19,0.7333333492279053,0.2666666507720947,0.0,,0.0
crop50_jpeg,R-DCSS,20,0.6000000238418579,0.3999999761581421,0.0,,0.0
crop50_jpeg,R-DCSS,21,0.5,0.5,0.0,,0.0
crop50_jpeg,R-DCSS,22,0.6000000238418579,0.3999999761581421,0.0,,0.0
crop50_jpeg,R-DCSS,23,0.7333333492279053,0.2666666507720947,0.0,,0.0
crop50_jpeg,R-DCSS,24,0.6000000238418579,0.3999999761581421,0.0,,0.0
crop50_jpeg,R-DCSS,25,0.699999988079071,0.30000001192092896,0.0,,1.0
crop50_jpeg,R-DCSS,26,0.4000000059604645,0.5999999940395355,0.0,,1.0
crop50_jpeg,R-DCSS,27,0.5,0.5,0.0,,1.0
crop50_jpeg,R-DCSS,28,0.6000000238418579,0.3999999761581421,0.0,,1.0
crop50_jpeg,R-DCSS,29,0.5,0.5,0.0,,1.0
crop50_jpeg,R-DCSS,30,0.5,0.5,0.0,,0.0
crop50_jpeg,R-DCSS,31,0.5333333611488342,0.46666663885116577,0.0,,0.0
crop50_jpeg,R-DCSS,32,0.7666666507720947,0.23333334922790527,0.0,,0.0
crop50_jpeg,R-DCSS,33,0.8333333134651184,0.1666666865348816,0.0,,0.0
crop50_jpeg,R-DCSS,34,0.5,0.5,0.0,,0.0
crop50_jpeg,R-DCSS,35,0.30000001192092896,0.699999988079071,0.0,,0.0
crop50_jpeg,R-DCSS,36,0.6333333253860474,0.36666667461395264,0.0,,0.0
crop50_jpeg,R-DCSS,37,0.6333333253860474,0.36666667461395264,0.0,,0.0
crop50_jpeg,R-DCSS,38,0.46666666865348816,0.5333333313465118,0.0,,0.0
crop50_jpeg,R-DCSS,39,0.6666666865348816,0.3333333134651184,0.0,,1.0
crop50_jpeg,R-DCSS,40,0.5,0.5,0.0,,0.0
crop50_jpeg,R-DCSS,41,0.46666666865348816,0.5333333313465118,0.0,,0.0
crop50_jpeg,R-DCSS,42,0.6333333253860474,0.36666667461395264,0.0,,1.0
crop50_jpeg,R-DCSS,43,0.8333333134651184,0.1666666865348816,0.0,,1.0
crop50_jpeg,R-DCSS,44,0.6333333253860474,0.36666667461395264,0.0,,0.0
crop50_jpeg,R-DCSS,45,0.800000011920929,0.19999998807907104,0.0,,0.0
crop50_jpeg,R-DCSS,46,0.7666666507720947,0.23333334922790527,0.0,,1.0
crop50_jpeg,R-DCSS,47,0.7666666507720947,0.23333334922790527,0.0,,1.0
crop50_jpeg,R-DCSS,48,0.6666666865348816,0.3333333134651184,0.0,,1.0
crop50_jpeg,R-DCSS,49,0.5333333611488342,0.46666663885116577,0.0,,0.0
crop50_jpeg,R-DCSS,50,0.6333333253860474,0.36666667461395264,0.0,,0.0
crop50_jpeg,R-DCSS,51,0.6333333253860474,0.36666667461395264,0.0,,0.0
crop50_jpeg,R-DCSS,52,0.7666666507720947,0.23333334922790527,0.0,,0.0
crop50_jpeg,R-DCSS,53,0.6666666865348816,0.3333333134651184,0.0,,0.0
crop50_jpeg,R-DCSS,54,0.5333333611488342,0.46666663885116577,0.0,,0.0
crop50_jpeg,R-DCSS,55,0.46666666865348816,0.5333333313465118,0.0,,0.0
crop50_jpeg,R-DCSS,56,0.5333333611488342,0.46666663885116577,0.0,,0.0
crop50_jpeg,R-DCSS,57,0.5,0.5,0.0,,0.0
crop50_jpeg,R-DCSS,58,0.7666666507720947,0.23333334922790527,0.0,,0.0
crop50_jpeg,R-DCSS,59,0.5666666626930237,0.4333333373069763,0.0,,0.0
crop50_jpeg,R-DCSS,60,0.46666666865348816,0.5333333313465118,0.0,,0.0
crop50_jpeg,R-DCSS,61,0.6666666865348816,0.3333333134651184,0.0,,0.0
crop50_jpeg,R-DCSS,62,0.699999988079071,0.30000001192092896,0.0,,0.0
crop50_jpeg,R-DCSS,63,0.7666666507720947,0.23333334922790527,0.0,,0.0
crop50_jpeg,R-DCSS,64,0.5666666626930237,0.4333333373069763,0.0,,0.0
crop50_jpeg,R-DCSS,65,0.4333333373069763,0.5666666626930237,0.0,,0.0
crop50_jpeg,R-DCSS,66,0.6333333253860474,0.36666667461395264,0.0,,0.0
crop50_jpeg,R-DCSS,67,0.699999988079071,0.30000001192092896,0.0,,0.0
crop50_jpeg,R-DCSS,68,0.6333333253860474,0.36666667461395264,0.0,,0.0
crop50_jpeg,R-DCSS,69,0.6000000238418579,0.3999999761581421,0.0,,0.0
crop50_jpeg,R-DCSS,70,0.8333333134651184,0.1666666865348816,0.0,,0.0
crop50_jpeg,R-DCSS,71,0.699999988079071,0.30000001192092896,0.0,,0.0
crop50_jpeg,R-DCSS,72,0.5666666626930237,0.4333333373069763,0.0,,0.0
crop50_jpeg,R-DCSS,73,0.8333333134651184,0.1666666865348816,0.0,,0.0
crop50_jpeg,R-DCSS,74,0.6333333253860474,0.36666667461395264,0.0,,0.0
crop50_jpeg,R-DCSS,75,0.4333333373069763,0.5666666626930237,0.0,,0.0
crop50_jpeg,R-DCSS,76,0.6666666865348816,0.3333333134651184,0.0,,1.0
crop50_jpeg,R-DCSS,77,0.6333333253860474,0.36666667461395264,0.0,,0.0
crop50_jpeg,R-DCSS,78,0.6000000238418579,0.3999999761581421,0.0,,1.0
crop50_jpeg,R-DCSS,79,0.5666666626930237,0.4333333373069763,0.0,,0.0
crop50_jpeg,R-DCSS,80,0.6333333253860474,0.36666667461395264,0.0,,0.0
crop50_jpeg,R-DCSS,81,0.5666666626930237,0.4333333373069763,0.0,,0.0
crop50_jpeg,R-DCSS,82,0.4000000059604645,0.5999999940395355,0.0,,1.0
crop50_jpeg,R-DCSS,83,0.5333333611488342,0.46666663885116577,0.0,,0.0
crop50_jpeg,R-DCSS,84,0.6666666865348816,0.3333333134651184,0.0,,0.0
crop50_jpeg,R-DCSS,85,0.4000000059604645,0.5999999940395355,0.0,,1.0
crop50_jpeg,R-DCSS,86,0.5333333611488342,0.46666663885116577,0.0,,1.0
crop50_jpeg,R-DCSS,87,0.7333333492279053,0.2666666507720947,0.0,,1.0
crop50_jpeg,R-DCSS,88,0.7333333492279053,0.2666666507720947,0.0,,1.0
crop50_jpeg,R-DCSS,89,0.7666666507720947,0.23333334922790527,0.0,,1.0
crop50_jpeg,R-DCSS,90,0.6000000238418579,0.3999999761581421,0.0,,0.0
crop50_jpeg,R-DCSS,91,0.4000000059604645,0.5999999940395355,0.0,,0.0
crop50_jpeg,R-DCSS,92,0.6333333253860474,0.36666667461395264,0.0,,0.0
crop50_jpeg,R-DCSS,93,0.6333333253860474,0.36666667461395264,0.0,,0.0
crop50_jpeg,R-DCSS,94,0.699999988079071,0.30000001192092896,0.0,,0.0
crop50_jpeg,R-DCSS,95,0.5333333611488342,0.46666663885116577,0.0,,0.0
crop50_jpeg,R-DCSS,96,0.7666666507720947,0.23333334922790527,0.0,,0.0
crop50_jpeg,R-DCSS,97,0.5,0.5,0.0,,0.0
crop50_jpeg,R-DCSS,98,0.5333333611488342,0.46666663885116577,0.0,,0.0
crop50_jpeg,R-DCSS,99,0.5666666626930237,0.4333333373069763,0.0,,0.0
crop50_jpeg,R-DCSS,100,0.5,0.5,0.0,,0.0
crop50_jpeg,R-DCSS,101,0.6666666865348816,0.3333333134651184,0.0,,0.0
crop50_jpeg,R-DCSS,102,0.46666666865348816,0.5333333313465118,0.0,,1.0
crop50_jpeg,R-DCSS,103,0.6000000238418579,0.3999999761581421,0.0,,1.0
crop50_jpeg,R-DCSS,104,0.7333333492279053,0.2666666507720947,0.0,,1.0
crop50_jpeg,R-DCSS,105,0.6000000238418579,0.3999999761581421,0.0,,1.0
crop50_jpeg,R-DCSS,106,0.8333333134651184,0.1666666865348816,0.0,,1.0
crop50_jpeg,R-DCSS,107,0.6333333253860474,0.36666667461395264,0.0,,1.0
crop50_jpeg,R-DCSS,108,0.5333333611488342,0.46666663885116577,0.0,,1.0
crop50_jpeg,R-DCSS,109,0.5666666626930237,0.4333333373069763,0.0,,0.0
crop50_jpeg,R-DCSS,110,0.5,0.5,0.0,,0.0
crop50_jpeg,R-DCSS,111,0.6333333253860474,0.36666667461395264,0.0,,1.0
crop50_jpeg,R-DCSS,112,0.6666666865348816,0.3333333134651184,0.0,,0.0
crop50_jpeg,R-DCSS,113,0.6666666865348816,0.3333333134651184,0.0,,0.0
crop50_jpeg,R-DCSS,114,0.6333333253860474,0.36666667461395264,0.0,,0.0
crop50_jpeg,R-DCSS,115,0.699999988079071,0.30000001192092896,0.0,,0.0
crop50_jpeg,R-DCSS,116,0.6333333253860474,0.36666667461395264,0.0,,0.0
crop50_jpeg,R-DCSS,117,0.46666666865348816,0.5333333313465118,0.0,,0.0
crop50_jpeg,R-DCSS,118,0.5666666626930237,0.4333333373069763,0.0,,0.0
crop50_jpeg,R-DCSS,119,0.46666666865348816,0.5333333313465118,0.0,,0.0
crop50_jpeg,R-DCSS,120,0.6333333253860474,0.36666667461395264,0.0,,0.0
crop50_jpeg,R-DCSS,121,0.699999988079071,0.30000001192092896,0.0,,1.0
crop50_jpeg,R-DCSS,122,0.46666666865348816,0.5333333313465118,0.0,,1.0
crop50_jpeg,R-DCSS,123,0.7666666507720947,0.23333334922790527,0.0,,1.0
crop50_jpeg,R-DCSS,124,0.5,0.5,0.0,,0.0
crop50_jpeg,R-DCSS,125,0.8333333134651184,0.1666666865348816,0.0,,0.0
crop50_jpeg,R-DCSS,126,0.8666666746139526,0.13333332538604736,0.0,,1.0
crop50_jpeg,R-DCSS,127,0.6666666865348816,0.3333333134651184,0.0,,1.0
crop50_jpeg,R-DCSS,128,0.800000011920929,0.19999998807907104,0.0,,1.0
crop50_jpeg,R-DCSS,129,0.5666666626930237,0.4333333373069763,0.0,,0.0
crop50_jpeg,R-DCSS,130,0.8333333134651184,0.1666666865348816,0.0,,1.0
crop50_jpeg,R-DCSS,131,0.6666666865348816,0.3333333134651184,0.0,,0.0
crop50_jpeg,R-DCSS,132,0.800000011920929,0.19999998807907104,0.0,,0.0
crop50_jpeg,R-DCSS,133,0.800000011920929,0.19999998807907104,0.0,,0.0
crop50_jpeg,R-DCSS,134,0.7666666507720947,0.23333334922790527,0.0,,0.0
crop50_jpeg,R-DCSS,135,0.699999988079071,0.30000001192092896,0.0,,0.0
crop50_jpeg,R-DCSS,136,0.6000000238418579,0.3999999761581421,0.0,,0.0
crop50_jpeg,R-DCSS,137,0.6666666865348816,0.3333333134651184,0.0,,0.0
crop50_jpeg,R-DCSS,138,0.5,0.5,0.0,,0.0
crop50_jpeg,R-DCSS,139,0.5666666626930237,0.4333333373069763,0.0,,0.0
crop50_jpeg,R-DCSS,140,0.800000011920929,0.19999998807907104,0.0,,0.0
crop50_jpeg,R-DCSS,141,0.4000000059604645,0.5999999940395355,0.0,,0.0
crop50_jpeg,R-DCSS,142,0.6666666865348816,0.3333333134651184,0.0,,0.0
crop50_jpeg,R-DCSS,143,0.4333333373069763,0.5666666626930237,0.0,,0.0
crop50_blur,PIMoG-Original,0,0.5333333611488342,0.46666663885116577,0.0,,
crop50_blur,PIMoG-Original,1,0.4333333373069763,0.5666666626930237,0.0,,
crop50_blur,PIMoG-Original,2,0.6333333253860474,0.36666667461395264,0.0,,
crop50_blur,PIMoG-Original,3,0.5666666626930237,0.4333333373069763,0.0,,
crop50_blur,PIMoG-Original,4,0.4333333373069763,0.5666666626930237,0.0,,
crop50_blur,PIMoG-Original,5,0.5,0.5,0.0,,
crop50_blur,PIMoG-Original,6,0.4333333373069763,0.5666666626930237,0.0,,
crop50_blur,PIMoG-Original,7,0.3333333432674408,0.6666666567325592,0.0,,
crop50_blur,PIMoG-Original,8,0.5,0.5,0.0,,
crop50_blur,PIMoG-Original,9,0.5,0.5,0.0,,
crop50_blur,PIMoG-Original,10,0.6666666865348816,0.3333333134651184,0.0,,
crop50_blur,PIMoG-Original,11,0.5666666626930237,0.4333333373069763,0.0,,
crop50_blur,PIMoG-Original,12,0.5666666626930237,0.4333333373069763,0.0,,
crop50_blur,PIMoG-Original,13,0.5,0.5,0.0,,
crop50_blur,PIMoG-Original,14,0.6000000238418579,0.3999999761581421,0.0,,
crop50_blur,PIMoG-Original,15,0.4333333373069763,0.5666666626930237,0.0,,
crop50_blur,PIMoG-Original,16,0.5666666626930237,0.4333333373069763,0.0,,
crop50_blur,PIMoG-Original,17,0.4333333373069763,0.5666666626930237,0.0,,
crop50_blur,PIMoG-Original,18,0.4333333373069763,0.5666666626930237,0.0,,
crop50_blur,PIMoG-Original,19,0.5,0.5,0.0,,
crop50_blur,PIMoG-Original,20,0.4000000059604645,0.5999999940395355,0.0,,
crop50_blur,PIMoG-Original,21,0.5666666626930237,0.4333333373069763,0.0,,
crop50_blur,PIMoG-Original,22,0.5666666626930237,0.4333333373069763,0.0,,
crop50_blur,PIMoG-Original,23,0.5666666626930237,0.4333333373069763,0.0,,
crop50_blur,PIMoG-Original,24,0.36666667461395264,0.6333333253860474,0.0,,
crop50_blur,PIMoG-Original,25,0.2666666805744171,0.7333333194255829,0.0,,
crop50_blur,PIMoG-Original,26,0.5333333611488342,0.46666663885116577,0.0,,
crop50_blur,PIMoG-Original,27,0.6333333253860474,0.36666667461395264,0.0,,
crop50_blur,PIMoG-Original,28,0.6333333253860474,0.36666667461395264,0.0,,
crop50_blur,PIMoG-Original,29,0.4333333373069763,0.5666666626930237,0.0,,
crop50_blur,PIMoG-Original,30,0.5666666626930237,0.4333333373069763,0.0,,
crop50_blur,PIMoG-Original,31,0.36666667461395264,0.6333333253860474,0.0,,
crop50_blur,PIMoG-Original,32,0.36666667461395264,0.6333333253860474,0.0,,
crop50_blur,PIMoG-Original,33,0.46666666865348816,0.5333333313465118,0.0,,
crop50_blur,PIMoG-Original,34,0.5,0.5,0.0,,
crop50_blur,PIMoG-Original,35,0.5,0.5,0.0,,
crop50_blur,PIMoG-Original,36,0.5666666626930237,0.4333333373069763,0.0,,
crop50_blur,PIMoG-Original,37,0.4333333373069763,0.5666666626930237,0.0,,
crop50_blur,PIMoG-Original,38,0.4000000059604645,0.5999999940395355,0.0,,
crop50_blur,PIMoG-Original,39,0.4000000059604645,0.5999999940395355,0.0,,
crop50_blur,PIMoG-Original,40,0.46666666865348816,0.5333333313465118,0.0,,
crop50_blur,PIMoG-Original,41,0.4000000059604645,0.5999999940395355,0.0,,
crop50_blur,PIMoG-Original,42,0.6000000238418579,0.3999999761581421,0.0,,
crop50_blur,PIMoG-Original,43,0.5333333611488342,0.46666663885116577,0.0,,
crop50_blur,PIMoG-Original,44,0.5666666626930237,0.4333333373069763,0.0,,
crop50_blur,PIMoG-Original,45,0.46666666865348816,0.5333333313465118,0.0,,
crop50_blur,PIMoG-Original,46,0.5,0.5,0.0,,
crop50_blur,PIMoG-Original,47,0.5666666626930237,0.4333333373069763,0.0,,
crop50_blur,PIMoG-Original,48,0.36666667461395264,0.6333333253860474,0.0,,
crop50_blur,PIMoG-Original,49,0.699999988079071,0.30000001192092896,0.0,,
crop50_blur,PIMoG-Original,50,0.4333333373069763,0.5666666626930237,0.0,,
crop50_blur,PIMoG-Original,51,0.5,0.5,0.0,,
crop50_blur,PIMoG-Original,52,0.5666666626930237,0.4333333373069763,0.0,,
crop50_blur,PIMoG-Original,53,0.4000000059604645,0.5999999940395355,0.0,,
crop50_blur,PIMoG-Original,54,0.4000000059604645,0.5999999940395355,0.0,,
crop50_blur,PIMoG-Original,55,0.4333333373069763,0.5666666626930237,0.0,,
crop50_blur,PIMoG-Original,56,0.36666667461395264,0.6333333253860474,0.0,,
crop50_blur,PIMoG-Original,57,0.4000000059604645,0.5999999940395355,0.0,,
crop50_blur,PIMoG-Original,58,0.6000000238418579,0.3999999761581421,0.0,,
crop50_blur,PIMoG-Original,59,0.5333333611488342,0.46666663885116577,0.0,,
crop50_blur,PIMoG-Original,60,0.4000000059604645,0.5999999940395355,0.0,,
crop50_blur,PIMoG-Original,61,0.5333333611488342,0.46666663885116577,0.0,,
crop50_blur,PIMoG-Original,62,0.46666666865348816,0.5333333313465118,0.0,,
crop50_blur,PIMoG-Original,63,0.46666666865348816,0.5333333313465118,0.0,,
crop50_blur,PIMoG-Original,64,0.4000000059604645,0.5999999940395355,0.0,,
crop50_blur,PIMoG-Original,65,0.4333333373069763,0.5666666626930237,0.0,,
crop50_blur,PIMoG-Original,66,0.5333333611488342,0.46666663885116577,0.0,,
crop50_blur,PIMoG-Original,67,0.5,0.5,0.0,,
crop50_blur,PIMoG-Original,68,0.6333333253860474,0.36666667461395264,0.0,,
crop50_blur,PIMoG-Original,69,0.5333333611488342,0.46666663885116577,0.0,,
crop50_blur,PIMoG-Original,70,0.5,0.5,0.0,,
crop50_blur,PIMoG-Original,71,0.6333333253860474,0.36666667461395264,0.0,,
crop50_blur,PIMoG-Original,72,0.36666667461395264,0.6333333253860474,0.0,,
crop50_blur,PIMoG-Original,73,0.5333333611488342,0.46666663885116577,0.0,,
crop50_blur,PIMoG-Original,74,0.5333333611488342,0.46666663885116577,0.0,,
crop50_blur,PIMoG-Original,75,0.46666666865348816,0.5333333313465118,0.0,,
crop50_blur,PIMoG-Original,76,0.5,0.5,0.0,,
crop50_blur,PIMoG-Original,77,0.5333333611488342,0.46666663885116577,0.0,,
crop50_blur,PIMoG-Original,78,0.36666667461395264,0.6333333253860474,0.0,,
crop50_blur,PIMoG-Original,79,0.36666667461395264,0.6333333253860474,0.0,,
crop50_blur,PIMoG-Original,80,0.5333333611488342,0.46666663885116577,0.0,,
crop50_blur,PIMoG-Original,81,0.46666666865348816,0.5333333313465118,0.0,,
crop50_blur,PIMoG-Original,82,0.46666666865348816,0.5333333313465118,0.0,,
crop50_blur,PIMoG-Original,83,0.36666667461395264,0.6333333253860474,0.0,,
crop50_blur,PIMoG-Original,84,0.5666666626930237,0.4333333373069763,0.0,,
crop50_blur,PIMoG-Original,85,0.5333333611488342,0.46666663885116577,0.0,,
crop50_blur,PIMoG-Original,86,0.6333333253860474,0.36666667461395264,0.0,,
crop50_blur,PIMoG-Original,87,0.7333333492279053,0.2666666507720947,0.0,,
crop50_blur,PIMoG-Original,88,0.5,0.5,0.0,,
crop50_blur,PIMoG-Original,89,0.5333333611488342,0.46666663885116577,0.0,,
crop50_blur,PIMoG-Original,90,0.5,0.5,0.0,,
crop50_blur,PIMoG-Original,91,0.6666666865348816,0.3333333134651184,0.0,,
crop50_blur,PIMoG-Original,92,0.6333333253860474,0.36666667461395264,0.0,,
crop50_blur,PIMoG-Original,93,0.4333333373069763,0.5666666626930237,0.0,,
crop50_blur,PIMoG-Original,94,0.4000000059604645,0.5999999940395355,0.0,,
crop50_blur,PIMoG-Original,95,0.5,0.5,0.0,,
crop50_blur,PIMoG-Original,96,0.3333333432674408,0.6666666567325592,0.0,,
crop50_blur,PIMoG-Original,97,0.36666667461395264,0.6333333253860474,0.0,,
crop50_blur,PIMoG-Original,98,0.5666666626930237,0.4333333373069763,0.0,,
crop50_blur,PIMoG-Original,99,0.6666666865348816,0.3333333134651184,0.0,,
crop50_blur,PIMoG-Original,100,0.36666667461395264,0.6333333253860474,0.0,,
crop50_blur,PIMoG-Original,101,0.3333333432674408,0.6666666567325592,0.0,,
crop50_blur,PIMoG-Original,102,0.5333333611488342,0.46666663885116577,0.0,,
crop50_blur,PIMoG-Original,103,0.5333333611488342,0.46666663885116577,0.0,,
crop50_blur,PIMoG-Original,104,0.46666666865348816,0.5333333313465118,0.0,,
crop50_blur,PIMoG-Original,105,0.5,0.5,0.0,,
crop50_blur,PIMoG-Original,106,0.5666666626930237,0.4333333373069763,0.0,,
crop50_blur,PIMoG-Original,107,0.5666666626930237,0.4333333373069763,0.0,,
crop50_blur,PIMoG-Original,108,0.5666666626930237,0.4333333373069763,0.0,,
crop50_blur,PIMoG-Original,109,0.699999988079071,0.30000001192092896,0.0,,
crop50_blur,PIMoG-Original,110,0.5666666626930237,0.4333333373069763,0.0,,
crop50_blur,PIMoG-Original,111,0.5333333611488342,0.46666663885116577,0.0,,
crop50_blur,PIMoG-Original,112,0.5,0.5,0.0,,
crop50_blur,PIMoG-Original,113,0.5,0.5,0.0,,
crop50_blur,PIMoG-Original,114,0.5666666626930237,0.4333333373069763,0.0,,
crop50_blur,PIMoG-Original,115,0.5333333611488342,0.46666663885116577,0.0,,
crop50_blur,PIMoG-Original,116,0.5666666626930237,0.4333333373069763,0.0,,
crop50_blur,PIMoG-Original,117,0.4333333373069763,0.5666666626930237,0.0,,
crop50_blur,PIMoG-Original,118,0.4333333373069763,0.5666666626930237,0.0,,
crop50_blur,PIMoG-Original,119,0.4333333373069763,0.5666666626930237,0.0,,
crop50_blur,PIMoG-Original,120,0.5333333611488342,0.46666663885116577,0.0,,
crop50_blur,PIMoG-Original,121,0.5333333611488342,0.46666663885116577,0.0,,
crop50_blur,PIMoG-Original,122,0.36666667461395264,0.6333333253860474,0.0,,
crop50_blur,PIMoG-Original,123,0.5333333611488342,0.46666663885116577,0.0,,
crop50_blur,PIMoG-Original,124,0.5666666626930237,0.4333333373069763,0.0,,
crop50_blur,PIMoG-Original,125,0.6666666865348816,0.3333333134651184,0.0,,
crop50_blur,PIMoG-Original,126,0.5,0.5,0.0,,
crop50_blur,PIMoG-Original,127,0.4000000059604645,0.5999999940395355,0.0,,
crop50_blur,PIMoG-Original,128,0.6333333253860474,0.36666667461395264,0.0,,
crop50_blur,PIMoG-Original,129,0.5666666626930237,0.4333333373069763,0.0,,
crop50_blur,PIMoG-Original,130,0.5333333611488342,0.46666663885116577,0.0,,
crop50_blur,PIMoG-Original,131,0.5666666626930237,0.4333333373069763,0.0,,
crop50_blur,PIMoG-Original,132,0.5666666626930237,0.4333333373069763,0.0,,
crop50_blur,PIMoG-Original,133,0.5,0.5,0.0,,
crop50_blur,PIMoG-Original,134,0.5,0.5,0.0,,
crop50_blur,PIMoG-Original,135,0.36666667461395264,0.6333333253860474,0.0,,
crop50_blur,PIMoG-Original,136,0.36666667461395264,0.6333333253860474,0.0,,
crop50_blur,PIMoG-Original,137,0.4333333373069763,0.5666666626930237,0.0,,
crop50_blur,PIMoG-Original,138,0.5666666626930237,0.4333333373069763,0.0,,
crop50_blur,PIMoG-Original,139,0.5,0.5,0.0,,
crop50_blur,PIMoG-Original,140,0.4000000059604645,0.5999999940395355,0.0,,
crop50_blur,PIMoG-Original,141,0.5333333611488342,0.46666663885116577,0.0,,
crop50_blur,PIMoG-Original,142,0.46666666865348816,0.5333333313465118,0.0,,
crop50_blur,PIMoG-Original,143,0.5,0.5,0.0,,
crop50_blur,Coarse-Prior,0,1.0,0.0,1.0,,
crop50_blur,Coarse-Prior,1,0.9666666388511658,0.03333336114883423,0.0,,
crop50_blur,Coarse-Prior,2,0.9666666388511658,0.03333336114883423,0.0,,
crop50_blur,Coarse-Prior,3,0.9666666388511658,0.03333336114883423,0.0,,
crop50_blur,Coarse-Prior,4,0.4000000059604645,0.5999999940395355,0.0,,
crop50_blur,Coarse-Prior,5,1.0,0.0,1.0,,
crop50_blur,Coarse-Prior,6,0.9333333373069763,0.06666666269302368,0.0,,
crop50_blur,Coarse-Prior,7,0.800000011920929,0.19999998807907104,0.0,,
crop50_blur,Coarse-Prior,8,0.5666666626930237,0.4333333373069763,0.0,,
crop50_blur,Coarse-Prior,9,0.30000001192092896,0.699999988079071,0.0,,
crop50_blur,Coarse-Prior,10,0.2666666805744171,0.7333333194255829,0.0,,
crop50_blur,Coarse-Prior,11,0.6333333253860474,0.36666667461395264,0.0,,
crop50_blur,Coarse-Prior,12,0.9666666388511658,0.03333336114883423,0.0,,
crop50_blur,Coarse-Prior,13,0.7333333492279053,0.2666666507720947,0.0,,
crop50_blur,Coarse-Prior,14,0.8666666746139526,0.13333332538604736,0.0,,
crop50_blur,Coarse-Prior,15,0.8999999761581421,0.10000002384185791,0.0,,
crop50_blur,Coarse-Prior,16,0.9666666388511658,0.03333336114883423,0.0,,
crop50_blur,Coarse-Prior,17,0.9333333373069763,0.06666666269302368,0.0,,
crop50_blur,Coarse-Prior,18,0.9333333373069763,0.06666666269302368,0.0,,
crop50_blur,Coarse-Prior,19,0.9666666388511658,0.03333336114883423,0.0,,
crop50_blur,Coarse-Prior,20,1.0,0.0,1.0,,
crop50_blur,Coarse-Prior,21,1.0,0.0,1.0,,
crop50_blur,Coarse-Prior,22,1.0,0.0,1.0,,
crop50_blur,Coarse-Prior,23,0.699999988079071,0.30000001192092896,0.0,,
crop50_blur,Coarse-Prior,24,0.8333333134651184,0.1666666865348816,0.0,,
crop50_blur,Coarse-Prior,25,0.8666666746139526,0.13333332538604736,0.0,,
crop50_blur,Coarse-Prior,26,0.36666667461395264,0.6333333253860474,0.0,,
crop50_blur,Coarse-Prior,27,0.7666666507720947,0.23333334922790527,0.0,,
crop50_blur,Coarse-Prior,28,0.9333333373069763,0.06666666269302368,0.0,,
crop50_blur,Coarse-Prior,29,0.5666666626930237,0.4333333373069763,0.0,,
crop50_blur,Coarse-Prior,30,0.9666666388511658,0.03333336114883423,0.0,,
crop50_blur,Coarse-Prior,31,0.9666666388511658,0.03333336114883423,0.0,,
crop50_blur,Coarse-Prior,32,0.9666666388511658,0.03333336114883423,0.0,,
crop50_blur,Coarse-Prior,33,1.0,0.0,1.0,,
crop50_blur,Coarse-Prior,34,0.4333333373069763,0.5666666626930237,0.0,,
crop50_blur,Coarse-Prior,35,0.3333333432674408,0.6666666567325592,0.0,,
crop50_blur,Coarse-Prior,36,0.8999999761581421,0.10000002384185791,0.0,,
crop50_blur,Coarse-Prior,37,0.8999999761581421,0.10000002384185791,0.0,,
crop50_blur,Coarse-Prior,38,0.36666667461395264,0.6333333253860474,0.0,,
crop50_blur,Coarse-Prior,39,0.7666666507720947,0.23333334922790527,0.0,,
crop50_blur,Coarse-Prior,40,0.7333333492279053,0.2666666507720947,0.0,,
crop50_blur,Coarse-Prior,41,0.699999988079071,0.30000001192092896,0.0,,
crop50_blur,Coarse-Prior,42,0.4000000059604645,0.5999999940395355,0.0,,
crop50_blur,Coarse-Prior,43,1.0,0.0,1.0,,
crop50_blur,Coarse-Prior,44,0.7666666507720947,0.23333334922790527,0.0,,
crop50_blur,Coarse-Prior,45,1.0,0.0,1.0,,
crop50_blur,Coarse-Prior,46,0.9333333373069763,0.06666666269302368,0.0,,
crop50_blur,Coarse-Prior,47,1.0,0.0,1.0,,
crop50_blur,Coarse-Prior,48,0.9666666388511658,0.03333336114883423,0.0,,
crop50_blur,Coarse-Prior,49,0.699999988079071,0.30000001192092896,0.0,,
crop50_blur,Coarse-Prior,50,1.0,0.0,1.0,,
crop50_blur,Coarse-Prior,51,0.699999988079071,0.30000001192092896,0.0,,
crop50_blur,Coarse-Prior,52,0.7666666507720947,0.23333334922790527,0.0,,
crop50_blur,Coarse-Prior,53,0.9666666388511658,0.03333336114883423,0.0,,
crop50_blur,Coarse-Prior,54,0.4333333373069763,0.5666666626930237,0.0,,
crop50_blur,Coarse-Prior,55,0.23333333432674408,0.7666666656732559,0.0,,
crop50_blur,Coarse-Prior,56,0.8333333134651184,0.1666666865348816,0.0,,
crop50_blur,Coarse-Prior,57,0.8666666746139526,0.13333332538604736,0.0,,
crop50_blur,Coarse-Prior,58,0.8666666746139526,0.13333332538604736,0.0,,
crop50_blur,Coarse-Prior,59,0.9333333373069763,0.06666666269302368,0.0,,
crop50_blur,Coarse-Prior,60,0.7333333492279053,0.2666666507720947,0.0,,
crop50_blur,Coarse-Prior,61,0.9666666388511658,0.03333336114883423,0.0,,
crop50_blur,Coarse-Prior,62,0.9333333373069763,0.06666666269302368,0.0,,
crop50_blur,Coarse-Prior,63,0.9666666388511658,0.03333336114883423,0.0,,
crop50_blur,Coarse-Prior,64,0.9333333373069763,0.06666666269302368,0.0,,
crop50_blur,Coarse-Prior,65,0.5,0.5,0.0,,
crop50_blur,Coarse-Prior,66,0.8999999761581421,0.10000002384185791,0.0,,
crop50_blur,Coarse-Prior,67,0.8666666746139526,0.13333332538604736,0.0,,
crop50_blur,Coarse-Prior,68,0.7666666507720947,0.23333334922790527,0.0,,
crop50_blur,Coarse-Prior,69,1.0,0.0,1.0,,
crop50_blur,Coarse-Prior,70,1.0,0.0,1.0,,
crop50_blur,Coarse-Prior,71,0.9666666388511658,0.03333336114883423,0.0,,
crop50_blur,Coarse-Prior,72,1.0,0.0,1.0,,
crop50_blur,Coarse-Prior,73,1.0,0.0,1.0,,
crop50_blur,Coarse-Prior,74,1.0,0.0,1.0,,
crop50_blur,Coarse-Prior,75,0.8333333134651184,0.1666666865348816,0.0,,
crop50_blur,Coarse-Prior,76,1.0,0.0,1.0,,
crop50_blur,Coarse-Prior,77,0.9666666388511658,0.03333336114883423,0.0,,
crop50_blur,Coarse-Prior,78,0.8666666746139526,0.13333332538604736,0.0,,
crop50_blur,Coarse-Prior,79,0.8999999761581421,0.10000002384185791,0.0,,
crop50_blur,Coarse-Prior,80,0.800000011920929,0.19999998807907104,0.0,,
crop50_blur,Coarse-Prior,81,0.7333333492279053,0.2666666507720947,0.0,,
crop50_blur,Coarse-Prior,82,0.800000011920929,0.19999998807907104,0.0,,
crop50_blur,Coarse-Prior,83,0.8333333134651184,0.1666666865348816,0.0,,
crop50_blur,Coarse-Prior,84,0.9333333373069763,0.06666666269302368,0.0,,
crop50_blur,Coarse-Prior,85,0.9666666388511658,0.03333336114883423,0.0,,
crop50_blur,Coarse-Prior,86,0.7666666507720947,0.23333334922790527,0.0,,
crop50_blur,Coarse-Prior,87,0.8666666746139526,0.13333332538604736,0.0,,
crop50_blur,Coarse-Prior,88,1.0,0.0,1.0,,
crop50_blur,Coarse-Prior,89,0.7333333492279053,0.2666666507720947,0.0,,
crop50_blur,Coarse-Prior,90,0.800000011920929,0.19999998807907104,0.0,,
crop50_blur,Coarse-Prior,91,0.5,0.5,0.0,,
crop50_blur,Coarse-Prior,92,1.0,0.0,1.0,,
crop50_blur,Coarse-Prior,93,0.9666666388511658,0.03333336114883423,0.0,,
crop50_blur,Coarse-Prior,94,0.9666666388511658,0.03333336114883423,0.0,,
crop50_blur,Coarse-Prior,95,0.8333333134651184,0.1666666865348816,0.0,,
crop50_blur,Coarse-Prior,96,0.9333333373069763,0.06666666269302368,0.0,,
crop50_blur,Coarse-Prior,97,0.9666666388511658,0.03333336114883423,0.0,,
crop50_blur,Coarse-Prior,98,0.8666666746139526,0.13333332538604736,0.0,,
crop50_blur,Coarse-Prior,99,0.9333333373069763,0.06666666269302368,0.0,,
crop50_blur,Coarse-Prior,100,0.9333333373069763,0.06666666269302368,0.0,,
crop50_blur,Coarse-Prior,101,0.8999999761581421,0.10000002384185791,0.0,,
crop50_blur,Coarse-Prior,102,0.7333333492279053,0.2666666507720947,0.0,,
crop50_blur,Coarse-Prior,103,1.0,0.0,1.0,,
crop50_blur,Coarse-Prior,104,0.8999999761581421,0.10000002384185791,0.0,,
crop50_blur,Coarse-Prior,105,0.800000011920929,0.19999998807907104,0.0,,
crop50_blur,Coarse-Prior,106,0.9666666388511658,0.03333336114883423,0.0,,
crop50_blur,Coarse-Prior,107,0.5333333611488342,0.46666663885116577,0.0,,
crop50_blur,Coarse-Prior,108,0.6333333253860474,0.36666667461395264,0.0,,
crop50_blur,Coarse-Prior,109,0.699999988079071,0.30000001192092896,0.0,,
crop50_blur,Coarse-Prior,110,0.8333333134651184,0.1666666865348816,0.0,,
crop50_blur,Coarse-Prior,111,0.8999999761581421,0.10000002384185791,0.0,,
crop50_blur,Coarse-Prior,112,0.9333333373069763,0.06666666269302368,0.0,,
crop50_blur,Coarse-Prior,113,0.8333333134651184,0.1666666865348816,0.0,,
crop50_blur,Coarse-Prior,114,0.8999999761581421,0.10000002384185791,0.0,,
crop50_blur,Coarse-Prior,115,0.9333333373069763,0.06666666269302368,0.0,,
crop50_blur,Coarse-Prior,116,1.0,0.0,1.0,,
crop50_blur,Coarse-Prior,117,0.8333333134651184,0.1666666865348816,0.0,,
crop50_blur,Coarse-Prior,118,0.8666666746139526,0.13333332538604736,0.0,,
crop50_blur,Coarse-Prior,119,0.7333333492279053,0.2666666507720947,0.0,,
crop50_blur,Coarse-Prior,120,0.9333333373069763,0.06666666269302368,0.0,,
crop50_blur,Coarse-Prior,121,0.9333333373069763,0.06666666269302368,0.0,,
crop50_blur,Coarse-Prior,122,0.6333333253860474,0.36666667461395264,0.0,,
crop50_blur,Coarse-Prior,123,0.9666666388511658,0.03333336114883423,0.0,,
crop50_blur,Coarse-Prior,124,1.0,0.0,1.0,,
crop50_blur,Coarse-Prior,125,1.0,0.0,1.0,,
crop50_blur,Coarse-Prior,126,0.8999999761581421,0.10000002384185791,0.0,,
crop50_blur,Coarse-Prior,127,1.0,0.0,1.0,,
crop50_blur,Coarse-Prior,128,1.0,0.0,1.0,,
crop50_blur,Coarse-Prior,129,0.8666666746139526,0.13333332538604736,0.0,,
crop50_blur,Coarse-Prior,130,0.9666666388511658,0.03333336114883423,0.0,,
crop50_blur,Coarse-Prior,131,0.699999988079071,0.30000001192092896,0.0,,
crop50_blur,Coarse-Prior,132,0.9666666388511658,0.03333336114883423,0.0,,
crop50_blur,Coarse-Prior,133,0.9666666388511658,0.03333336114883423,0.0,,
crop50_blur,Coarse-Prior,134,1.0,0.0,1.0,,
crop50_blur,Coarse-Prior,135,0.9333333373069763,0.06666666269302368,0.0,,
crop50_blur,Coarse-Prior,136,0.8999999761581421,0.10000002384185791,0.0,,
crop50_blur,Coarse-Prior,137,0.9333333373069763,0.06666666269302368,0.0,,
crop50_blur,Coarse-Prior,138,0.9333333373069763,0.06666666269302368,0.0,,
crop50_blur,Coarse-Prior,139,0.9666666388511658,0.03333336114883423,0.0,,
crop50_blur,Coarse-Prior,140,0.8999999761581421,0.10000002384185791,0.0,,
crop50_blur,Coarse-Prior,141,0.2666666805744171,0.7333333194255829,0.0,,
crop50_blur,Coarse-Prior,142,0.9666666388511658,0.03333336114883423,0.0,,
crop50_blur,Coarse-Prior,143,0.8333333134651184,0.1666666865348816,0.0,,
crop50_blur,Multi-View-Average,0,0.9666666388511658,0.03333336114883423,0.0,,
crop50_blur,Multi-View-Average,1,0.9333333373069763,0.06666666269302368,0.0,,
crop50_blur,Multi-View-Average,2,0.9333333373069763,0.06666666269302368,0.0,,
crop50_blur,Multi-View-Average,3,0.9333333373069763,0.06666666269302368,0.0,,
crop50_blur,Multi-View-Average,4,0.4333333373069763,0.5666666626930237,0.0,,
crop50_blur,Multi-View-Average,5,1.0,0.0,1.0,,
crop50_blur,Multi-View-Average,6,0.8666666746139526,0.13333332538604736,0.0,,
crop50_blur,Multi-View-Average,7,0.800000011920929,0.19999998807907104,0.0,,
crop50_blur,Multi-View-Average,8,0.6000000238418579,0.3999999761581421,0.0,,
crop50_blur,Multi-View-Average,9,0.36666667461395264,0.6333333253860474,0.0,,
crop50_blur,Multi-View-Average,10,0.3333333432674408,0.6666666567325592,0.0,,
crop50_blur,Multi-View-Average,11,0.6333333253860474,0.36666667461395264,0.0,,
crop50_blur,Multi-View-Average,12,0.9333333373069763,0.06666666269302368,0.0,,
crop50_blur,Multi-View-Average,13,0.800000011920929,0.19999998807907104,0.0,,
crop50_blur,Multi-View-Average,14,0.8333333134651184,0.1666666865348816,0.0,,
crop50_blur,Multi-View-Average,15,0.8666666746139526,0.13333332538604736,0.0,,
crop50_blur,Multi-View-Average,16,0.9333333373069763,0.06666666269302368,0.0,,
crop50_blur,Multi-View-Average,17,0.9666666388511658,0.03333336114883423,0.0,,
crop50_blur,Multi-View-Average,18,0.8333333134651184,0.1666666865348816,0.0,,
crop50_blur,Multi-View-Average,19,0.9333333373069763,0.06666666269302368,0.0,,
crop50_blur,Multi-View-Average,20,1.0,0.0,1.0,,
crop50_blur,Multi-View-Average,21,0.9333333373069763,0.06666666269302368,0.0,,
crop50_blur,Multi-View-Average,22,0.9666666388511658,0.03333336114883423,0.0,,
crop50_blur,Multi-View-Average,23,0.6666666865348816,0.3333333134651184,0.0,,
crop50_blur,Multi-View-Average,24,0.7666666507720947,0.23333334922790527,0.0,,
crop50_blur,Multi-View-Average,25,0.800000011920929,0.19999998807907104,0.0,,
crop50_blur,Multi-View-Average,26,0.4000000059604645,0.5999999940395355,0.0,,
crop50_blur,Multi-View-Average,27,0.800000011920929,0.19999998807907104,0.0,,
crop50_blur,Multi-View-Average,28,0.8333333134651184,0.1666666865348816,0.0,,
crop50_blur,Multi-View-Average,29,0.6000000238418579,0.3999999761581421,0.0,,
crop50_blur,Multi-View-Average,30,0.9333333373069763,0.06666666269302368,0.0,,
crop50_blur,Multi-View-Average,31,0.8333333134651184,0.1666666865348816,0.0,,
crop50_blur,Multi-View-Average,32,0.9666666388511658,0.03333336114883423,0.0,,
crop50_blur,Multi-View-Average,33,1.0,0.0,1.0,,
crop50_blur,Multi-View-Average,34,0.5666666626930237,0.4333333373069763,0.0,,
crop50_blur,Multi-View-Average,35,0.36666667461395264,0.6333333253860474,0.0,,
crop50_blur,Multi-View-Average,36,0.8333333134651184,0.1666666865348816,0.0,,
crop50_blur,Multi-View-Average,37,0.8999999761581421,0.10000002384185791,0.0,,
crop50_blur,Multi-View-Average,38,0.4333333373069763,0.5666666626930237,0.0,,
crop50_blur,Multi-View-Average,39,0.699999988079071,0.30000001192092896,0.0,,
crop50_blur,Multi-View-Average,40,0.6666666865348816,0.3333333134651184,0.0,,
crop50_blur,Multi-View-Average,41,0.699999988079071,0.30000001192092896,0.0,,
crop50_blur,Multi-View-Average,42,0.4333333373069763,0.5666666626930237,0.0,,
crop50_blur,Multi-View-Average,43,1.0,0.0,1.0,,
crop50_blur,Multi-View-Average,44,0.7333333492279053,0.2666666507720947,0.0,,
crop50_blur,Multi-View-Average,45,0.9666666388511658,0.03333336114883423,0.0,,
crop50_blur,Multi-View-Average,46,0.8999999761581421,0.10000002384185791,0.0,,
crop50_blur,Multi-View-Average,47,1.0,0.0,1.0,,
crop50_blur,Multi-View-Average,48,0.9666666388511658,0.03333336114883423,0.0,,
crop50_blur,Multi-View-Average,49,0.699999988079071,0.30000001192092896,0.0,,
crop50_blur,Multi-View-Average,50,0.9666666388511658,0.03333336114883423,0.0,,
crop50_blur,Multi-View-Average,51,0.6666666865348816,0.3333333134651184,0.0,,
crop50_blur,Multi-View-Average,52,0.800000011920929,0.19999998807907104,0.0,,
crop50_blur,Multi-View-Average,53,0.9666666388511658,0.03333336114883423,0.0,,
crop50_blur,Multi-View-Average,54,0.699999988079071,0.30000001192092896,0.0,,
crop50_blur,Multi-View-Average,55,0.30000001192092896,0.699999988079071,0.0,,
crop50_blur,Multi-View-Average,56,0.800000011920929,0.19999998807907104,0.0,,
crop50_blur,Multi-View-Average,57,0.8666666746139526,0.13333332538604736,0.0,,
crop50_blur,Multi-View-Average,58,0.800000011920929,0.19999998807907104,0.0,,
crop50_blur,Multi-View-Average,59,0.8999999761581421,0.10000002384185791,0.0,,
crop50_blur,Multi-View-Average,60,0.699999988079071,0.30000001192092896,0.0,,
crop50_blur,Multi-View-Average,61,0.8666666746139526,0.13333332538604736,0.0,,
crop50_blur,Multi-View-Average,62,0.9333333373069763,0.06666666269302368,0.0,,
crop50_blur,Multi-View-Average,63,0.9666666388511658,0.03333336114883423,0.0,,
crop50_blur,Multi-View-Average,64,0.9666666388511658,0.03333336114883423,0.0,,
crop50_blur,Multi-View-Average,65,0.699999988079071,0.30000001192092896,0.0,,
crop50_blur,Multi-View-Average,66,0.8333333134651184,0.1666666865348816,0.0,,
crop50_blur,Multi-View-Average,67,0.8333333134651184,0.1666666865348816,0.0,,
crop50_blur,Multi-View-Average,68,0.7333333492279053,0.2666666507720947,0.0,,
crop50_blur,Multi-View-Average,69,0.9666666388511658,0.03333336114883423,0.0,,
crop50_blur,Multi-View-Average,70,1.0,0.0,1.0,,
crop50_blur,Multi-View-Average,71,0.9666666388511658,0.03333336114883423,0.0,,
crop50_blur,Multi-View-Average,72,0.8999999761581421,0.10000002384185791,0.0,,
crop50_blur,Multi-View-Average,73,1.0,0.0,1.0,,
crop50_blur,Multi-View-Average,74,1.0,0.0,1.0,,
crop50_blur,Multi-View-Average,75,0.7333333492279053,0.2666666507720947,0.0,,
crop50_blur,Multi-View-Average,76,0.9666666388511658,0.03333336114883423,0.0,,
crop50_blur,Multi-View-Average,77,0.9666666388511658,0.03333336114883423,0.0,,
crop50_blur,Multi-View-Average,78,0.8666666746139526,0.13333332538604736,0.0,,
crop50_blur,Multi-View-Average,79,0.8666666746139526,0.13333332538604736,0.0,,
crop50_blur,Multi-View-Average,80,0.6666666865348816,0.3333333134651184,0.0,,
crop50_blur,Multi-View-Average,81,0.699999988079071,0.30000001192092896,0.0,,
crop50_blur,Multi-View-Average,82,0.8333333134651184,0.1666666865348816,0.0,,
crop50_blur,Multi-View-Average,83,0.8333333134651184,0.1666666865348816,0.0,,
crop50_blur,Multi-View-Average,84,0.9333333373069763,0.06666666269302368,0.0,,
crop50_blur,Multi-View-Average,85,0.9666666388511658,0.03333336114883423,0.0,,
crop50_blur,Multi-View-Average,86,0.7333333492279053,0.2666666507720947,0.0,,
crop50_blur,Multi-View-Average,87,0.8999999761581421,0.10000002384185791,0.0,,
crop50_blur,Multi-View-Average,88,0.9666666388511658,0.03333336114883423,0.0,,
crop50_blur,Multi-View-Average,89,0.800000011920929,0.19999998807907104,0.0,,
crop50_blur,Multi-View-Average,90,0.7666666507720947,0.23333334922790527,0.0,,
crop50_blur,Multi-View-Average,91,0.5666666626930237,0.4333333373069763,0.0,,
crop50_blur,Multi-View-Average,92,0.9333333373069763,0.06666666269302368,0.0,,
crop50_blur,Multi-View-Average,93,0.9666666388511658,0.03333336114883423,0.0,,
crop50_blur,Multi-View-Average,94,0.9333333373069763,0.06666666269302368,0.0,,
crop50_blur,Multi-View-Average,95,0.800000011920929,0.19999998807907104,0.0,,
crop50_blur,Multi-View-Average,96,0.9333333373069763,0.06666666269302368,0.0,,
crop50_blur,Multi-View-Average,97,0.9666666388511658,0.03333336114883423,0.0,,
crop50_blur,Multi-View-Average,98,0.8666666746139526,0.13333332538604736,0.0,,
crop50_blur,Multi-View-Average,99,0.8333333134651184,0.1666666865348816,0.0,,
crop50_blur,Multi-View-Average,100,0.9666666388511658,0.03333336114883423,0.0,,
crop50_blur,Multi-View-Average,101,0.8999999761581421,0.10000002384185791,0.0,,
crop50_blur,Multi-View-Average,102,0.7333333492279053,0.2666666507720947,0.0,,
crop50_blur,Multi-View-Average,103,1.0,0.0,1.0,,
crop50_blur,Multi-View-Average,104,0.8999999761581421,0.10000002384185791,0.0,,
crop50_blur,Multi-View-Average,105,0.8333333134651184,0.1666666865348816,0.0,,
crop50_blur,Multi-View-Average,106,0.8999999761581421,0.10000002384185791,0.0,,
crop50_blur,Multi-View-Average,107,0.5666666626930237,0.4333333373069763,0.0,,
crop50_blur,Multi-View-Average,108,0.6333333253860474,0.36666667461395264,0.0,,
crop50_blur,Multi-View-Average,109,0.7333333492279053,0.2666666507720947,0.0,,
crop50_blur,Multi-View-Average,110,0.7333333492279053,0.2666666507720947,0.0,,
crop50_blur,Multi-View-Average,111,0.9333333373069763,0.06666666269302368,0.0,,
crop50_blur,Multi-View-Average,112,0.8999999761581421,0.10000002384185791,0.0,,
crop50_blur,Multi-View-Average,113,0.800000011920929,0.19999998807907104,0.0,,
crop50_blur,Multi-View-Average,114,0.8999999761581421,0.10000002384185791,0.0,,
crop50_blur,Multi-View-Average,115,0.9666666388511658,0.03333336114883423,0.0,,
crop50_blur,Multi-View-Average,116,0.9333333373069763,0.06666666269302368,0.0,,
crop50_blur,Multi-View-Average,117,0.8333333134651184,0.1666666865348816,0.0,,
crop50_blur,Multi-View-Average,118,0.7666666507720947,0.23333334922790527,0.0,,
crop50_blur,Multi-View-Average,119,0.6666666865348816,0.3333333134651184,0.0,,
crop50_blur,Multi-View-Average,120,0.9333333373069763,0.06666666269302368,0.0,,
crop50_blur,Multi-View-Average,121,0.9333333373069763,0.06666666269302368,0.0,,
crop50_blur,Multi-View-Average,122,0.6000000238418579,0.3999999761581421,0.0,,
crop50_blur,Multi-View-Average,123,0.9666666388511658,0.03333336114883423,0.0,,
crop50_blur,Multi-View-Average,124,1.0,0.0,1.0,,
crop50_blur,Multi-View-Average,125,0.9666666388511658,0.03333336114883423,0.0,,
crop50_blur,Multi-View-Average,126,0.9666666388511658,0.03333336114883423,0.0,,
crop50_blur,Multi-View-Average,127,0.9666666388511658,0.03333336114883423,0.0,,
crop50_blur,Multi-View-Average,128,0.9666666388511658,0.03333336114883423,0.0,,
crop50_blur,Multi-View-Average,129,0.8333333134651184,0.1666666865348816,0.0,,
crop50_blur,Multi-View-Average,130,0.9666666388511658,0.03333336114883423,0.0,,
crop50_blur,Multi-View-Average,131,0.699999988079071,0.30000001192092896,0.0,,
crop50_blur,Multi-View-Average,132,0.8999999761581421,0.10000002384185791,0.0,,
crop50_blur,Multi-View-Average,133,0.9333333373069763,0.06666666269302368,0.0,,
crop50_blur,Multi-View-Average,134,1.0,0.0,1.0,,
crop50_blur,Multi-View-Average,135,0.800000011920929,0.19999998807907104,0.0,,
crop50_blur,Multi-View-Average,136,0.8999999761581421,0.10000002384185791,0.0,,
crop50_blur,Multi-View-Average,137,0.9333333373069763,0.06666666269302368,0.0,,
crop50_blur,Multi-View-Average,138,0.9333333373069763,0.06666666269302368,0.0,,
crop50_blur,Multi-View-Average,139,0.9333333373069763,0.06666666269302368,0.0,,
crop50_blur,Multi-View-Average,140,0.8666666746139526,0.13333332538604736,0.0,,
crop50_blur,Multi-View-Average,141,0.2666666805744171,0.7333333194255829,0.0,,
crop50_blur,Multi-View-Average,142,0.8999999761581421,0.10000002384185791,0.0,,
crop50_blur,Multi-View-Average,143,0.8333333134651184,0.1666666865348816,0.0,,
crop50_blur,Single-View-FT,0,1.0,0.0,1.0,,
crop50_blur,Single-View-FT,1,0.9666666388511658,0.03333336114883423,0.0,,
crop50_blur,Single-View-FT,2,0.9666666388511658,0.03333336114883423,0.0,,
crop50_blur,Single-View-FT,3,0.9333333373069763,0.06666666269302368,0.0,,
crop50_blur,Single-View-FT,4,0.36666667461395264,0.6333333253860474,0.0,,
crop50_blur,Single-View-FT,5,0.9333333373069763,0.06666666269302368,0.0,,
crop50_blur,Single-View-FT,6,0.9333333373069763,0.06666666269302368,0.0,,
crop50_blur,Single-View-FT,7,0.7333333492279053,0.2666666507720947,0.0,,
crop50_blur,Single-View-FT,8,0.46666666865348816,0.5333333313465118,0.0,,
crop50_blur,Single-View-FT,9,0.3333333432674408,0.6666666567325592,0.0,,
crop50_blur,Single-View-FT,10,0.2666666805744171,0.7333333194255829,0.0,,
crop50_blur,Single-View-FT,11,0.6333333253860474,0.36666667461395264,0.0,,
crop50_blur,Single-View-FT,12,0.9666666388511658,0.03333336114883423,0.0,,
crop50_blur,Single-View-FT,13,0.7666666507720947,0.23333334922790527,0.0,,
crop50_blur,Single-View-FT,14,0.8666666746139526,0.13333332538604736,0.0,,
crop50_blur,Single-View-FT,15,0.8999999761581421,0.10000002384185791,0.0,,
crop50_blur,Single-View-FT,16,1.0,0.0,1.0,,
crop50_blur,Single-View-FT,17,0.9666666388511658,0.03333336114883423,0.0,,
crop50_blur,Single-View-FT,18,0.9333333373069763,0.06666666269302368,0.0,,
crop50_blur,Single-View-FT,19,0.9333333373069763,0.06666666269302368,0.0,,
crop50_blur,Single-View-FT,20,1.0,0.0,1.0,,
crop50_blur,Single-View-FT,21,0.9333333373069763,0.06666666269302368,0.0,,
crop50_blur,Single-View-FT,22,1.0,0.0,1.0,,
crop50_blur,Single-View-FT,23,0.699999988079071,0.30000001192092896,0.0,,
crop50_blur,Single-View-FT,24,0.7333333492279053,0.2666666507720947,0.0,,
crop50_blur,Single-View-FT,25,0.8666666746139526,0.13333332538604736,0.0,,
crop50_blur,Single-View-FT,26,0.4333333373069763,0.5666666626930237,0.0,,
crop50_blur,Single-View-FT,27,0.7333333492279053,0.2666666507720947,0.0,,
crop50_blur,Single-View-FT,28,0.9666666388511658,0.03333336114883423,0.0,,
crop50_blur,Single-View-FT,29,0.6666666865348816,0.3333333134651184,0.0,,
crop50_blur,Single-View-FT,30,0.9333333373069763,0.06666666269302368,0.0,,
crop50_blur,Single-View-FT,31,0.9666666388511658,0.03333336114883423,0.0,,
crop50_blur,Single-View-FT,32,0.9666666388511658,0.03333336114883423,0.0,,
crop50_blur,Single-View-FT,33,1.0,0.0,1.0,,
crop50_blur,Single-View-FT,34,0.46666666865348816,0.5333333313465118,0.0,,
crop50_blur,Single-View-FT,35,0.23333333432674408,0.7666666656732559,0.0,,
crop50_blur,Single-View-FT,36,0.8666666746139526,0.13333332538604736,0.0,,
crop50_blur,Single-View-FT,37,0.8999999761581421,0.10000002384185791,0.0,,
crop50_blur,Single-View-FT,38,0.3333333432674408,0.6666666567325592,0.0,,
crop50_blur,Single-View-FT,39,0.7333333492279053,0.2666666507720947,0.0,,
crop50_blur,Single-View-FT,40,0.699999988079071,0.30000001192092896,0.0,,
crop50_blur,Single-View-FT,41,0.6333333253860474,0.36666667461395264,0.0,,
crop50_blur,Single-View-FT,42,0.4000000059604645,0.5999999940395355,0.0,,
crop50_blur,Single-View-FT,43,1.0,0.0,1.0,,
crop50_blur,Single-View-FT,44,0.800000011920929,0.19999998807907104,0.0,,
crop50_blur,Single-View-FT,45,0.9666666388511658,0.03333336114883423,0.0,,
crop50_blur,Single-View-FT,46,0.9333333373069763,0.06666666269302368,0.0,,
crop50_blur,Single-View-FT,47,0.9666666388511658,0.03333336114883423,0.0,,
crop50_blur,Single-View-FT,48,0.9666666388511658,0.03333336114883423,0.0,,
crop50_blur,Single-View-FT,49,0.7666666507720947,0.23333334922790527,0.0,,
crop50_blur,Single-View-FT,50,0.9666666388511658,0.03333336114883423,0.0,,
crop50_blur,Single-View-FT,51,0.6666666865348816,0.3333333134651184,0.0,,
crop50_blur,Single-View-FT,52,0.7333333492279053,0.2666666507720947,0.0,,
crop50_blur,Single-View-FT,53,1.0,0.0,1.0,,
crop50_blur,Single-View-FT,54,0.4333333373069763,0.5666666626930237,0.0,,
crop50_blur,Single-View-FT,55,0.23333333432674408,0.7666666656732559,0.0,,
crop50_blur,Single-View-FT,56,0.7666666507720947,0.23333334922790527,0.0,,
crop50_blur,Single-View-FT,57,0.9333333373069763,0.06666666269302368,0.0,,
crop50_blur,Single-View-FT,58,0.8333333134651184,0.1666666865348816,0.0,,
crop50_blur,Single-View-FT,59,0.9666666388511658,0.03333336114883423,0.0,,
crop50_blur,Single-View-FT,60,0.699999988079071,0.30000001192092896,0.0,,
crop50_blur,Single-View-FT,61,0.9666666388511658,0.03333336114883423,0.0,,
crop50_blur,Single-View-FT,62,0.9333333373069763,0.06666666269302368,0.0,,
crop50_blur,Single-View-FT,63,0.9666666388511658,0.03333336114883423,0.0,,
crop50_blur,Single-View-FT,64,0.9666666388511658,0.03333336114883423,0.0,,
crop50_blur,Single-View-FT,65,0.6666666865348816,0.3333333134651184,0.0,,
crop50_blur,Single-View-FT,66,0.8666666746139526,0.13333332538604736,0.0,,
crop50_blur,Single-View-FT,67,0.8999999761581421,0.10000002384185791,0.0,,
crop50_blur,Single-View-FT,68,0.7333333492279053,0.2666666507720947,0.0,,
crop50_blur,Single-View-FT,69,0.9333333373069763,0.06666666269302368,0.0,,
crop50_blur,Single-View-FT,70,1.0,0.0,1.0,,
crop50_blur,Single-View-FT,71,0.9666666388511658,0.03333336114883423,0.0,,
crop50_blur,Single-View-FT,72,0.8999999761581421,0.10000002384185791,0.0,,
crop50_blur,Single-View-FT,73,0.9333333373069763,0.06666666269302368,0.0,,
crop50_blur,Single-View-FT,74,1.0,0.0,1.0,,
crop50_blur,Single-View-FT,75,0.7333333492279053,0.2666666507720947,0.0,,
crop50_blur,Single-View-FT,76,1.0,0.0,1.0,,
crop50_blur,Single-View-FT,77,0.9666666388511658,0.03333336114883423,0.0,,
crop50_blur,Single-View-FT,78,0.8666666746139526,0.13333332538604736,0.0,,
crop50_blur,Single-View-FT,79,0.8333333134651184,0.1666666865348816,0.0,,
crop50_blur,Single-View-FT,80,0.7666666507720947,0.23333334922790527,0.0,,
crop50_blur,Single-View-FT,81,0.6666666865348816,0.3333333134651184,0.0,,
crop50_blur,Single-View-FT,82,0.8333333134651184,0.1666666865348816,0.0,,
crop50_blur,Single-View-FT,83,0.8333333134651184,0.1666666865348816,0.0,,
crop50_blur,Single-View-FT,84,0.9333333373069763,0.06666666269302368,0.0,,
crop50_blur,Single-View-FT,85,0.9666666388511658,0.03333336114883423,0.0,,
crop50_blur,Single-View-FT,86,0.8333333134651184,0.1666666865348816,0.0,,
crop50_blur,Single-View-FT,87,0.8333333134651184,0.1666666865348816,0.0,,
crop50_blur,Single-View-FT,88,1.0,0.0,1.0,,
crop50_blur,Single-View-FT,89,0.7333333492279053,0.2666666507720947,0.0,,
crop50_blur,Single-View-FT,90,0.8999999761581421,0.10000002384185791,0.0,,
crop50_blur,Single-View-FT,91,0.5,0.5,0.0,,
crop50_blur,Single-View-FT,92,1.0,0.0,1.0,,
crop50_blur,Single-View-FT,93,0.9666666388511658,0.03333336114883423,0.0,,
crop50_blur,Single-View-FT,94,0.9666666388511658,0.03333336114883423,0.0,,
crop50_blur,Single-View-FT,95,0.8333333134651184,0.1666666865348816,0.0,,
crop50_blur,Single-View-FT,96,0.9666666388511658,0.03333336114883423,0.0,,
crop50_blur,Single-View-FT,97,1.0,0.0,1.0,,
crop50_blur,Single-View-FT,98,0.8999999761581421,0.10000002384185791,0.0,,
crop50_blur,Single-View-FT,99,0.8666666746139526,0.13333332538604736,0.0,,
crop50_blur,Single-View-FT,100,0.9333333373069763,0.06666666269302368,0.0,,
crop50_blur,Single-View-FT,101,0.8999999761581421,0.10000002384185791,0.0,,
crop50_blur,Single-View-FT,102,0.7333333492279053,0.2666666507720947,0.0,,
crop50_blur,Single-View-FT,103,1.0,0.0,1.0,,
crop50_blur,Single-View-FT,104,0.9333333373069763,0.06666666269302368,0.0,,
crop50_blur,Single-View-FT,105,0.7666666507720947,0.23333334922790527,0.0,,
crop50_blur,Single-View-FT,106,0.8999999761581421,0.10000002384185791,0.0,,
crop50_blur,Single-View-FT,107,0.4333333373069763,0.5666666626930237,0.0,,
crop50_blur,Single-View-FT,108,0.7333333492279053,0.2666666507720947,0.0,,
crop50_blur,Single-View-FT,109,0.7333333492279053,0.2666666507720947,0.0,,
crop50_blur,Single-View-FT,110,0.8333333134651184,0.1666666865348816,0.0,,
crop50_blur,Single-View-FT,111,0.8666666746139526,0.13333332538604736,0.0,,
crop50_blur,Single-View-FT,112,0.9333333373069763,0.06666666269302368,0.0,,
crop50_blur,Single-View-FT,113,0.800000011920929,0.19999998807907104,0.0,,
crop50_blur,Single-View-FT,114,0.8333333134651184,0.1666666865348816,0.0,,
crop50_blur,Single-View-FT,115,0.8999999761581421,0.10000002384185791,0.0,,
crop50_blur,Single-View-FT,116,0.9666666388511658,0.03333336114883423,0.0,,
crop50_blur,Single-View-FT,117,0.7666666507720947,0.23333334922790527,0.0,,
crop50_blur,Single-View-FT,118,0.8333333134651184,0.1666666865348816,0.0,,
crop50_blur,Single-View-FT,119,0.7333333492279053,0.2666666507720947,0.0,,
crop50_blur,Single-View-FT,120,1.0,0.0,1.0,,
crop50_blur,Single-View-FT,121,0.9333333373069763,0.06666666269302368,0.0,,
crop50_blur,Single-View-FT,122,0.6333333253860474,0.36666667461395264,0.0,,
crop50_blur,Single-View-FT,123,1.0,0.0,1.0,,
crop50_blur,Single-View-FT,124,1.0,0.0,1.0,,
crop50_blur,Single-View-FT,125,0.9666666388511658,0.03333336114883423,0.0,,
crop50_blur,Single-View-FT,126,0.8666666746139526,0.13333332538604736,0.0,,
crop50_blur,Single-View-FT,127,0.9666666388511658,0.03333336114883423,0.0,,
crop50_blur,Single-View-FT,128,0.9666666388511658,0.03333336114883423,0.0,,
crop50_blur,Single-View-FT,129,0.8666666746139526,0.13333332538604736,0.0,,
crop50_blur,Single-View-FT,130,0.9666666388511658,0.03333336114883423,0.0,,
crop50_blur,Single-View-FT,131,0.699999988079071,0.30000001192092896,0.0,,
crop50_blur,Single-View-FT,132,0.9333333373069763,0.06666666269302368,0.0,,
crop50_blur,Single-View-FT,133,0.9333333373069763,0.06666666269302368,0.0,,
crop50_blur,Single-View-FT,134,0.9666666388511658,0.03333336114883423,0.0,,
crop50_blur,Single-View-FT,135,0.8666666746139526,0.13333332538604736,0.0,,
crop50_blur,Single-View-FT,136,0.9666666388511658,0.03333336114883423,0.0,,
crop50_blur,Single-View-FT,137,0.8999999761581421,0.10000002384185791,0.0,,
crop50_blur,Single-View-FT,138,0.9666666388511658,0.03333336114883423,0.0,,
crop50_blur,Single-View-FT,139,0.9666666388511658,0.03333336114883423,0.0,,
crop50_blur,Single-View-FT,140,0.8999999761581421,0.10000002384185791,0.0,,
crop50_blur,Single-View-FT,141,0.30000001192092896,0.699999988079071,0.0,,
crop50_blur,Single-View-FT,142,0.9666666388511658,0.03333336114883423,0.0,,
crop50_blur,Single-View-FT,143,0.8333333134651184,0.1666666865348816,0.0,,
crop50_blur,PMFA,0,1.0,0.0,1.0,0.0,
crop50_blur,PMFA,1,0.9666666388511658,0.03333336114883423,0.0,0.0,
crop50_blur,PMFA,2,0.9666666388511658,0.03333336114883423,0.0,0.0,
crop50_blur,PMFA,3,0.9333333373069763,0.06666666269302368,0.0,0.0,
crop50_blur,PMFA,4,0.36666667461395264,0.6333333253860474,0.0,0.0,
crop50_blur,PMFA,5,0.9333333373069763,0.06666666269302368,0.0,0.0,
crop50_blur,PMFA,6,0.9333333373069763,0.06666666269302368,0.0,0.0,
crop50_blur,PMFA,7,0.7333333492279053,0.2666666507720947,0.0,0.0,
crop50_blur,PMFA,8,0.5,0.5,0.0,0.0,
crop50_blur,PMFA,9,0.3333333432674408,0.6666666567325592,0.0,0.0,
crop50_blur,PMFA,10,0.3333333432674408,0.6666666567325592,0.0,0.0,
crop50_blur,PMFA,11,0.6666666865348816,0.3333333134651184,0.0,0.0,
crop50_blur,PMFA,12,0.9666666388511658,0.03333336114883423,0.0,0.0,
crop50_blur,PMFA,13,0.7666666507720947,0.23333334922790527,0.0,0.0,
crop50_blur,PMFA,14,0.8666666746139526,0.13333332538604736,0.0,0.0,
crop50_blur,PMFA,15,0.8999999761581421,0.10000002384185791,0.0,0.0,
crop50_blur,PMFA,16,1.0,0.0,1.0,0.0,
crop50_blur,PMFA,17,0.9666666388511658,0.03333336114883423,0.0,0.0,
crop50_blur,PMFA,18,0.9333333373069763,0.06666666269302368,0.0,0.0,
crop50_blur,PMFA,19,0.9333333373069763,0.06666666269302368,0.0,0.0,
crop50_blur,PMFA,20,1.0,0.0,1.0,0.0,
crop50_blur,PMFA,21,0.9333333373069763,0.06666666269302368,0.0,0.0,
crop50_blur,PMFA,22,1.0,0.0,1.0,0.0,
crop50_blur,PMFA,23,0.7333333492279053,0.2666666507720947,0.0,0.0,
crop50_blur,PMFA,24,0.7333333492279053,0.2666666507720947,0.0,0.0,
crop50_blur,PMFA,25,0.8999999761581421,0.10000002384185791,0.0,0.0,
crop50_blur,PMFA,26,0.4333333373069763,0.5666666626930237,0.0,0.0,
crop50_blur,PMFA,27,0.699999988079071,0.30000001192092896,0.0,1.0,
crop50_blur,PMFA,28,0.9333333373069763,0.06666666269302368,0.0,0.0,
crop50_blur,PMFA,29,0.6666666865348816,0.3333333134651184,0.0,0.0,
crop50_blur,PMFA,30,0.9333333373069763,0.06666666269302368,0.0,0.0,
crop50_blur,PMFA,31,0.9666666388511658,0.03333336114883423,0.0,1.0,
crop50_blur,PMFA,32,0.9666666388511658,0.03333336114883423,0.0,1.0,
crop50_blur,PMFA,33,0.9666666388511658,0.03333336114883423,0.0,0.0,
crop50_blur,PMFA,34,0.46666666865348816,0.5333333313465118,0.0,1.0,
crop50_blur,PMFA,35,0.2666666805744171,0.7333333194255829,0.0,1.0,
crop50_blur,PMFA,36,0.8666666746139526,0.13333332538604736,0.0,0.0,
crop50_blur,PMFA,37,0.8999999761581421,0.10000002384185791,0.0,0.0,
crop50_blur,PMFA,38,0.36666667461395264,0.6333333253860474,0.0,0.0,
crop50_blur,PMFA,39,0.7333333492279053,0.2666666507720947,0.0,0.0,
crop50_blur,PMFA,40,0.699999988079071,0.30000001192092896,0.0,0.0,
crop50_blur,PMFA,41,0.6333333253860474,0.36666667461395264,0.0,0.0,
crop50_blur,PMFA,42,0.4000000059604645,0.5999999940395355,0.0,0.0,
crop50_blur,PMFA,43,1.0,0.0,1.0,0.0,
crop50_blur,PMFA,44,0.800000011920929,0.19999998807907104,0.0,0.0,
crop50_blur,PMFA,45,0.9666666388511658,0.03333336114883423,0.0,0.0,
crop50_blur,PMFA,46,0.9333333373069763,0.06666666269302368,0.0,0.0,
crop50_blur,PMFA,47,0.9666666388511658,0.03333336114883423,0.0,1.0,
crop50_blur,PMFA,48,0.9666666388511658,0.03333336114883423,0.0,0.0,
crop50_blur,PMFA,49,0.7666666507720947,0.23333334922790527,0.0,1.0,
crop50_blur,PMFA,50,0.9666666388511658,0.03333336114883423,0.0,1.0,
crop50_blur,PMFA,51,0.6666666865348816,0.3333333134651184,0.0,0.0,
crop50_blur,PMFA,52,0.7333333492279053,0.2666666507720947,0.0,0.0,
crop50_blur,PMFA,53,1.0,0.0,1.0,0.0,
crop50_blur,PMFA,54,0.4000000059604645,0.5999999940395355,0.0,0.0,
crop50_blur,PMFA,55,0.2666666805744171,0.7333333194255829,0.0,0.0,
crop50_blur,PMFA,56,0.7333333492279053,0.2666666507720947,0.0,0.0,
crop50_blur,PMFA,57,0.8999999761581421,0.10000002384185791,0.0,0.0,
crop50_blur,PMFA,58,0.8333333134651184,0.1666666865348816,0.0,1.0,
crop50_blur,PMFA,59,0.9666666388511658,0.03333336114883423,0.0,0.0,
crop50_blur,PMFA,60,0.7333333492279053,0.2666666507720947,0.0,1.0,
crop50_blur,PMFA,61,0.9333333373069763,0.06666666269302368,0.0,0.0,
crop50_blur,PMFA,62,0.9333333373069763,0.06666666269302368,0.0,0.0,
crop50_blur,PMFA,63,0.9333333373069763,0.06666666269302368,0.0,0.0,
crop50_blur,PMFA,64,0.9666666388511658,0.03333336114883423,0.0,0.0,
crop50_blur,PMFA,65,0.6666666865348816,0.3333333134651184,0.0,0.0,
crop50_blur,PMFA,66,0.8666666746139526,0.13333332538604736,0.0,0.0,
crop50_blur,PMFA,67,0.8999999761581421,0.10000002384185791,0.0,0.0,
crop50_blur,PMFA,68,0.7333333492279053,0.2666666507720947,0.0,0.0,
crop50_blur,PMFA,69,0.9333333373069763,0.06666666269302368,0.0,0.0,
crop50_blur,PMFA,70,1.0,0.0,1.0,0.0,
crop50_blur,PMFA,71,0.9666666388511658,0.03333336114883423,0.0,0.0,
crop50_blur,PMFA,72,0.8999999761581421,0.10000002384185791,0.0,0.0,
crop50_blur,PMFA,73,0.9333333373069763,0.06666666269302368,0.0,0.0,
crop50_blur,PMFA,74,1.0,0.0,1.0,0.0,
crop50_blur,PMFA,75,0.7666666507720947,0.23333334922790527,0.0,1.0,
crop50_blur,PMFA,76,1.0,0.0,1.0,0.0,
crop50_blur,PMFA,77,0.9666666388511658,0.03333336114883423,0.0,0.0,
crop50_blur,PMFA,78,0.8333333134651184,0.1666666865348816,0.0,0.0,
crop50_blur,PMFA,79,0.8666666746139526,0.13333332538604736,0.0,0.0,
crop50_blur,PMFA,80,0.7666666507720947,0.23333334922790527,0.0,0.0,
crop50_blur,PMFA,81,0.6333333253860474,0.36666667461395264,0.0,0.0,
crop50_blur,PMFA,82,0.8333333134651184,0.1666666865348816,0.0,0.0,
crop50_blur,PMFA,83,0.8333333134651184,0.1666666865348816,0.0,1.0,
crop50_blur,PMFA,84,0.8999999761581421,0.10000002384185791,0.0,1.0,
crop50_blur,PMFA,85,1.0,0.0,1.0,0.0,
crop50_blur,PMFA,86,0.8666666746139526,0.13333332538604736,0.0,0.0,
crop50_blur,PMFA,87,0.8333333134651184,0.1666666865348816,0.0,0.0,
crop50_blur,PMFA,88,1.0,0.0,1.0,0.0,
crop50_blur,PMFA,89,0.699999988079071,0.30000001192092896,0.0,0.0,
crop50_blur,PMFA,90,0.8333333134651184,0.1666666865348816,0.0,0.0,
crop50_blur,PMFA,91,0.5,0.5,0.0,0.0,
crop50_blur,PMFA,92,0.9666666388511658,0.03333336114883423,0.0,0.0,
crop50_blur,PMFA,93,0.9666666388511658,0.03333336114883423,0.0,1.0,
crop50_blur,PMFA,94,0.9666666388511658,0.03333336114883423,0.0,0.0,
crop50_blur,PMFA,95,0.8333333134651184,0.1666666865348816,0.0,1.0,
crop50_blur,PMFA,96,0.9666666388511658,0.03333336114883423,0.0,0.0,
crop50_blur,PMFA,97,1.0,0.0,1.0,1.0,
crop50_blur,PMFA,98,0.8999999761581421,0.10000002384185791,0.0,0.0,
crop50_blur,PMFA,99,0.8666666746139526,0.13333332538604736,0.0,0.0,
crop50_blur,PMFA,100,0.9333333373069763,0.06666666269302368,0.0,0.0,
crop50_blur,PMFA,101,0.8999999761581421,0.10000002384185791,0.0,0.0,
crop50_blur,PMFA,102,0.7333333492279053,0.2666666507720947,0.0,0.0,
crop50_blur,PMFA,103,1.0,0.0,1.0,0.0,
crop50_blur,PMFA,104,0.9333333373069763,0.06666666269302368,0.0,0.0,
crop50_blur,PMFA,105,0.7666666507720947,0.23333334922790527,0.0,0.0,
crop50_blur,PMFA,106,0.9333333373069763,0.06666666269302368,0.0,0.0,
crop50_blur,PMFA,107,0.4333333373069763,0.5666666626930237,0.0,0.0,
crop50_blur,PMFA,108,0.7333333492279053,0.2666666507720947,0.0,0.0,
crop50_blur,PMFA,109,0.7666666507720947,0.23333334922790527,0.0,0.0,
crop50_blur,PMFA,110,0.8333333134651184,0.1666666865348816,0.0,0.0,
crop50_blur,PMFA,111,0.8333333134651184,0.1666666865348816,0.0,0.0,
crop50_blur,PMFA,112,0.9333333373069763,0.06666666269302368,0.0,0.0,
crop50_blur,PMFA,113,0.800000011920929,0.19999998807907104,0.0,0.0,
crop50_blur,PMFA,114,0.8333333134651184,0.1666666865348816,0.0,0.0,
crop50_blur,PMFA,115,0.8999999761581421,0.10000002384185791,0.0,0.0,
crop50_blur,PMFA,116,0.9666666388511658,0.03333336114883423,0.0,0.0,
crop50_blur,PMFA,117,0.7666666507720947,0.23333334922790527,0.0,0.0,
crop50_blur,PMFA,118,0.8333333134651184,0.1666666865348816,0.0,0.0,
crop50_blur,PMFA,119,0.7666666507720947,0.23333334922790527,0.0,0.0,
crop50_blur,PMFA,120,1.0,0.0,1.0,0.0,
crop50_blur,PMFA,121,0.9333333373069763,0.06666666269302368,0.0,0.0,
crop50_blur,PMFA,122,0.6333333253860474,0.36666667461395264,0.0,0.0,
crop50_blur,PMFA,123,0.9666666388511658,0.03333336114883423,0.0,0.0,
crop50_blur,PMFA,124,1.0,0.0,1.0,0.0,
crop50_blur,PMFA,125,0.9666666388511658,0.03333336114883423,0.0,0.0,
crop50_blur,PMFA,126,0.8666666746139526,0.13333332538604736,0.0,0.0,
crop50_blur,PMFA,127,0.9666666388511658,0.03333336114883423,0.0,0.0,
crop50_blur,PMFA,128,0.9666666388511658,0.03333336114883423,0.0,0.0,
crop50_blur,PMFA,129,0.8666666746139526,0.13333332538604736,0.0,0.0,
crop50_blur,PMFA,130,0.9666666388511658,0.03333336114883423,0.0,0.0,
crop50_blur,PMFA,131,0.699999988079071,0.30000001192092896,0.0,0.0,
crop50_blur,PMFA,132,0.9333333373069763,0.06666666269302368,0.0,0.0,
crop50_blur,PMFA,133,0.9333333373069763,0.06666666269302368,0.0,0.0,
crop50_blur,PMFA,134,0.9666666388511658,0.03333336114883423,0.0,0.0,
crop50_blur,PMFA,135,0.8666666746139526,0.13333332538604736,0.0,0.0,
crop50_blur,PMFA,136,0.9666666388511658,0.03333336114883423,0.0,0.0,
crop50_blur,PMFA,137,0.8999999761581421,0.10000002384185791,0.0,0.0,
crop50_blur,PMFA,138,0.9666666388511658,0.03333336114883423,0.0,1.0,
crop50_blur,PMFA,139,1.0,0.0,1.0,0.0,
crop50_blur,PMFA,140,0.9333333373069763,0.06666666269302368,0.0,1.0,
crop50_blur,PMFA,141,0.30000001192092896,0.699999988079071,0.0,0.0,
crop50_blur,PMFA,142,0.9666666388511658,0.03333336114883423,0.0,0.0,
crop50_blur,PMFA,143,0.8333333134651184,0.1666666865348816,0.0,0.0,
crop50_blur,Decoder-Tail-FT,0,0.9666666388511658,0.03333336114883423,0.0,,
crop50_blur,Decoder-Tail-FT,1,0.9666666388511658,0.03333336114883423,0.0,,
crop50_blur,Decoder-Tail-FT,2,0.9333333373069763,0.06666666269302368,0.0,,
crop50_blur,Decoder-Tail-FT,3,0.9666666388511658,0.03333336114883423,0.0,,
crop50_blur,Decoder-Tail-FT,4,0.6000000238418579,0.3999999761581421,0.0,,
crop50_blur,Decoder-Tail-FT,5,0.9666666388511658,0.03333336114883423,0.0,,
crop50_blur,Decoder-Tail-FT,6,0.8333333134651184,0.1666666865348816,0.0,,
crop50_blur,Decoder-Tail-FT,7,0.8333333134651184,0.1666666865348816,0.0,,
crop50_blur,Decoder-Tail-FT,8,0.7666666507720947,0.23333334922790527,0.0,,
crop50_blur,Decoder-Tail-FT,9,0.4333333373069763,0.5666666626930237,0.0,,
crop50_blur,Decoder-Tail-FT,10,0.36666667461395264,0.6333333253860474,0.0,,
crop50_blur,Decoder-Tail-FT,11,0.6666666865348816,0.3333333134651184,0.0,,
crop50_blur,Decoder-Tail-FT,12,0.9333333373069763,0.06666666269302368,0.0,,
crop50_blur,Decoder-Tail-FT,13,0.8666666746139526,0.13333332538604736,0.0,,
crop50_blur,Decoder-Tail-FT,14,0.8333333134651184,0.1666666865348816,0.0,,
crop50_blur,Decoder-Tail-FT,15,0.8666666746139526,0.13333332538604736,0.0,,
crop50_blur,Decoder-Tail-FT,16,0.9333333373069763,0.06666666269302368,0.0,,
crop50_blur,Decoder-Tail-FT,17,0.9666666388511658,0.03333336114883423,0.0,,
crop50_blur,Decoder-Tail-FT,18,0.9333333373069763,0.06666666269302368,0.0,,
crop50_blur,Decoder-Tail-FT,19,0.9333333373069763,0.06666666269302368,0.0,,
crop50_blur,Decoder-Tail-FT,20,1.0,0.0,1.0,,
crop50_blur,Decoder-Tail-FT,21,1.0,0.0,1.0,,
crop50_blur,Decoder-Tail-FT,22,1.0,0.0,1.0,,
crop50_blur,Decoder-Tail-FT,23,0.6666666865348816,0.3333333134651184,0.0,,
crop50_blur,Decoder-Tail-FT,24,0.8333333134651184,0.1666666865348816,0.0,,
crop50_blur,Decoder-Tail-FT,25,0.8666666746139526,0.13333332538604736,0.0,,
crop50_blur,Decoder-Tail-FT,26,0.4000000059604645,0.5999999940395355,0.0,,
crop50_blur,Decoder-Tail-FT,27,0.8333333134651184,0.1666666865348816,0.0,,
crop50_blur,Decoder-Tail-FT,28,0.8333333134651184,0.1666666865348816,0.0,,
crop50_blur,Decoder-Tail-FT,29,0.7666666507720947,0.23333334922790527,0.0,,
crop50_blur,Decoder-Tail-FT,30,0.9666666388511658,0.03333336114883423,0.0,,
crop50_blur,Decoder-Tail-FT,31,0.9666666388511658,0.03333336114883423,0.0,,
crop50_blur,Decoder-Tail-FT,32,0.9333333373069763,0.06666666269302368,0.0,,
crop50_blur,Decoder-Tail-FT,33,0.9666666388511658,0.03333336114883423,0.0,,
crop50_blur,Decoder-Tail-FT,34,0.6666666865348816,0.3333333134651184,0.0,,
crop50_blur,Decoder-Tail-FT,35,0.36666667461395264,0.6333333253860474,0.0,,
crop50_blur,Decoder-Tail-FT,36,0.800000011920929,0.19999998807907104,0.0,,
crop50_blur,Decoder-Tail-FT,37,0.8999999761581421,0.10000002384185791,0.0,,
crop50_blur,Decoder-Tail-FT,38,0.4333333373069763,0.5666666626930237,0.0,,
crop50_blur,Decoder-Tail-FT,39,0.7333333492279053,0.2666666507720947,0.0,,
crop50_blur,Decoder-Tail-FT,40,0.7666666507720947,0.23333334922790527,0.0,,
crop50_blur,Decoder-Tail-FT,41,0.9666666388511658,0.03333336114883423,0.0,,
crop50_blur,Decoder-Tail-FT,42,0.46666666865348816,0.5333333313465118,0.0,,
crop50_blur,Decoder-Tail-FT,43,0.9333333373069763,0.06666666269302368,0.0,,
crop50_blur,Decoder-Tail-FT,44,0.8666666746139526,0.13333332538604736,0.0,,
crop50_blur,Decoder-Tail-FT,45,0.8999999761581421,0.10000002384185791,0.0,,
crop50_blur,Decoder-Tail-FT,46,0.9333333373069763,0.06666666269302368,0.0,,
crop50_blur,Decoder-Tail-FT,47,0.9666666388511658,0.03333336114883423,0.0,,
crop50_blur,Decoder-Tail-FT,48,0.9333333373069763,0.06666666269302368,0.0,,
crop50_blur,Decoder-Tail-FT,49,0.9333333373069763,0.06666666269302368,0.0,,
crop50_blur,Decoder-Tail-FT,50,0.9666666388511658,0.03333336114883423,0.0,,
crop50_blur,Decoder-Tail-FT,51,0.699999988079071,0.30000001192092896,0.0,,
crop50_blur,Decoder-Tail-FT,52,0.800000011920929,0.19999998807907104,0.0,,
crop50_blur,Decoder-Tail-FT,53,0.9666666388511658,0.03333336114883423,0.0,,
crop50_blur,Decoder-Tail-FT,54,0.7333333492279053,0.2666666507720947,0.0,,
crop50_blur,Decoder-Tail-FT,55,0.4000000059604645,0.5999999940395355,0.0,,
crop50_blur,Decoder-Tail-FT,56,0.7666666507720947,0.23333334922790527,0.0,,
crop50_blur,Decoder-Tail-FT,57,0.8666666746139526,0.13333332538604736,0.0,,
crop50_blur,Decoder-Tail-FT,58,0.8333333134651184,0.1666666865348816,0.0,,
crop50_blur,Decoder-Tail-FT,59,0.8999999761581421,0.10000002384185791,0.0,,
crop50_blur,Decoder-Tail-FT,60,0.7666666507720947,0.23333334922790527,0.0,,
crop50_blur,Decoder-Tail-FT,61,0.9333333373069763,0.06666666269302368,0.0,,
crop50_blur,Decoder-Tail-FT,62,0.9333333373069763,0.06666666269302368,0.0,,
crop50_blur,Decoder-Tail-FT,63,0.9333333373069763,0.06666666269302368,0.0,,
crop50_blur,Decoder-Tail-FT,64,1.0,0.0,1.0,,
crop50_blur,Decoder-Tail-FT,65,0.7333333492279053,0.2666666507720947,0.0,,
crop50_blur,Decoder-Tail-FT,66,0.800000011920929,0.19999998807907104,0.0,,
crop50_blur,Decoder-Tail-FT,67,0.8333333134651184,0.1666666865348816,0.0,,
crop50_blur,Decoder-Tail-FT,68,0.8999999761581421,0.10000002384185791,0.0,,
crop50_blur,Decoder-Tail-FT,69,0.9666666388511658,0.03333336114883423,0.0,,
crop50_blur,Decoder-Tail-FT,70,1.0,0.0,1.0,,
crop50_blur,Decoder-Tail-FT,71,0.9666666388511658,0.03333336114883423,0.0,,
crop50_blur,Decoder-Tail-FT,72,1.0,0.0,1.0,,
crop50_blur,Decoder-Tail-FT,73,0.8999999761581421,0.10000002384185791,0.0,,
crop50_blur,Decoder-Tail-FT,74,1.0,0.0,1.0,,
crop50_blur,Decoder-Tail-FT,75,0.8999999761581421,0.10000002384185791,0.0,,
crop50_blur,Decoder-Tail-FT,76,0.9666666388511658,0.03333336114883423,0.0,,
crop50_blur,Decoder-Tail-FT,77,0.8999999761581421,0.10000002384185791,0.0,,
crop50_blur,Decoder-Tail-FT,78,0.8999999761581421,0.10000002384185791,0.0,,
crop50_blur,Decoder-Tail-FT,79,0.800000011920929,0.19999998807907104,0.0,,
crop50_blur,Decoder-Tail-FT,80,0.6666666865348816,0.3333333134651184,0.0,,
crop50_blur,Decoder-Tail-FT,81,0.7666666507720947,0.23333334922790527,0.0,,
crop50_blur,Decoder-Tail-FT,82,0.8333333134651184,0.1666666865348816,0.0,,
crop50_blur,Decoder-Tail-FT,83,0.8333333134651184,0.1666666865348816,0.0,,
crop50_blur,Decoder-Tail-FT,84,0.8999999761581421,0.10000002384185791,0.0,,
crop50_blur,Decoder-Tail-FT,85,0.9666666388511658,0.03333336114883423,0.0,,
crop50_blur,Decoder-Tail-FT,86,0.800000011920929,0.19999998807907104,0.0,,
crop50_blur,Decoder-Tail-FT,87,0.8333333134651184,0.1666666865348816,0.0,,
crop50_blur,Decoder-Tail-FT,88,0.9333333373069763,0.06666666269302368,0.0,,
crop50_blur,Decoder-Tail-FT,89,0.7333333492279053,0.2666666507720947,0.0,,
crop50_blur,Decoder-Tail-FT,90,0.800000011920929,0.19999998807907104,0.0,,
crop50_blur,Decoder-Tail-FT,91,0.46666666865348816,0.5333333313465118,0.0,,
crop50_blur,Decoder-Tail-FT,92,0.9333333373069763,0.06666666269302368,0.0,,
crop50_blur,Decoder-Tail-FT,93,0.9666666388511658,0.03333336114883423,0.0,,
crop50_blur,Decoder-Tail-FT,94,0.8999999761581421,0.10000002384185791,0.0,,
crop50_blur,Decoder-Tail-FT,95,0.8666666746139526,0.13333332538604736,0.0,,
crop50_blur,Decoder-Tail-FT,96,1.0,0.0,1.0,,
crop50_blur,Decoder-Tail-FT,97,0.9666666388511658,0.03333336114883423,0.0,,
crop50_blur,Decoder-Tail-FT,98,0.800000011920929,0.19999998807907104,0.0,,
crop50_blur,Decoder-Tail-FT,99,0.8666666746139526,0.13333332538604736,0.0,,
crop50_blur,Decoder-Tail-FT,100,0.9666666388511658,0.03333336114883423,0.0,,
crop50_blur,Decoder-Tail-FT,101,0.8999999761581421,0.10000002384185791,0.0,,
crop50_blur,Decoder-Tail-FT,102,0.8999999761581421,0.10000002384185791,0.0,,
crop50_blur,Decoder-Tail-FT,103,1.0,0.0,1.0,,
crop50_blur,Decoder-Tail-FT,104,0.9333333373069763,0.06666666269302368,0.0,,
crop50_blur,Decoder-Tail-FT,105,0.6333333253860474,0.36666667461395264,0.0,,
crop50_blur,Decoder-Tail-FT,106,0.9333333373069763,0.06666666269302368,0.0,,
crop50_blur,Decoder-Tail-FT,107,0.5333333611488342,0.46666663885116577,0.0,,
crop50_blur,Decoder-Tail-FT,108,0.7666666507720947,0.23333334922790527,0.0,,
crop50_blur,Decoder-Tail-FT,109,0.7666666507720947,0.23333334922790527,0.0,,
crop50_blur,Decoder-Tail-FT,110,0.8666666746139526,0.13333332538604736,0.0,,
crop50_blur,Decoder-Tail-FT,111,0.8333333134651184,0.1666666865348816,0.0,,
crop50_blur,Decoder-Tail-FT,112,0.9666666388511658,0.03333336114883423,0.0,,
crop50_blur,Decoder-Tail-FT,113,0.8333333134651184,0.1666666865348816,0.0,,
crop50_blur,Decoder-Tail-FT,114,0.9333333373069763,0.06666666269302368,0.0,,
crop50_blur,Decoder-Tail-FT,115,0.8333333134651184,0.1666666865348816,0.0,,
crop50_blur,Decoder-Tail-FT,116,0.9666666388511658,0.03333336114883423,0.0,,
crop50_blur,Decoder-Tail-FT,117,0.8666666746139526,0.13333332538604736,0.0,,
crop50_blur,Decoder-Tail-FT,118,0.8333333134651184,0.1666666865348816,0.0,,
crop50_blur,Decoder-Tail-FT,119,0.7666666507720947,0.23333334922790527,0.0,,
crop50_blur,Decoder-Tail-FT,120,0.9666666388511658,0.03333336114883423,0.0,,
crop50_blur,Decoder-Tail-FT,121,0.8666666746139526,0.13333332538604736,0.0,,
crop50_blur,Decoder-Tail-FT,122,0.699999988079071,0.30000001192092896,0.0,,
crop50_blur,Decoder-Tail-FT,123,0.9666666388511658,0.03333336114883423,0.0,,
crop50_blur,Decoder-Tail-FT,124,0.9333333373069763,0.06666666269302368,0.0,,
crop50_blur,Decoder-Tail-FT,125,0.8999999761581421,0.10000002384185791,0.0,,
crop50_blur,Decoder-Tail-FT,126,0.9333333373069763,0.06666666269302368,0.0,,
crop50_blur,Decoder-Tail-FT,127,0.9333333373069763,0.06666666269302368,0.0,,
crop50_blur,Decoder-Tail-FT,128,0.9666666388511658,0.03333336114883423,0.0,,
crop50_blur,Decoder-Tail-FT,129,0.9333333373069763,0.06666666269302368,0.0,,
crop50_blur,Decoder-Tail-FT,130,0.9333333373069763,0.06666666269302368,0.0,,
crop50_blur,Decoder-Tail-FT,131,0.6666666865348816,0.3333333134651184,0.0,,
crop50_blur,Decoder-Tail-FT,132,0.9666666388511658,0.03333336114883423,0.0,,
crop50_blur,Decoder-Tail-FT,133,0.9333333373069763,0.06666666269302368,0.0,,
crop50_blur,Decoder-Tail-FT,134,0.9333333373069763,0.06666666269302368,0.0,,
crop50_blur,Decoder-Tail-FT,135,0.7666666507720947,0.23333334922790527,0.0,,
crop50_blur,Decoder-Tail-FT,136,0.8999999761581421,0.10000002384185791,0.0,,
crop50_blur,Decoder-Tail-FT,137,0.9333333373069763,0.06666666269302368,0.0,,
crop50_blur,Decoder-Tail-FT,138,0.8666666746139526,0.13333332538604736,0.0,,
crop50_blur,Decoder-Tail-FT,139,1.0,0.0,1.0,,
crop50_blur,Decoder-Tail-FT,140,0.800000011920929,0.19999998807907104,0.0,,
crop50_blur,Decoder-Tail-FT,141,0.3333333432674408,0.6666666567325592,0.0,,
crop50_blur,Decoder-Tail-FT,142,0.9333333373069763,0.06666666269302368,0.0,,
crop50_blur,Decoder-Tail-FT,143,0.800000011920929,0.19999998807907104,0.0,,
crop50_blur,Oracle-Alignment,0,1.0,0.0,1.0,,
crop50_blur,Oracle-Alignment,1,0.9666666388511658,0.03333336114883423,0.0,,
crop50_blur,Oracle-Alignment,2,1.0,0.0,1.0,,
crop50_blur,Oracle-Alignment,3,0.9666666388511658,0.03333336114883423,0.0,,
crop50_blur,Oracle-Alignment,4,0.9333333373069763,0.06666666269302368,0.0,,
crop50_blur,Oracle-Alignment,5,1.0,0.0,1.0,,
crop50_blur,Oracle-Alignment,6,0.9333333373069763,0.06666666269302368,0.0,,
crop50_blur,Oracle-Alignment,7,0.8666666746139526,0.13333332538604736,0.0,,
crop50_blur,Oracle-Alignment,8,0.8999999761581421,0.10000002384185791,0.0,,
crop50_blur,Oracle-Alignment,9,0.8666666746139526,0.13333332538604736,0.0,,
crop50_blur,Oracle-Alignment,10,0.8333333134651184,0.1666666865348816,0.0,,
crop50_blur,Oracle-Alignment,11,0.9333333373069763,0.06666666269302368,0.0,,
crop50_blur,Oracle-Alignment,12,0.9333333373069763,0.06666666269302368,0.0,,
crop50_blur,Oracle-Alignment,13,0.9666666388511658,0.03333336114883423,0.0,,
crop50_blur,Oracle-Alignment,14,0.8999999761581421,0.10000002384185791,0.0,,
crop50_blur,Oracle-Alignment,15,0.8999999761581421,0.10000002384185791,0.0,,
crop50_blur,Oracle-Alignment,16,1.0,0.0,1.0,,
crop50_blur,Oracle-Alignment,17,1.0,0.0,1.0,,
crop50_blur,Oracle-Alignment,18,0.9666666388511658,0.03333336114883423,0.0,,
crop50_blur,Oracle-Alignment,19,1.0,0.0,1.0,,
crop50_blur,Oracle-Alignment,20,1.0,0.0,1.0,,
crop50_blur,Oracle-Alignment,21,0.9666666388511658,0.03333336114883423,0.0,,
crop50_blur,Oracle-Alignment,22,1.0,0.0,1.0,,
crop50_blur,Oracle-Alignment,23,0.699999988079071,0.30000001192092896,0.0,,
crop50_blur,Oracle-Alignment,24,0.9333333373069763,0.06666666269302368,0.0,,
crop50_blur,Oracle-Alignment,25,0.9333333373069763,0.06666666269302368,0.0,,
crop50_blur,Oracle-Alignment,26,0.8333333134651184,0.1666666865348816,0.0,,
crop50_blur,Oracle-Alignment,27,0.9666666388511658,0.03333336114883423,0.0,,
crop50_blur,Oracle-Alignment,28,0.9333333373069763,0.06666666269302368,0.0,,
crop50_blur,Oracle-Alignment,29,0.7666666507720947,0.23333334922790527,0.0,,
crop50_blur,Oracle-Alignment,30,0.9666666388511658,0.03333336114883423,0.0,,
crop50_blur,Oracle-Alignment,31,0.9666666388511658,0.03333336114883423,0.0,,
crop50_blur,Oracle-Alignment,32,0.9666666388511658,0.03333336114883423,0.0,,
crop50_blur,Oracle-Alignment,33,1.0,0.0,1.0,,
crop50_blur,Oracle-Alignment,34,0.8999999761581421,0.10000002384185791,0.0,,
crop50_blur,Oracle-Alignment,35,1.0,0.0,1.0,,
crop50_blur,Oracle-Alignment,36,0.9666666388511658,0.03333336114883423,0.0,,
crop50_blur,Oracle-Alignment,37,0.9333333373069763,0.06666666269302368,0.0,,
crop50_blur,Oracle-Alignment,38,0.9333333373069763,0.06666666269302368,0.0,,
crop50_blur,Oracle-Alignment,39,0.8999999761581421,0.10000002384185791,0.0,,
crop50_blur,Oracle-Alignment,40,0.9333333373069763,0.06666666269302368,0.0,,
crop50_blur,Oracle-Alignment,41,0.9333333373069763,0.06666666269302368,0.0,,
crop50_blur,Oracle-Alignment,42,0.9666666388511658,0.03333336114883423,0.0,,
crop50_blur,Oracle-Alignment,43,1.0,0.0,1.0,,
crop50_blur,Oracle-Alignment,44,0.9666666388511658,0.03333336114883423,0.0,,
crop50_blur,Oracle-Alignment,45,1.0,0.0,1.0,,
crop50_blur,Oracle-Alignment,46,0.9666666388511658,0.03333336114883423,0.0,,
crop50_blur,Oracle-Alignment,47,1.0,0.0,1.0,,
crop50_blur,Oracle-Alignment,48,1.0,0.0,1.0,,
crop50_blur,Oracle-Alignment,49,0.9666666388511658,0.03333336114883423,0.0,,
crop50_blur,Oracle-Alignment,50,0.9666666388511658,0.03333336114883423,0.0,,
crop50_blur,Oracle-Alignment,51,0.7666666507720947,0.23333334922790527,0.0,,
crop50_blur,Oracle-Alignment,52,0.8333333134651184,0.1666666865348816,0.0,,
crop50_blur,Oracle-Alignment,53,0.9666666388511658,0.03333336114883423,0.0,,
crop50_blur,Oracle-Alignment,54,0.9666666388511658,0.03333336114883423,0.0,,
crop50_blur,Oracle-Alignment,55,0.9666666388511658,0.03333336114883423,0.0,,
crop50_blur,Oracle-Alignment,56,0.9333333373069763,0.06666666269302368,0.0,,
crop50_blur,Oracle-Alignment,57,0.8666666746139526,0.13333332538604736,0.0,,
crop50_blur,Oracle-Alignment,58,0.9333333373069763,0.06666666269302368,0.0,,
crop50_blur,Oracle-Alignment,59,0.9333333373069763,0.06666666269302368,0.0,,
crop50_blur,Oracle-Alignment,60,0.9666666388511658,0.03333336114883423,0.0,,
crop50_blur,Oracle-Alignment,61,1.0,0.0,1.0,,
crop50_blur,Oracle-Alignment,62,0.8999999761581421,0.10000002384185791,0.0,,
crop50_blur,Oracle-Alignment,63,0.9666666388511658,0.03333336114883423,0.0,,
crop50_blur,Oracle-Alignment,64,0.9666666388511658,0.03333336114883423,0.0,,
crop50_blur,Oracle-Alignment,65,0.9666666388511658,0.03333336114883423,0.0,,
crop50_blur,Oracle-Alignment,66,0.8999999761581421,0.10000002384185791,0.0,,
crop50_blur,Oracle-Alignment,67,0.8999999761581421,0.10000002384185791,0.0,,
crop50_blur,Oracle-Alignment,68,1.0,0.0,1.0,,
crop50_blur,Oracle-Alignment,69,0.9666666388511658,0.03333336114883423,0.0,,
crop50_blur,Oracle-Alignment,70,1.0,0.0,1.0,,
crop50_blur,Oracle-Alignment,71,0.9666666388511658,0.03333336114883423,0.0,,
crop50_blur,Oracle-Alignment,72,1.0,0.0,1.0,,
crop50_blur,Oracle-Alignment,73,1.0,0.0,1.0,,
crop50_blur,Oracle-Alignment,74,1.0,0.0,1.0,,
crop50_blur,Oracle-Alignment,75,0.9333333373069763,0.06666666269302368,0.0,,
crop50_blur,Oracle-Alignment,76,1.0,0.0,1.0,,
crop50_blur,Oracle-Alignment,77,0.9666666388511658,0.03333336114883423,0.0,,
crop50_blur,Oracle-Alignment,78,0.8333333134651184,0.1666666865348816,0.0,,
crop50_blur,Oracle-Alignment,79,0.9666666388511658,0.03333336114883423,0.0,,
crop50_blur,Oracle-Alignment,80,0.8666666746139526,0.13333332538604736,0.0,,
crop50_blur,Oracle-Alignment,81,0.8333333134651184,0.1666666865348816,0.0,,
crop50_blur,Oracle-Alignment,82,0.8999999761581421,0.10000002384185791,0.0,,
crop50_blur,Oracle-Alignment,83,0.8999999761581421,0.10000002384185791,0.0,,
crop50_blur,Oracle-Alignment,84,0.9666666388511658,0.03333336114883423,0.0,,
crop50_blur,Oracle-Alignment,85,0.9666666388511658,0.03333336114883423,0.0,,
crop50_blur,Oracle-Alignment,86,0.7333333492279053,0.2666666507720947,0.0,,
crop50_blur,Oracle-Alignment,87,0.8666666746139526,0.13333332538604736,0.0,,
crop50_blur,Oracle-Alignment,88,1.0,0.0,1.0,,
crop50_blur,Oracle-Alignment,89,0.8333333134651184,0.1666666865348816,0.0,,
crop50_blur,Oracle-Alignment,90,0.8666666746139526,0.13333332538604736,0.0,,
crop50_blur,Oracle-Alignment,91,0.8999999761581421,0.10000002384185791,0.0,,
crop50_blur,Oracle-Alignment,92,1.0,0.0,1.0,,
crop50_blur,Oracle-Alignment,93,1.0,0.0,1.0,,
crop50_blur,Oracle-Alignment,94,1.0,0.0,1.0,,
crop50_blur,Oracle-Alignment,95,0.9333333373069763,0.06666666269302368,0.0,,
crop50_blur,Oracle-Alignment,96,0.9666666388511658,0.03333336114883423,0.0,,
crop50_blur,Oracle-Alignment,97,0.9666666388511658,0.03333336114883423,0.0,,
crop50_blur,Oracle-Alignment,98,0.9333333373069763,0.06666666269302368,0.0,,
crop50_blur,Oracle-Alignment,99,0.8999999761581421,0.10000002384185791,0.0,,
crop50_blur,Oracle-Alignment,100,0.8999999761581421,0.10000002384185791,0.0,,
crop50_blur,Oracle-Alignment,101,0.8999999761581421,0.10000002384185791,0.0,,
crop50_blur,Oracle-Alignment,102,0.8999999761581421,0.10000002384185791,0.0,,
crop50_blur,Oracle-Alignment,103,1.0,0.0,1.0,,
crop50_blur,Oracle-Alignment,104,0.8999999761581421,0.10000002384185791,0.0,,
crop50_blur,Oracle-Alignment,105,0.9333333373069763,0.06666666269302368,0.0,,
crop50_blur,Oracle-Alignment,106,1.0,0.0,1.0,,
crop50_blur,Oracle-Alignment,107,0.800000011920929,0.19999998807907104,0.0,,
crop50_blur,Oracle-Alignment,108,0.8999999761581421,0.10000002384185791,0.0,,
crop50_blur,Oracle-Alignment,109,0.9666666388511658,0.03333336114883423,0.0,,
crop50_blur,Oracle-Alignment,110,0.7333333492279053,0.2666666507720947,0.0,,
crop50_blur,Oracle-Alignment,111,1.0,0.0,1.0,,
crop50_blur,Oracle-Alignment,112,0.9333333373069763,0.06666666269302368,0.0,,
crop50_blur,Oracle-Alignment,113,0.8666666746139526,0.13333332538604736,0.0,,
crop50_blur,Oracle-Alignment,114,0.9666666388511658,0.03333336114883423,0.0,,
crop50_blur,Oracle-Alignment,115,0.9333333373069763,0.06666666269302368,0.0,,
crop50_blur,Oracle-Alignment,116,0.9666666388511658,0.03333336114883423,0.0,,
crop50_blur,Oracle-Alignment,117,0.8999999761581421,0.10000002384185791,0.0,,
crop50_blur,Oracle-Alignment,118,0.9333333373069763,0.06666666269302368,0.0,,
crop50_blur,Oracle-Alignment,119,0.7666666507720947,0.23333334922790527,0.0,,
crop50_blur,Oracle-Alignment,120,0.9666666388511658,0.03333336114883423,0.0,,
crop50_blur,Oracle-Alignment,121,0.9666666388511658,0.03333336114883423,0.0,,
crop50_blur,Oracle-Alignment,122,0.9666666388511658,0.03333336114883423,0.0,,
crop50_blur,Oracle-Alignment,123,1.0,0.0,1.0,,
crop50_blur,Oracle-Alignment,124,1.0,0.0,1.0,,
crop50_blur,Oracle-Alignment,125,1.0,0.0,1.0,,
crop50_blur,Oracle-Alignment,126,0.8999999761581421,0.10000002384185791,0.0,,
crop50_blur,Oracle-Alignment,127,1.0,0.0,1.0,,
crop50_blur,Oracle-Alignment,128,1.0,0.0,1.0,,
crop50_blur,Oracle-Alignment,129,0.9666666388511658,0.03333336114883423,0.0,,
crop50_blur,Oracle-Alignment,130,1.0,0.0,1.0,,
crop50_blur,Oracle-Alignment,131,0.8333333134651184,0.1666666865348816,0.0,,
crop50_blur,Oracle-Alignment,132,1.0,0.0,1.0,,
crop50_blur,Oracle-Alignment,133,0.8999999761581421,0.10000002384185791,0.0,,
crop50_blur,Oracle-Alignment,134,1.0,0.0,1.0,,
crop50_blur,Oracle-Alignment,135,1.0,0.0,1.0,,
crop50_blur,Oracle-Alignment,136,0.9666666388511658,0.03333336114883423,0.0,,
crop50_blur,Oracle-Alignment,137,0.9666666388511658,0.03333336114883423,0.0,,
crop50_blur,Oracle-Alignment,138,1.0,0.0,1.0,,
crop50_blur,Oracle-Alignment,139,0.9666666388511658,0.03333336114883423,0.0,,
crop50_blur,Oracle-Alignment,140,0.8999999761581421,0.10000002384185791,0.0,,
crop50_blur,Oracle-Alignment,141,0.8333333134651184,0.1666666865348816,0.0,,
crop50_blur,Oracle-Alignment,142,0.9666666388511658,0.03333336114883423,0.0,,
crop50_blur,Oracle-Alignment,143,0.8333333134651184,0.1666666865348816,0.0,,
crop50_blur,DCSS,0,0.9333333373069763,0.06666666269302368,0.0,,
crop50_blur,DCSS,1,0.9666666388511658,0.03333336114883423,0.0,,
crop50_blur,DCSS,2,1.0,0.0,1.0,,
crop50_blur,DCSS,3,0.9666666388511658,0.03333336114883423,0.0,,
crop50_blur,DCSS,4,0.9333333373069763,0.06666666269302368,0.0,,
crop50_blur,DCSS,5,1.0,0.0,1.0,,
crop50_blur,DCSS,6,0.9333333373069763,0.06666666269302368,0.0,,
crop50_blur,DCSS,7,0.800000011920929,0.19999998807907104,0.0,,
crop50_blur,DCSS,8,0.8999999761581421,0.10000002384185791,0.0,,
crop50_blur,DCSS,9,0.8666666746139526,0.13333332538604736,0.0,,
crop50_blur,DCSS,10,0.8333333134651184,0.1666666865348816,0.0,,
crop50_blur,DCSS,11,0.9333333373069763,0.06666666269302368,0.0,,
crop50_blur,DCSS,12,0.9666666388511658,0.03333336114883423,0.0,,
crop50_blur,DCSS,13,0.9666666388511658,0.03333336114883423,0.0,,
crop50_blur,DCSS,14,0.9333333373069763,0.06666666269302368,0.0,,
crop50_blur,DCSS,15,0.8999999761581421,0.10000002384185791,0.0,,
crop50_blur,DCSS,16,1.0,0.0,1.0,,
crop50_blur,DCSS,17,1.0,0.0,1.0,,
crop50_blur,DCSS,18,0.9666666388511658,0.03333336114883423,0.0,,
crop50_blur,DCSS,19,1.0,0.0,1.0,,
crop50_blur,DCSS,20,1.0,0.0,1.0,,
crop50_blur,DCSS,21,0.9666666388511658,0.03333336114883423,0.0,,
crop50_blur,DCSS,22,1.0,0.0,1.0,,
crop50_blur,DCSS,23,0.699999988079071,0.30000001192092896,0.0,,
crop50_blur,DCSS,24,0.8333333134651184,0.1666666865348816,0.0,,
crop50_blur,DCSS,25,0.9333333373069763,0.06666666269302368,0.0,,
crop50_blur,DCSS,26,0.8999999761581421,0.10000002384185791,0.0,,
crop50_blur,DCSS,27,0.9666666388511658,0.03333336114883423,0.0,,
crop50_blur,DCSS,28,0.9333333373069763,0.06666666269302368,0.0,,
crop50_blur,DCSS,29,0.7333333492279053,0.2666666507720947,0.0,,
crop50_blur,DCSS,30,0.9666666388511658,0.03333336114883423,0.0,,
crop50_blur,DCSS,31,0.9666666388511658,0.03333336114883423,0.0,,
crop50_blur,DCSS,32,0.9666666388511658,0.03333336114883423,0.0,,
crop50_blur,DCSS,33,1.0,0.0,1.0,,
crop50_blur,DCSS,34,0.8999999761581421,0.10000002384185791,0.0,,
crop50_blur,DCSS,35,1.0,0.0,1.0,,
crop50_blur,DCSS,36,0.9666666388511658,0.03333336114883423,0.0,,
crop50_blur,DCSS,37,0.8999999761581421,0.10000002384185791,0.0,,
crop50_blur,DCSS,38,0.9333333373069763,0.06666666269302368,0.0,,
crop50_blur,DCSS,39,0.8999999761581421,0.10000002384185791,0.0,,
crop50_blur,DCSS,40,0.9333333373069763,0.06666666269302368,0.0,,
crop50_blur,DCSS,41,0.9333333373069763,0.06666666269302368,0.0,,
crop50_blur,DCSS,42,0.9666666388511658,0.03333336114883423,0.0,,
crop50_blur,DCSS,43,1.0,0.0,1.0,,
crop50_blur,DCSS,44,0.9666666388511658,0.03333336114883423,0.0,,
crop50_blur,DCSS,45,0.9666666388511658,0.03333336114883423,0.0,,
crop50_blur,DCSS,46,0.9666666388511658,0.03333336114883423,0.0,,
crop50_blur,DCSS,47,1.0,0.0,1.0,,
crop50_blur,DCSS,48,1.0,0.0,1.0,,
crop50_blur,DCSS,49,0.9666666388511658,0.03333336114883423,0.0,,
crop50_blur,DCSS,50,1.0,0.0,1.0,,
crop50_blur,DCSS,51,0.7666666507720947,0.23333334922790527,0.0,,
crop50_blur,DCSS,52,0.8333333134651184,0.1666666865348816,0.0,,
crop50_blur,DCSS,53,0.9666666388511658,0.03333336114883423,0.0,,
crop50_blur,DCSS,54,0.9666666388511658,0.03333336114883423,0.0,,
crop50_blur,DCSS,55,0.9666666388511658,0.03333336114883423,0.0,,
crop50_blur,DCSS,56,0.8333333134651184,0.1666666865348816,0.0,,
crop50_blur,DCSS,57,0.9333333373069763,0.06666666269302368,0.0,,
crop50_blur,DCSS,58,0.9333333373069763,0.06666666269302368,0.0,,
crop50_blur,DCSS,59,0.9333333373069763,0.06666666269302368,0.0,,
crop50_blur,DCSS,60,0.9666666388511658,0.03333336114883423,0.0,,
crop50_blur,DCSS,61,1.0,0.0,1.0,,
crop50_blur,DCSS,62,0.9666666388511658,0.03333336114883423,0.0,,
crop50_blur,DCSS,63,0.9666666388511658,0.03333336114883423,0.0,,
crop50_blur,DCSS,64,0.9666666388511658,0.03333336114883423,0.0,,
crop50_blur,DCSS,65,0.9666666388511658,0.03333336114883423,0.0,,
crop50_blur,DCSS,66,0.9333333373069763,0.06666666269302368,0.0,,
crop50_blur,DCSS,67,0.8999999761581421,0.10000002384185791,0.0,,
crop50_blur,DCSS,68,1.0,0.0,1.0,,
crop50_blur,DCSS,69,0.9666666388511658,0.03333336114883423,0.0,,
crop50_blur,DCSS,70,1.0,0.0,1.0,,
crop50_blur,DCSS,71,0.9666666388511658,0.03333336114883423,0.0,,
crop50_blur,DCSS,72,1.0,0.0,1.0,,
crop50_blur,DCSS,73,1.0,0.0,1.0,,
crop50_blur,DCSS,74,1.0,0.0,1.0,,
crop50_blur,DCSS,75,0.9333333373069763,0.06666666269302368,0.0,,
crop50_blur,DCSS,76,1.0,0.0,1.0,,
crop50_blur,DCSS,77,1.0,0.0,1.0,,
crop50_blur,DCSS,78,0.9333333373069763,0.06666666269302368,0.0,,
crop50_blur,DCSS,79,0.9666666388511658,0.03333336114883423,0.0,,
crop50_blur,DCSS,80,0.6666666865348816,0.3333333134651184,0.0,,
crop50_blur,DCSS,81,0.8333333134651184,0.1666666865348816,0.0,,
crop50_blur,DCSS,82,0.8999999761581421,0.10000002384185791,0.0,,
crop50_blur,DCSS,83,0.8999999761581421,0.10000002384185791,0.0,,
crop50_blur,DCSS,84,0.9666666388511658,0.03333336114883423,0.0,,
crop50_blur,DCSS,85,0.9666666388511658,0.03333336114883423,0.0,,
crop50_blur,DCSS,86,0.7333333492279053,0.2666666507720947,0.0,,
crop50_blur,DCSS,87,0.8666666746139526,0.13333332538604736,0.0,,
crop50_blur,DCSS,88,1.0,0.0,1.0,,
crop50_blur,DCSS,89,0.8333333134651184,0.1666666865348816,0.0,,
crop50_blur,DCSS,90,0.8666666746139526,0.13333332538604736,0.0,,
crop50_blur,DCSS,91,0.9666666388511658,0.03333336114883423,0.0,,
crop50_blur,DCSS,92,1.0,0.0,1.0,,
crop50_blur,DCSS,93,1.0,0.0,1.0,,
crop50_blur,DCSS,94,0.9666666388511658,0.03333336114883423,0.0,,
crop50_blur,DCSS,95,1.0,0.0,1.0,,
crop50_blur,DCSS,96,0.9333333373069763,0.06666666269302368,0.0,,
crop50_blur,DCSS,97,0.9666666388511658,0.03333336114883423,0.0,,
crop50_blur,DCSS,98,0.9333333373069763,0.06666666269302368,0.0,,
crop50_blur,DCSS,99,0.8999999761581421,0.10000002384185791,0.0,,
crop50_blur,DCSS,100,0.8333333134651184,0.1666666865348816,0.0,,
crop50_blur,DCSS,101,0.8999999761581421,0.10000002384185791,0.0,,
crop50_blur,DCSS,102,0.8999999761581421,0.10000002384185791,0.0,,
crop50_blur,DCSS,103,1.0,0.0,1.0,,
crop50_blur,DCSS,104,0.8999999761581421,0.10000002384185791,0.0,,
crop50_blur,DCSS,105,0.9666666388511658,0.03333336114883423,0.0,,
crop50_blur,DCSS,106,1.0,0.0,1.0,,
crop50_blur,DCSS,107,0.800000011920929,0.19999998807907104,0.0,,
crop50_blur,DCSS,108,0.8999999761581421,0.10000002384185791,0.0,,
crop50_blur,DCSS,109,0.9666666388511658,0.03333336114883423,0.0,,
crop50_blur,DCSS,110,0.800000011920929,0.19999998807907104,0.0,,
crop50_blur,DCSS,111,1.0,0.0,1.0,,
crop50_blur,DCSS,112,0.9333333373069763,0.06666666269302368,0.0,,
crop50_blur,DCSS,113,0.8666666746139526,0.13333332538604736,0.0,,
crop50_blur,DCSS,114,0.9666666388511658,0.03333336114883423,0.0,,
crop50_blur,DCSS,115,0.9333333373069763,0.06666666269302368,0.0,,
crop50_blur,DCSS,116,0.9666666388511658,0.03333336114883423,0.0,,
crop50_blur,DCSS,117,0.800000011920929,0.19999998807907104,0.0,,
crop50_blur,DCSS,118,0.9333333373069763,0.06666666269302368,0.0,,
crop50_blur,DCSS,119,0.7666666507720947,0.23333334922790527,0.0,,
crop50_blur,DCSS,120,0.9333333373069763,0.06666666269302368,0.0,,
crop50_blur,DCSS,121,0.9666666388511658,0.03333336114883423,0.0,,
crop50_blur,DCSS,122,1.0,0.0,1.0,,
crop50_blur,DCSS,123,1.0,0.0,1.0,,
crop50_blur,DCSS,124,1.0,0.0,1.0,,
crop50_blur,DCSS,125,1.0,0.0,1.0,,
crop50_blur,DCSS,126,0.8999999761581421,0.10000002384185791,0.0,,
crop50_blur,DCSS,127,1.0,0.0,1.0,,
crop50_blur,DCSS,128,1.0,0.0,1.0,,
crop50_blur,DCSS,129,0.9333333373069763,0.06666666269302368,0.0,,
crop50_blur,DCSS,130,1.0,0.0,1.0,,
crop50_blur,DCSS,131,0.6000000238418579,0.3999999761581421,0.0,,
crop50_blur,DCSS,132,0.9666666388511658,0.03333336114883423,0.0,,
crop50_blur,DCSS,133,0.9666666388511658,0.03333336114883423,0.0,,
crop50_blur,DCSS,134,1.0,0.0,1.0,,
crop50_blur,DCSS,135,1.0,0.0,1.0,,
crop50_blur,DCSS,136,0.9666666388511658,0.03333336114883423,0.0,,
crop50_blur,DCSS,137,0.9333333373069763,0.06666666269302368,0.0,,
crop50_blur,DCSS,138,1.0,0.0,1.0,,
crop50_blur,DCSS,139,0.9666666388511658,0.03333336114883423,0.0,,
crop50_blur,DCSS,140,0.8999999761581421,0.10000002384185791,0.0,,
crop50_blur,DCSS,141,0.8333333134651184,0.1666666865348816,0.0,,
crop50_blur,DCSS,142,0.9666666388511658,0.03333336114883423,0.0,,
crop50_blur,DCSS,143,0.8333333134651184,0.1666666865348816,0.0,,
crop50_blur,DCSS-FT,0,0.9333333373069763,0.06666666269302368,0.0,,
crop50_blur,DCSS-FT,1,0.9666666388511658,0.03333336114883423,0.0,,
crop50_blur,DCSS-FT,2,1.0,0.0,1.0,,
crop50_blur,DCSS-FT,3,0.9666666388511658,0.03333336114883423,0.0,,
crop50_blur,DCSS-FT,4,0.8999999761581421,0.10000002384185791,0.0,,
crop50_blur,DCSS-FT,5,0.9666666388511658,0.03333336114883423,0.0,,
crop50_blur,DCSS-FT,6,0.9333333373069763,0.06666666269302368,0.0,,
crop50_blur,DCSS-FT,7,0.800000011920929,0.19999998807907104,0.0,,
crop50_blur,DCSS-FT,8,0.8999999761581421,0.10000002384185791,0.0,,
crop50_blur,DCSS-FT,9,0.9333333373069763,0.06666666269302368,0.0,,
crop50_blur,DCSS-FT,10,0.8333333134651184,0.1666666865348816,0.0,,
crop50_blur,DCSS-FT,11,0.9333333373069763,0.06666666269302368,0.0,,
crop50_blur,DCSS-FT,12,0.9666666388511658,0.03333336114883423,0.0,,
crop50_blur,DCSS-FT,13,0.9666666388511658,0.03333336114883423,0.0,,
crop50_blur,DCSS-FT,14,0.9333333373069763,0.06666666269302368,0.0,,
crop50_blur,DCSS-FT,15,0.9333333373069763,0.06666666269302368,0.0,,
crop50_blur,DCSS-FT,16,1.0,0.0,1.0,,
crop50_blur,DCSS-FT,17,1.0,0.0,1.0,,
crop50_blur,DCSS-FT,18,0.9666666388511658,0.03333336114883423,0.0,,
crop50_blur,DCSS-FT,19,0.9666666388511658,0.03333336114883423,0.0,,
crop50_blur,DCSS-FT,20,1.0,0.0,1.0,,
crop50_blur,DCSS-FT,21,0.9333333373069763,0.06666666269302368,0.0,,
crop50_blur,DCSS-FT,22,1.0,0.0,1.0,,
crop50_blur,DCSS-FT,23,0.7333333492279053,0.2666666507720947,0.0,,
crop50_blur,DCSS-FT,24,0.8333333134651184,0.1666666865348816,0.0,,
crop50_blur,DCSS-FT,25,0.8999999761581421,0.10000002384185791,0.0,,
crop50_blur,DCSS-FT,26,0.8666666746139526,0.13333332538604736,0.0,,
crop50_blur,DCSS-FT,27,0.9666666388511658,0.03333336114883423,0.0,,
crop50_blur,DCSS-FT,28,0.8999999761581421,0.10000002384185791,0.0,,
crop50_blur,DCSS-FT,29,0.699999988079071,0.30000001192092896,0.0,,
crop50_blur,DCSS-FT,30,0.9666666388511658,0.03333336114883423,0.0,,
crop50_blur,DCSS-FT,31,1.0,0.0,1.0,,
crop50_blur,DCSS-FT,32,0.9666666388511658,0.03333336114883423,0.0,,
crop50_blur,DCSS-FT,33,1.0,0.0,1.0,,
crop50_blur,DCSS-FT,34,0.9666666388511658,0.03333336114883423,0.0,,
crop50_blur,DCSS-FT,35,0.9666666388511658,0.03333336114883423,0.0,,
crop50_blur,DCSS-FT,36,1.0,0.0,1.0,,
crop50_blur,DCSS-FT,37,0.9333333373069763,0.06666666269302368,0.0,,
crop50_blur,DCSS-FT,38,0.8666666746139526,0.13333332538604736,0.0,,
crop50_blur,DCSS-FT,39,0.8999999761581421,0.10000002384185791,0.0,,
crop50_blur,DCSS-FT,40,0.9333333373069763,0.06666666269302368,0.0,,
crop50_blur,DCSS-FT,41,0.9333333373069763,0.06666666269302368,0.0,,
crop50_blur,DCSS-FT,42,0.9666666388511658,0.03333336114883423,0.0,,
crop50_blur,DCSS-FT,43,1.0,0.0,1.0,,
crop50_blur,DCSS-FT,44,0.9666666388511658,0.03333336114883423,0.0,,
crop50_blur,DCSS-FT,45,0.9666666388511658,0.03333336114883423,0.0,,
crop50_blur,DCSS-FT,46,0.9666666388511658,0.03333336114883423,0.0,,
crop50_blur,DCSS-FT,47,1.0,0.0,1.0,,
crop50_blur,DCSS-FT,48,1.0,0.0,1.0,,
crop50_blur,DCSS-FT,49,0.9333333373069763,0.06666666269302368,0.0,,
crop50_blur,DCSS-FT,50,1.0,0.0,1.0,,
crop50_blur,DCSS-FT,51,0.7666666507720947,0.23333334922790527,0.0,,
crop50_blur,DCSS-FT,52,0.800000011920929,0.19999998807907104,0.0,,
crop50_blur,DCSS-FT,53,0.9666666388511658,0.03333336114883423,0.0,,
crop50_blur,DCSS-FT,54,0.9666666388511658,0.03333336114883423,0.0,,
crop50_blur,DCSS-FT,55,1.0,0.0,1.0,,
crop50_blur,DCSS-FT,56,0.8333333134651184,0.1666666865348816,0.0,,
crop50_blur,DCSS-FT,57,0.8999999761581421,0.10000002384185791,0.0,,
crop50_blur,DCSS-FT,58,0.8999999761581421,0.10000002384185791,0.0,,
crop50_blur,DCSS-FT,59,0.9666666388511658,0.03333336114883423,0.0,,
crop50_blur,DCSS-FT,60,0.9666666388511658,0.03333336114883423,0.0,,
crop50_blur,DCSS-FT,61,1.0,0.0,1.0,,
crop50_blur,DCSS-FT,62,0.9666666388511658,0.03333336114883423,0.0,,
crop50_blur,DCSS-FT,63,0.9333333373069763,0.06666666269302368,0.0,,
crop50_blur,DCSS-FT,64,0.9666666388511658,0.03333336114883423,0.0,,
crop50_blur,DCSS-FT,65,0.9666666388511658,0.03333336114883423,0.0,,
crop50_blur,DCSS-FT,66,0.9333333373069763,0.06666666269302368,0.0,,
crop50_blur,DCSS-FT,67,0.8999999761581421,0.10000002384185791,0.0,,
crop50_blur,DCSS-FT,68,0.9666666388511658,0.03333336114883423,0.0,,
crop50_blur,DCSS-FT,69,0.9333333373069763,0.06666666269302368,0.0,,
crop50_blur,DCSS-FT,70,1.0,0.0,1.0,,
crop50_blur,DCSS-FT,71,0.9666666388511658,0.03333336114883423,0.0,,
crop50_blur,DCSS-FT,72,0.9666666388511658,0.03333336114883423,0.0,,
crop50_blur,DCSS-FT,73,1.0,0.0,1.0,,
crop50_blur,DCSS-FT,74,1.0,0.0,1.0,,
crop50_blur,DCSS-FT,75,0.9666666388511658,0.03333336114883423,0.0,,
crop50_blur,DCSS-FT,76,1.0,0.0,1.0,,
crop50_blur,DCSS-FT,77,0.9666666388511658,0.03333336114883423,0.0,,
crop50_blur,DCSS-FT,78,1.0,0.0,1.0,,
crop50_blur,DCSS-FT,79,0.9666666388511658,0.03333336114883423,0.0,,
crop50_blur,DCSS-FT,80,0.6666666865348816,0.3333333134651184,0.0,,
crop50_blur,DCSS-FT,81,0.7666666507720947,0.23333334922790527,0.0,,
crop50_blur,DCSS-FT,82,0.8999999761581421,0.10000002384185791,0.0,,
crop50_blur,DCSS-FT,83,0.8999999761581421,0.10000002384185791,0.0,,
crop50_blur,DCSS-FT,84,0.9333333373069763,0.06666666269302368,0.0,,
crop50_blur,DCSS-FT,85,1.0,0.0,1.0,,
crop50_blur,DCSS-FT,86,0.8333333134651184,0.1666666865348816,0.0,,
crop50_blur,DCSS-FT,87,0.8666666746139526,0.13333332538604736,0.0,,
crop50_blur,DCSS-FT,88,1.0,0.0,1.0,,
crop50_blur,DCSS-FT,89,0.8333333134651184,0.1666666865348816,0.0,,
crop50_blur,DCSS-FT,90,0.9666666388511658,0.03333336114883423,0.0,,
crop50_blur,DCSS-FT,91,0.9666666388511658,0.03333336114883423,0.0,,
crop50_blur,DCSS-FT,92,0.9333333373069763,0.06666666269302368,0.0,,
crop50_blur,DCSS-FT,93,1.0,0.0,1.0,,
crop50_blur,DCSS-FT,94,0.9666666388511658,0.03333336114883423,0.0,,
crop50_blur,DCSS-FT,95,0.9666666388511658,0.03333336114883423,0.0,,
crop50_blur,DCSS-FT,96,0.9666666388511658,0.03333336114883423,0.0,,
crop50_blur,DCSS-FT,97,0.9666666388511658,0.03333336114883423,0.0,,
crop50_blur,DCSS-FT,98,0.9333333373069763,0.06666666269302368,0.0,,
crop50_blur,DCSS-FT,99,0.8999999761581421,0.10000002384185791,0.0,,
crop50_blur,DCSS-FT,100,0.8999999761581421,0.10000002384185791,0.0,,
crop50_blur,DCSS-FT,101,0.8999999761581421,0.10000002384185791,0.0,,
crop50_blur,DCSS-FT,102,0.8999999761581421,0.10000002384185791,0.0,,
crop50_blur,DCSS-FT,103,1.0,0.0,1.0,,
crop50_blur,DCSS-FT,104,0.8999999761581421,0.10000002384185791,0.0,,
crop50_blur,DCSS-FT,105,0.9333333373069763,0.06666666269302368,0.0,,
crop50_blur,DCSS-FT,106,1.0,0.0,1.0,,
crop50_blur,DCSS-FT,107,0.800000011920929,0.19999998807907104,0.0,,
crop50_blur,DCSS-FT,108,0.9333333373069763,0.06666666269302368,0.0,,
crop50_blur,DCSS-FT,109,0.9666666388511658,0.03333336114883423,0.0,,
crop50_blur,DCSS-FT,110,0.8333333134651184,0.1666666865348816,0.0,,
crop50_blur,DCSS-FT,111,1.0,0.0,1.0,,
crop50_blur,DCSS-FT,112,0.9333333373069763,0.06666666269302368,0.0,,
crop50_blur,DCSS-FT,113,0.8333333134651184,0.1666666865348816,0.0,,
crop50_blur,DCSS-FT,114,0.9333333373069763,0.06666666269302368,0.0,,
crop50_blur,DCSS-FT,115,0.8999999761581421,0.10000002384185791,0.0,,
crop50_blur,DCSS-FT,116,0.9666666388511658,0.03333336114883423,0.0,,
crop50_blur,DCSS-FT,117,0.8333333134651184,0.1666666865348816,0.0,,
crop50_blur,DCSS-FT,118,0.9333333373069763,0.06666666269302368,0.0,,
crop50_blur,DCSS-FT,119,0.800000011920929,0.19999998807907104,0.0,,
crop50_blur,DCSS-FT,120,1.0,0.0,1.0,,
crop50_blur,DCSS-FT,121,0.9666666388511658,0.03333336114883423,0.0,,
crop50_blur,DCSS-FT,122,1.0,0.0,1.0,,
crop50_blur,DCSS-FT,123,0.9666666388511658,0.03333336114883423,0.0,,
crop50_blur,DCSS-FT,124,1.0,0.0,1.0,,
crop50_blur,DCSS-FT,125,1.0,0.0,1.0,,
crop50_blur,DCSS-FT,126,0.8999999761581421,0.10000002384185791,0.0,,
crop50_blur,DCSS-FT,127,0.9666666388511658,0.03333336114883423,0.0,,
crop50_blur,DCSS-FT,128,0.9666666388511658,0.03333336114883423,0.0,,
crop50_blur,DCSS-FT,129,0.9333333373069763,0.06666666269302368,0.0,,
crop50_blur,DCSS-FT,130,1.0,0.0,1.0,,
crop50_blur,DCSS-FT,131,0.6333333253860474,0.36666667461395264,0.0,,
crop50_blur,DCSS-FT,132,1.0,0.0,1.0,,
crop50_blur,DCSS-FT,133,0.9666666388511658,0.03333336114883423,0.0,,
crop50_blur,DCSS-FT,134,1.0,0.0,1.0,,
crop50_blur,DCSS-FT,135,0.9666666388511658,0.03333336114883423,0.0,,
crop50_blur,DCSS-FT,136,0.9666666388511658,0.03333336114883423,0.0,,
crop50_blur,DCSS-FT,137,0.9333333373069763,0.06666666269302368,0.0,,
crop50_blur,DCSS-FT,138,0.9666666388511658,0.03333336114883423,0.0,,
crop50_blur,DCSS-FT,139,0.9666666388511658,0.03333336114883423,0.0,,
crop50_blur,DCSS-FT,140,0.8999999761581421,0.10000002384185791,0.0,,
crop50_blur,DCSS-FT,141,0.8666666746139526,0.13333332538604736,0.0,,
crop50_blur,DCSS-FT,142,0.9666666388511658,0.03333336114883423,0.0,,
crop50_blur,DCSS-FT,143,0.800000011920929,0.19999998807907104,0.0,,
crop50_blur,R-DCSS,0,0.9333333373069763,0.06666666269302368,0.0,,1.0
crop50_blur,R-DCSS,1,0.9666666388511658,0.03333336114883423,0.0,,1.0
crop50_blur,R-DCSS,2,1.0,0.0,1.0,,1.0
crop50_blur,R-DCSS,3,0.9666666388511658,0.03333336114883423,0.0,,1.0
crop50_blur,R-DCSS,4,0.9333333373069763,0.06666666269302368,0.0,,1.0
crop50_blur,R-DCSS,5,1.0,0.0,1.0,,1.0
crop50_blur,R-DCSS,6,0.9333333373069763,0.06666666269302368,0.0,,1.0
crop50_blur,R-DCSS,7,0.800000011920929,0.19999998807907104,0.0,,0.0
crop50_blur,R-DCSS,8,0.8999999761581421,0.10000002384185791,0.0,,1.0
crop50_blur,R-DCSS,9,0.8666666746139526,0.13333332538604736,0.0,,1.0
crop50_blur,R-DCSS,10,0.8333333134651184,0.1666666865348816,0.0,,1.0
crop50_blur,R-DCSS,11,0.9333333373069763,0.06666666269302368,0.0,,1.0
crop50_blur,R-DCSS,12,0.9666666388511658,0.03333336114883423,0.0,,1.0
crop50_blur,R-DCSS,13,0.9666666388511658,0.03333336114883423,0.0,,1.0
crop50_blur,R-DCSS,14,0.9333333373069763,0.06666666269302368,0.0,,1.0
crop50_blur,R-DCSS,15,0.8999999761581421,0.10000002384185791,0.0,,1.0
crop50_blur,R-DCSS,16,1.0,0.0,1.0,,1.0
crop50_blur,R-DCSS,17,1.0,0.0,1.0,,1.0
crop50_blur,R-DCSS,18,0.9666666388511658,0.03333336114883423,0.0,,1.0
crop50_blur,R-DCSS,19,1.0,0.0,1.0,,1.0
crop50_blur,R-DCSS,20,1.0,0.0,1.0,,1.0
crop50_blur,R-DCSS,21,0.9666666388511658,0.03333336114883423,0.0,,1.0
crop50_blur,R-DCSS,22,1.0,0.0,1.0,,1.0
crop50_blur,R-DCSS,23,0.699999988079071,0.30000001192092896,0.0,,0.0
crop50_blur,R-DCSS,24,0.8333333134651184,0.1666666865348816,0.0,,1.0
crop50_blur,R-DCSS,25,0.9333333373069763,0.06666666269302368,0.0,,1.0
crop50_blur,R-DCSS,26,0.8999999761581421,0.10000002384185791,0.0,,1.0
crop50_blur,R-DCSS,27,0.9666666388511658,0.03333336114883423,0.0,,1.0
crop50_blur,R-DCSS,28,0.9333333373069763,0.06666666269302368,0.0,,1.0
crop50_blur,R-DCSS,29,0.7333333492279053,0.2666666507720947,0.0,,1.0
crop50_blur,R-DCSS,30,0.9666666388511658,0.03333336114883423,0.0,,1.0
crop50_blur,R-DCSS,31,0.9666666388511658,0.03333336114883423,0.0,,1.0
crop50_blur,R-DCSS,32,0.9666666388511658,0.03333336114883423,0.0,,1.0
crop50_blur,R-DCSS,33,1.0,0.0,1.0,,1.0
crop50_blur,R-DCSS,34,0.8999999761581421,0.10000002384185791,0.0,,1.0
crop50_blur,R-DCSS,35,1.0,0.0,1.0,,1.0
crop50_blur,R-DCSS,36,0.9666666388511658,0.03333336114883423,0.0,,1.0
crop50_blur,R-DCSS,37,0.8999999761581421,0.10000002384185791,0.0,,1.0
crop50_blur,R-DCSS,38,0.9333333373069763,0.06666666269302368,0.0,,1.0
crop50_blur,R-DCSS,39,0.8999999761581421,0.10000002384185791,0.0,,1.0
crop50_blur,R-DCSS,40,0.9333333373069763,0.06666666269302368,0.0,,1.0
crop50_blur,R-DCSS,41,0.9333333373069763,0.06666666269302368,0.0,,1.0
crop50_blur,R-DCSS,42,0.9666666388511658,0.03333336114883423,0.0,,1.0
crop50_blur,R-DCSS,43,1.0,0.0,1.0,,1.0
crop50_blur,R-DCSS,44,0.9666666388511658,0.03333336114883423,0.0,,1.0
crop50_blur,R-DCSS,45,0.9666666388511658,0.03333336114883423,0.0,,1.0
crop50_blur,R-DCSS,46,0.9666666388511658,0.03333336114883423,0.0,,1.0
crop50_blur,R-DCSS,47,1.0,0.0,1.0,,1.0
crop50_blur,R-DCSS,48,1.0,0.0,1.0,,1.0
crop50_blur,R-DCSS,49,0.9666666388511658,0.03333336114883423,0.0,,1.0
crop50_blur,R-DCSS,50,1.0,0.0,1.0,,1.0
crop50_blur,R-DCSS,51,0.699999988079071,0.30000001192092896,0.0,,0.0
crop50_blur,R-DCSS,52,0.8333333134651184,0.1666666865348816,0.0,,1.0
crop50_blur,R-DCSS,53,0.9666666388511658,0.03333336114883423,0.0,,1.0
crop50_blur,R-DCSS,54,0.9666666388511658,0.03333336114883423,0.0,,1.0
crop50_blur,R-DCSS,55,0.9666666388511658,0.03333336114883423,0.0,,1.0
crop50_blur,R-DCSS,56,0.8333333134651184,0.1666666865348816,0.0,,0.0
crop50_blur,R-DCSS,57,0.9333333373069763,0.06666666269302368,0.0,,1.0
crop50_blur,R-DCSS,58,0.9333333373069763,0.06666666269302368,0.0,,1.0
crop50_blur,R-DCSS,59,0.9333333373069763,0.06666666269302368,0.0,,1.0
crop50_blur,R-DCSS,60,0.9666666388511658,0.03333336114883423,0.0,,1.0
crop50_blur,R-DCSS,61,1.0,0.0,1.0,,1.0
crop50_blur,R-DCSS,62,0.9666666388511658,0.03333336114883423,0.0,,1.0
crop50_blur,R-DCSS,63,0.9666666388511658,0.03333336114883423,0.0,,1.0
crop50_blur,R-DCSS,64,0.9666666388511658,0.03333336114883423,0.0,,1.0
crop50_blur,R-DCSS,65,0.9666666388511658,0.03333336114883423,0.0,,1.0
crop50_blur,R-DCSS,66,0.9333333373069763,0.06666666269302368,0.0,,1.0
crop50_blur,R-DCSS,67,0.8666666746139526,0.13333332538604736,0.0,,0.0
crop50_blur,R-DCSS,68,1.0,0.0,1.0,,1.0
crop50_blur,R-DCSS,69,0.9666666388511658,0.03333336114883423,0.0,,1.0
crop50_blur,R-DCSS,70,1.0,0.0,1.0,,1.0
crop50_blur,R-DCSS,71,0.9666666388511658,0.03333336114883423,0.0,,1.0
crop50_blur,R-DCSS,72,1.0,0.0,1.0,,1.0
crop50_blur,R-DCSS,73,1.0,0.0,1.0,,1.0
crop50_blur,R-DCSS,74,1.0,0.0,1.0,,1.0
crop50_blur,R-DCSS,75,0.9333333373069763,0.06666666269302368,0.0,,1.0
crop50_blur,R-DCSS,76,1.0,0.0,1.0,,1.0
crop50_blur,R-DCSS,77,1.0,0.0,1.0,,1.0
crop50_blur,R-DCSS,78,0.9333333373069763,0.06666666269302368,0.0,,1.0
crop50_blur,R-DCSS,79,0.9666666388511658,0.03333336114883423,0.0,,1.0
crop50_blur,R-DCSS,80,0.6666666865348816,0.3333333134651184,0.0,,1.0
crop50_blur,R-DCSS,81,0.8333333134651184,0.1666666865348816,0.0,,1.0
crop50_blur,R-DCSS,82,0.8999999761581421,0.10000002384185791,0.0,,1.0
crop50_blur,R-DCSS,83,0.8999999761581421,0.10000002384185791,0.0,,1.0
crop50_blur,R-DCSS,84,0.9666666388511658,0.03333336114883423,0.0,,1.0
crop50_blur,R-DCSS,85,0.9666666388511658,0.03333336114883423,0.0,,1.0
crop50_blur,R-DCSS,86,0.7666666507720947,0.23333334922790527,0.0,,0.0
crop50_blur,R-DCSS,87,0.8666666746139526,0.13333332538604736,0.0,,1.0
crop50_blur,R-DCSS,88,1.0,0.0,1.0,,1.0
crop50_blur,R-DCSS,89,0.8333333134651184,0.1666666865348816,0.0,,1.0
crop50_blur,R-DCSS,90,0.8666666746139526,0.13333332538604736,0.0,,1.0
crop50_blur,R-DCSS,91,0.9666666388511658,0.03333336114883423,0.0,,1.0
crop50_blur,R-DCSS,92,1.0,0.0,1.0,,1.0
crop50_blur,R-DCSS,93,1.0,0.0,1.0,,1.0
crop50_blur,R-DCSS,94,0.9666666388511658,0.03333336114883423,0.0,,1.0
crop50_blur,R-DCSS,95,1.0,0.0,1.0,,1.0
crop50_blur,R-DCSS,96,0.9333333373069763,0.06666666269302368,0.0,,1.0
crop50_blur,R-DCSS,97,0.9666666388511658,0.03333336114883423,0.0,,1.0
crop50_blur,R-DCSS,98,0.9333333373069763,0.06666666269302368,0.0,,1.0
crop50_blur,R-DCSS,99,0.8999999761581421,0.10000002384185791,0.0,,1.0
crop50_blur,R-DCSS,100,0.8333333134651184,0.1666666865348816,0.0,,1.0
crop50_blur,R-DCSS,101,0.8999999761581421,0.10000002384185791,0.0,,1.0
crop50_blur,R-DCSS,102,0.8999999761581421,0.10000002384185791,0.0,,1.0
crop50_blur,R-DCSS,103,1.0,0.0,1.0,,1.0
crop50_blur,R-DCSS,104,0.8999999761581421,0.10000002384185791,0.0,,1.0
crop50_blur,R-DCSS,105,0.9666666388511658,0.03333336114883423,0.0,,1.0
crop50_blur,R-DCSS,106,1.0,0.0,1.0,,1.0
crop50_blur,R-DCSS,107,0.800000011920929,0.19999998807907104,0.0,,1.0
crop50_blur,R-DCSS,108,0.8999999761581421,0.10000002384185791,0.0,,1.0
crop50_blur,R-DCSS,109,0.9666666388511658,0.03333336114883423,0.0,,1.0
crop50_blur,R-DCSS,110,0.800000011920929,0.19999998807907104,0.0,,1.0
crop50_blur,R-DCSS,111,1.0,0.0,1.0,,1.0
crop50_blur,R-DCSS,112,0.9333333373069763,0.06666666269302368,0.0,,1.0
crop50_blur,R-DCSS,113,0.8666666746139526,0.13333332538604736,0.0,,1.0
crop50_blur,R-DCSS,114,0.9666666388511658,0.03333336114883423,0.0,,1.0
crop50_blur,R-DCSS,115,0.9333333373069763,0.06666666269302368,0.0,,0.0
crop50_blur,R-DCSS,116,0.9666666388511658,0.03333336114883423,0.0,,1.0
crop50_blur,R-DCSS,117,0.8333333134651184,0.1666666865348816,0.0,,0.0
crop50_blur,R-DCSS,118,0.9333333373069763,0.06666666269302368,0.0,,1.0
crop50_blur,R-DCSS,119,0.7333333492279053,0.2666666507720947,0.0,,0.0
crop50_blur,R-DCSS,120,0.9333333373069763,0.06666666269302368,0.0,,1.0
crop50_blur,R-DCSS,121,0.9666666388511658,0.03333336114883423,0.0,,1.0
crop50_blur,R-DCSS,122,1.0,0.0,1.0,,1.0
crop50_blur,R-DCSS,123,1.0,0.0,1.0,,1.0
crop50_blur,R-DCSS,124,1.0,0.0,1.0,,1.0
crop50_blur,R-DCSS,125,1.0,0.0,1.0,,1.0
crop50_blur,R-DCSS,126,0.8999999761581421,0.10000002384185791,0.0,,1.0
crop50_blur,R-DCSS,127,1.0,0.0,1.0,,1.0
crop50_blur,R-DCSS,128,1.0,0.0,1.0,,1.0
crop50_blur,R-DCSS,129,0.9333333373069763,0.06666666269302368,0.0,,1.0
crop50_blur,R-DCSS,130,1.0,0.0,1.0,,1.0
crop50_blur,R-DCSS,131,0.6000000238418579,0.3999999761581421,0.0,,1.0
crop50_blur,R-DCSS,132,0.9666666388511658,0.03333336114883423,0.0,,1.0
crop50_blur,R-DCSS,133,0.9666666388511658,0.03333336114883423,0.0,,1.0
crop50_blur,R-DCSS,134,1.0,0.0,1.0,,1.0
crop50_blur,R-DCSS,135,1.0,0.0,1.0,,1.0
crop50_blur,R-DCSS,136,0.9666666388511658,0.03333336114883423,0.0,,1.0
crop50_blur,R-DCSS,137,0.9333333373069763,0.06666666269302368,0.0,,1.0
crop50_blur,R-DCSS,138,1.0,0.0,1.0,,1.0
crop50_blur,R-DCSS,139,0.9666666388511658,0.03333336114883423,0.0,,1.0
crop50_blur,R-DCSS,140,0.8999999761581421,0.10000002384185791,0.0,,1.0
crop50_blur,R-DCSS,141,0.8333333134651184,0.1666666865348816,0.0,,1.0
crop50_blur,R-DCSS,142,0.9666666388511658,0.03333336114883423,0.0,,1.0
crop50_blur,R-DCSS,143,0.8333333134651184,0.1666666865348816,0.0,,0.0
